contig_179	1	2	19.0
contig_179	2	3	19.0
contig_179	3	4	19.0
contig_179	4	5	19.0
contig_179	5	6	19.0
contig_179	6	7	19.0
contig_179	7	8	19.0
contig_179	8	9	19.0
contig_179	9	10	19.0
contig_179	10	11	19.0
contig_179	11	12	19.0
contig_179	12	13	19.0
contig_179	13	14	19.0
contig_179	14	15	20.0
contig_179	15	16	20.0
contig_179	16	17	20.0
contig_179	17	18	20.0
contig_179	18	19	20.0
contig_179	19	20	20.0
contig_179	20	21	11.0
contig_179	21	22	11.0
contig_179	22	23	11.0
contig_179	23	24	11.0
contig_179	24	25	11.0
contig_179	25	26	11.0
contig_179	26	27	11.0
contig_179	27	28	11.0
contig_179	28	29	11.0
contig_179	29	30	11.0
contig_179	30	31	11.0
contig_179	31	32	11.0
contig_179	32	33	11.0
contig_179	33	34	15.0
contig_179	34	35	7.0
contig_179	35	36	7.0
contig_179	36	37	7.0
contig_179	37	38	7.0
contig_179	38	39	7.0
contig_179	39	40	7.0
contig_179	40	41	7.0
contig_179	41	42	7.0
contig_179	42	43	7.0
contig_179	43	44	7.0
contig_179	44	45	7.0
contig_179	45	46	7.0
contig_179	46	47	7.0
contig_179	47	48	7.0
contig_179	48	49	7.0
contig_179	49	50	7.0
contig_179	50	51	7.0
contig_179	51	52	7.0
contig_179	52	53	7.0
contig_179	53	54	7.0
contig_179	54	55	7.0
contig_179	55	56	7.0
contig_179	56	57	7.0
contig_179	57	58	7.0
contig_179	58	59	7.0
contig_179	59	60	7.0
contig_179	60	61	7.0
contig_179	61	62	7.0
contig_179	62	63	7.0
contig_179	63	64	7.0
contig_179	64	65	7.0
contig_179	65	66	7.0
contig_179	66	67	7.0
contig_179	67	68	7.0
contig_179	68	69	7.0
contig_179	69	70	7.0
contig_179	70	71	7.0
contig_179	71	72	7.0
contig_179	72	73	7.0
contig_179	73	74	7.0
contig_179	74	75	7.0
contig_179	75	76	7.0
contig_179	76	77	7.0
contig_179	77	78	7.0
contig_179	78	79	7.0
contig_179	79	80	7.0
contig_179	80	81	7.0
contig_179	81	82	7.0
contig_179	82	83	7.0
contig_179	83	84	7.0
contig_179	84	85	7.0
contig_179	85	86	7.0
contig_179	86	87	7.0
contig_179	87	88	7.0
contig_179	88	89	7.0
contig_179	89	90	7.0
contig_179	90	91	7.0
contig_179	91	92	7.0
contig_179	92	93	7.0
contig_179	93	94	7.0
contig_179	94	95	7.0
contig_179	95	96	7.0
contig_179	96	97	7.0
contig_179	97	98	7.0
contig_179	98	99	7.0
contig_179	99	100	7.0
contig_179	100	101	7.0
contig_179	101	102	7.0
contig_179	102	103	7.0
contig_179	103	104	7.0
contig_179	104	105	7.0
contig_179	105	106	7.0
contig_179	106	107	7.0
contig_179	107	108	7.0
contig_179	108	109	7.0
contig_179	109	110	7.0
contig_179	110	111	7.0
contig_179	111	112	7.0
contig_179	112	113	7.0
contig_179	113	114	7.0
contig_179	114	115	5.0
contig_179	115	116	5.0
contig_179	116	117	5.0
contig_179	117	118	5.0
contig_179	118	119	5.0
contig_179	119	120	5.0
contig_179	120	121	5.0
contig_179	121	122	5.0
contig_179	122	123	5.0
contig_179	123	124	5.0
contig_179	124	125	5.0
contig_179	125	126	5.0
contig_179	126	127	5.0
contig_179	127	128	5.0
contig_179	128	129	5.0
contig_179	129	130	5.0
contig_179	130	131	5.0
contig_179	131	132	5.0
contig_179	132	133	5.0
contig_179	133	134	5.0
contig_179	134	135	5.0
contig_179	135	136	5.0
contig_179	136	137	5.0
contig_179	137	138	5.0
contig_179	138	139	5.0
contig_179	139	140	5.0
contig_179	140	141	5.0
contig_179	141	142	5.0
contig_179	142	143	5.0
contig_179	143	144	12.0
contig_179	144	145	12.0
contig_179	145	146	110.0
contig_179	146	147	110.0
contig_179	147	148	110.0
contig_179	148	149	110.0
contig_179	149	150	110.0
contig_179	150	151	110.0
contig_179	151	152	110.0
contig_179	152	153	110.0
contig_179	153	154	110.0
contig_179	154	155	110.0
contig_179	155	156	110.0
contig_179	156	157	110.0
contig_179	157	158	110.0
contig_179	158	159	110.0
contig_179	159	160	110.0
contig_179	160	161	110.0
contig_179	161	162	110.0
contig_179	162	163	110.0
contig_179	163	164	110.0
contig_179	164	165	11.0
contig_179	165	166	11.0
contig_179	166	167	11.0
contig_179	167	168	11.0
contig_179	168	169	11.0
contig_179	169	170	14.0
contig_179	170	171	14.0
contig_179	171	172	14.0
contig_179	172	173	14.0
contig_179	173	174	14.0
contig_179	174	175	14.0
contig_179	175	176	14.0
contig_179	176	177	14.0
contig_179	177	178	14.0
contig_179	178	179	14.0
contig_179	179	180	14.0
contig_179	180	181	14.0
contig_179	181	182	14.0
contig_179	182	183	14.0
contig_179	183	184	14.0
contig_179	184	185	14.0
contig_179	185	186	14.0
contig_179	186	187	14.0
contig_179	187	188	14.0
contig_179	188	189	14.0
contig_179	189	190	14.0
contig_179	190	191	14.0
contig_179	191	192	14.0
contig_179	192	193	14.0
contig_179	193	194	14.0
contig_179	194	195	14.0
contig_179	195	196	14.0
contig_179	196	197	14.0
contig_179	197	198	14.0
contig_179	198	199	14.0
contig_179	199	200	14.0
contig_179	200	201	14.0
contig_179	201	202	14.0
contig_179	202	203	16.0
contig_179	203	204	16.0
contig_179	204	205	16.0
contig_179	205	206	16.0
contig_179	206	207	16.0
contig_179	207	208	16.0
contig_179	208	209	16.0
contig_179	209	210	16.0
contig_179	210	211	16.0
contig_179	211	212	16.0
contig_179	212	213	16.0
contig_179	213	214	16.0
contig_179	214	215	16.0
contig_179	215	216	16.0
contig_179	216	217	16.0
contig_179	217	218	16.0
contig_179	218	219	16.0
contig_179	219	220	16.0
contig_179	220	221	16.0
contig_179	221	222	16.0
contig_179	222	223	24.0
contig_179	223	224	25.0
contig_179	224	225	25.0
contig_179	225	226	25.0
contig_179	226	227	25.0
contig_179	227	228	25.0
contig_179	228	229	25.0
contig_179	229	230	25.0
contig_179	230	231	25.0
contig_179	231	232	25.0
contig_179	232	233	25.0
contig_179	233	234	25.0
contig_179	234	235	25.0
contig_179	235	236	25.0
contig_179	236	237	25.0
contig_179	237	238	25.0
contig_179	238	239	25.0
contig_179	239	240	25.0
contig_179	240	241	25.0
contig_179	241	242	25.0
contig_179	242	243	25.0
contig_179	243	244	25.0
contig_179	244	245	25.0
contig_179	245	246	25.0
contig_179	246	247	25.0
contig_179	247	248	25.0
contig_179	248	249	25.0
contig_179	249	250	25.0
contig_179	250	251	25.0
contig_179	251	252	25.0
contig_179	252	253	25.0
contig_179	253	254	25.0
contig_179	254	255	25.0
contig_179	255	256	25.0
contig_179	256	257	25.0
contig_179	257	258	25.0
contig_179	258	259	25.0
contig_179	259	260	26.0
contig_179	260	261	37.0
contig_179	261	262	37.0
contig_179	262	263	37.0
contig_179	263	264	37.0
contig_179	264	265	37.0
contig_179	265	266	37.0
contig_179	266	267	37.0
contig_179	267	268	37.0
contig_179	268	269	30.0
contig_179	269	270	30.0
contig_179	270	271	30.0
contig_179	271	272	30.0
contig_179	272	273	30.0
contig_179	273	274	30.0
contig_179	274	275	30.0
contig_179	275	276	30.0
contig_179	276	277	30.0
contig_179	277	278	30.0
contig_179	278	279	30.0
contig_179	279	280	30.0
contig_179	280	281	30.0
contig_179	281	282	30.0
contig_179	282	283	30.0
contig_179	283	284	30.0
contig_179	284	285	30.0
contig_179	285	286	30.0
contig_179	286	287	30.0
contig_179	287	288	30.0
contig_179	288	289	30.0
contig_179	289	290	30.0
contig_179	290	291	38.0
contig_179	291	292	38.0
contig_179	292	293	38.0
contig_179	293	294	38.0
contig_179	294	295	38.0
contig_179	295	296	38.0
contig_179	296	297	38.0
contig_179	297	298	38.0
contig_179	298	299	34.0
contig_179	299	300	34.0
contig_179	300	301	34.0
contig_179	301	302	34.0
contig_179	302	303	42.0
contig_179	303	304	42.0
contig_179	304	305	42.0
contig_179	305	306	42.0
contig_179	306	307	42.0
contig_179	307	308	42.0
contig_179	308	309	42.0
contig_179	309	310	42.0
contig_179	310	311	42.0
contig_179	311	312	42.0
contig_179	312	313	42.0
contig_179	313	314	42.0
contig_179	314	315	42.0
contig_179	315	316	42.0
contig_179	316	317	42.0
contig_179	317	318	42.0
contig_179	318	319	42.0
contig_179	319	320	39.0
contig_179	320	321	39.0
contig_179	321	322	39.0
contig_179	322	323	39.0
contig_179	323	324	39.0
contig_179	324	325	39.0
contig_179	325	326	39.0
contig_179	326	327	39.0
contig_179	327	328	39.0
contig_179	328	329	39.0
contig_179	329	330	39.0
contig_179	330	331	39.0
contig_179	331	332	39.0
contig_179	332	333	39.0
contig_179	333	334	39.0
contig_179	334	335	39.0
contig_179	335	336	39.0
contig_179	336	337	39.0
contig_179	337	338	39.0
contig_179	338	339	39.0
contig_179	339	340	43.0
contig_179	340	341	43.0
contig_179	341	342	43.0
contig_179	342	343	43.0
contig_179	343	344	43.0
contig_179	344	345	43.0
contig_179	345	346	43.0
contig_179	346	347	43.0
contig_179	347	348	43.0
contig_179	348	349	43.0
contig_179	349	350	43.0
contig_179	350	351	43.0
contig_179	351	352	43.0
contig_179	352	353	41.0
contig_179	353	354	41.0
contig_179	354	355	41.0
contig_179	355	356	41.0
contig_179	356	357	41.0
contig_179	357	358	41.0
contig_179	358	359	41.0
contig_179	359	360	41.0
contig_179	360	361	41.0
contig_179	361	362	41.0
contig_179	362	363	41.0
contig_179	363	364	41.0
contig_179	364	365	41.0
contig_179	365	366	41.0
contig_179	366	367	41.0
contig_179	367	368	41.0
contig_179	368	369	57.0
contig_179	369	370	57.0
contig_179	370	371	57.0
contig_179	371	372	57.0
contig_179	372	373	49.0
contig_179	373	374	48.0
contig_179	374	375	48.0
contig_179	375	376	48.0
contig_179	376	377	48.0
contig_179	377	378	48.0
contig_179	378	379	48.0
contig_179	379	380	48.0
contig_179	380	381	48.0
contig_179	381	382	48.0
contig_179	382	383	48.0
contig_179	383	384	48.0
contig_179	384	385	48.0
contig_179	385	386	48.0
contig_179	386	387	48.0
contig_179	387	388	48.0
contig_179	388	389	48.0
contig_179	389	390	48.0
contig_179	390	391	48.0
contig_179	391	392	48.0
contig_179	392	393	48.0
contig_179	393	394	48.0
contig_179	394	395	48.0
contig_179	395	396	48.0
contig_179	396	397	48.0
contig_179	397	398	48.0
contig_179	398	399	48.0
contig_179	399	400	48.0
contig_179	400	401	48.0
contig_179	401	402	48.0
contig_179	402	403	48.0
contig_179	403	404	48.0
contig_179	404	405	48.0
contig_179	405	406	48.0
contig_179	406	407	48.0
contig_179	407	408	48.0
contig_179	408	409	48.0
contig_179	409	410	47.0
contig_179	410	411	47.0
contig_179	411	412	47.0
contig_179	412	413	47.0
contig_179	413	414	47.0
contig_179	414	415	47.0
contig_179	415	416	47.0
contig_179	416	417	47.0
contig_179	417	418	47.0
contig_179	418	419	47.0
contig_179	419	420	47.0
contig_179	420	421	47.0
contig_179	421	422	47.0
contig_179	422	423	47.0
contig_179	423	424	47.0
contig_179	424	425	47.0
contig_179	425	426	50.0
contig_179	426	427	50.0
contig_179	427	428	50.0
contig_179	428	429	50.0
contig_179	429	430	50.0
contig_179	430	431	50.0
contig_179	431	432	50.0
contig_179	432	433	50.0
contig_179	433	434	50.0
contig_179	434	435	50.0
contig_179	435	436	50.0
contig_179	436	437	50.0
contig_179	437	438	50.0
contig_179	438	439	50.0
contig_179	439	440	50.0
contig_179	440	441	42.0
contig_179	441	442	42.0
contig_179	442	443	42.0
contig_179	443	444	42.0
contig_179	444	445	42.0
contig_179	445	446	46.0
contig_179	446	447	46.0
contig_179	447	448	46.0
contig_179	448	449	46.0
contig_179	449	450	46.0
contig_179	450	451	46.0
contig_179	451	452	38.0
contig_179	452	453	38.0
contig_179	453	454	38.0
contig_179	454	455	38.0
contig_179	455	456	42.0
contig_179	456	457	42.0
contig_179	457	458	42.0
contig_179	458	459	42.0
contig_179	459	460	42.0
contig_179	460	461	42.0
contig_179	461	462	42.0
contig_179	462	463	42.0
contig_179	463	464	42.0
contig_179	464	465	42.0
contig_179	465	466	42.0
contig_179	466	467	42.0
contig_179	467	468	42.0
contig_179	468	469	42.0
contig_179	469	470	42.0
contig_179	470	471	42.0
contig_179	471	472	42.0
contig_179	472	473	42.0
contig_179	473	474	42.0
contig_179	474	475	42.0
contig_179	475	476	42.0
contig_179	476	477	42.0
contig_179	477	478	42.0
contig_179	478	479	42.0
contig_179	479	480	42.0
contig_179	480	481	42.0
contig_179	481	482	42.0
contig_179	482	483	42.0
contig_179	483	484	42.0
contig_179	484	485	42.0
contig_179	485	486	42.0
contig_179	486	487	42.0
contig_179	487	488	42.0
contig_179	488	489	42.0
contig_179	489	490	42.0
contig_179	490	491	42.0
contig_179	491	492	42.0
contig_179	492	493	42.0
contig_179	493	494	42.0
contig_179	494	495	42.0
contig_179	495	496	42.0
contig_179	496	497	42.0
contig_179	497	498	42.0
contig_179	498	499	53.0
contig_179	499	500	53.0
contig_179	500	501	53.0
contig_179	501	502	53.0
contig_179	502	503	53.0
contig_179	503	504	50.0
contig_179	504	505	50.0
contig_179	505	506	50.0
contig_179	506	507	50.0
contig_179	507	508	50.0
contig_179	508	509	50.0
contig_179	509	510	50.0
contig_179	510	511	50.0
contig_179	511	512	50.0
contig_179	512	513	50.0
contig_179	513	514	50.0
contig_179	514	515	50.0
contig_179	515	516	50.0
contig_179	516	517	50.0
contig_179	517	518	50.0
contig_179	518	519	34.0
contig_179	519	520	34.0
contig_179	520	521	30.0
contig_179	521	522	30.0
contig_179	522	523	30.0
contig_179	523	524	30.0
contig_179	524	525	35.0
contig_179	525	526	35.0
contig_179	526	527	35.0
contig_179	527	528	35.0
contig_179	528	529	35.0
contig_179	529	530	51.0
contig_179	530	531	51.0
contig_179	531	532	51.0
contig_179	532	533	51.0
contig_179	533	534	51.0
contig_179	534	535	51.0
contig_179	535	536	51.0
contig_179	536	537	51.0
contig_179	537	538	51.0
contig_179	538	539	51.0
contig_179	539	540	51.0
contig_179	540	541	51.0
contig_179	541	542	51.0
contig_179	542	543	51.0
contig_179	543	544	51.0
contig_179	544	545	51.0
contig_179	545	546	51.0
contig_179	546	547	55.0
contig_179	547	548	55.0
contig_179	548	549	55.0
contig_179	549	550	55.0
contig_179	550	551	55.0
contig_179	551	552	55.0
contig_179	552	553	55.0
contig_179	553	554	55.0
contig_179	554	555	55.0
contig_179	555	556	55.0
contig_179	556	557	55.0
contig_179	557	558	55.0
contig_179	558	559	55.0
contig_179	559	560	55.0
contig_179	560	561	55.0
contig_179	561	562	55.0
contig_179	562	563	55.0
contig_179	563	564	55.0
contig_179	564	565	55.0
contig_179	565	566	55.0
contig_179	566	567	55.0
contig_179	567	568	55.0
contig_179	568	569	55.0
contig_179	569	570	55.0
contig_179	570	571	55.0
contig_179	571	572	55.0
contig_179	572	573	55.0
contig_179	573	574	55.0
contig_179	574	575	55.0
contig_179	575	576	52.0
contig_179	576	577	52.0
contig_179	577	578	52.0
contig_179	578	579	52.0
contig_179	579	580	52.0
contig_179	580	581	52.0
contig_179	581	582	52.0
contig_179	582	583	52.0
contig_179	583	584	52.0
contig_179	584	585	52.0
contig_179	585	586	52.0
contig_179	586	587	52.0
contig_179	587	588	52.0
contig_179	588	589	52.0
contig_179	589	590	52.0
contig_179	590	591	52.0
contig_179	591	592	52.0
contig_179	592	593	52.0
contig_179	593	594	52.0
contig_179	594	595	52.0
contig_179	595	596	48.0
contig_179	596	597	48.0
contig_179	597	598	48.0
contig_179	598	599	48.0
contig_179	599	600	48.0
contig_179	600	601	48.0
contig_179	601	602	48.0
contig_179	602	603	48.0
contig_179	603	604	48.0
contig_179	604	605	48.0
contig_179	605	606	44.0
contig_179	606	607	44.0
contig_179	607	608	44.0
contig_179	608	609	44.0
contig_179	609	610	44.0
contig_179	610	611	44.0
contig_179	611	612	44.0
contig_179	612	613	44.0
contig_179	613	614	44.0
contig_179	614	615	44.0
contig_179	615	616	44.0
contig_179	616	617	44.0
contig_179	617	618	44.0
contig_179	618	619	44.0
contig_179	619	620	44.0
contig_179	620	621	44.0
contig_179	621	622	51.0
contig_179	622	623	51.0
contig_179	623	624	51.0
contig_179	624	625	51.0
contig_179	625	626	51.0
contig_179	626	627	51.0
contig_179	627	628	51.0
contig_179	628	629	51.0
contig_179	629	630	51.0
contig_179	630	631	51.0
contig_179	631	632	51.0
contig_179	632	633	51.0
contig_179	633	634	51.0
contig_179	634	635	51.0
contig_179	635	636	51.0
contig_179	636	637	51.0
contig_179	637	638	51.0
contig_179	638	639	51.0
contig_179	639	640	53.0
contig_179	640	641	53.0
contig_179	641	642	53.0
contig_179	642	643	53.0
contig_179	643	644	53.0
contig_179	644	645	53.0
contig_179	645	646	49.0
contig_179	646	647	49.0
contig_179	647	648	55.0
contig_179	648	649	55.0
contig_179	649	650	55.0
contig_179	650	651	55.0
contig_179	651	652	55.0
contig_179	652	653	55.0
contig_179	653	654	47.0
contig_179	654	655	47.0
contig_179	655	656	47.0
contig_179	656	657	47.0
contig_179	657	658	47.0
contig_179	658	659	47.0
contig_179	659	660	47.0
contig_179	660	661	47.0
contig_179	661	662	47.0
contig_179	662	663	47.0
contig_179	663	664	47.0
contig_179	664	665	47.0
contig_179	665	666	47.0
contig_179	666	667	47.0
contig_179	667	668	47.0
contig_179	668	669	47.0
contig_179	669	670	47.0
contig_179	670	671	47.0
contig_179	671	672	47.0
contig_179	672	673	47.0
contig_179	673	674	47.0
contig_179	674	675	42.0
contig_179	675	676	42.0
contig_179	676	677	45.0
contig_179	677	678	45.0
contig_179	678	679	45.0
contig_179	679	680	29.0
contig_179	680	681	29.0
contig_179	681	682	29.0
contig_179	682	683	29.0
contig_179	683	684	29.0
contig_179	684	685	29.0
contig_179	685	686	29.0
contig_179	686	687	29.0
contig_179	687	688	29.0
contig_179	688	689	29.0
contig_179	689	690	29.0
contig_179	690	691	29.0
contig_179	691	692	29.0
contig_179	692	693	29.0
contig_179	693	694	29.0
contig_179	694	695	29.0
contig_179	695	696	29.0
contig_179	696	697	29.0
contig_179	697	698	29.0
contig_179	698	699	29.0
contig_179	699	700	29.0
contig_179	700	701	29.0
contig_179	701	702	29.0
contig_179	702	703	29.0
contig_179	703	704	29.0
contig_179	704	705	29.0
contig_179	705	706	29.0
contig_179	706	707	18.0
contig_179	707	708	18.0
contig_179	708	709	19.0
contig_179	709	710	19.0
contig_179	710	711	19.0
contig_179	711	712	19.0
contig_179	712	713	20.0
contig_179	713	714	20.0
contig_179	714	715	20.0
contig_179	715	716	20.0
contig_179	716	717	20.0
contig_179	717	718	21.0
contig_179	718	719	21.0
contig_179	719	720	21.0
contig_179	720	721	21.0
contig_179	721	722	21.0
contig_179	722	723	21.0
contig_179	723	724	37.0
contig_179	724	725	37.0
contig_179	725	726	37.0
contig_179	726	727	37.0
contig_179	727	728	37.0
contig_179	728	729	37.0
contig_179	729	730	37.0
contig_179	730	731	37.0
contig_179	731	732	37.0
contig_179	732	733	37.0
contig_179	733	734	37.0
contig_179	734	735	37.0
contig_179	735	736	37.0
contig_179	736	737	37.0
contig_179	737	738	37.0
contig_179	738	739	37.0
contig_179	739	740	37.0
contig_179	740	741	37.0
contig_179	741	742	37.0
contig_179	742	743	37.0
contig_179	743	744	37.0
contig_179	744	745	37.0
contig_179	745	746	37.0
contig_179	746	747	37.0
contig_179	747	748	37.0
contig_179	748	749	37.0
contig_179	749	750	37.0
contig_179	750	751	37.0
contig_179	751	752	37.0
contig_179	752	753	37.0
contig_179	753	754	37.0
contig_179	754	755	37.0
contig_179	755	756	37.0
contig_179	756	757	37.0
contig_179	757	758	37.0
contig_179	758	759	37.0
contig_179	759	760	37.0
contig_179	760	761	37.0
contig_179	761	762	37.0
contig_179	762	763	37.0
contig_179	763	764	37.0
contig_179	764	765	37.0
contig_179	765	766	37.0
contig_179	766	767	37.0
contig_179	767	768	37.0
contig_179	768	769	37.0
contig_179	769	770	37.0
contig_179	770	771	37.0
contig_179	771	772	37.0
contig_179	772	773	37.0
contig_179	773	774	37.0
contig_179	774	775	37.0
contig_179	775	776	37.0
contig_179	776	777	37.0
contig_179	777	778	37.0
contig_179	778	779	37.0
contig_179	779	780	37.0
contig_179	780	781	37.0
contig_179	781	782	37.0
contig_179	782	783	37.0
contig_179	783	784	37.0
contig_179	784	785	37.0
contig_179	785	786	50.0
contig_179	786	787	50.0
contig_179	787	788	50.0
contig_179	788	789	50.0
contig_179	789	790	48.0
contig_179	790	791	48.0
contig_179	791	792	48.0
contig_179	792	793	48.0
contig_179	793	794	48.0
contig_179	794	795	48.0
contig_179	795	796	48.0
contig_179	796	797	48.0
contig_179	797	798	48.0
contig_179	798	799	48.0
contig_179	799	800	48.0
contig_179	800	801	48.0
contig_179	801	802	52.0
contig_179	802	803	52.0
contig_179	803	804	52.0
contig_179	804	805	52.0
contig_179	805	806	52.0
contig_179	806	807	56.0
contig_179	807	808	56.0
contig_179	808	809	56.0
contig_179	809	810	56.0
contig_179	810	811	56.0
contig_179	811	812	56.0
contig_179	812	813	50.0
contig_179	813	814	50.0
contig_179	814	815	50.0
contig_179	815	816	50.0
contig_179	816	817	50.0
contig_179	817	818	50.0
contig_179	818	819	50.0
contig_179	819	820	50.0
contig_179	820	821	50.0
contig_179	821	822	50.0
contig_179	822	823	50.0
contig_179	823	824	50.0
contig_179	824	825	50.0
contig_179	825	826	50.0
contig_179	826	827	47.0
contig_179	827	828	47.0
contig_179	828	829	47.0
contig_179	829	830	47.0
contig_179	830	831	47.0
contig_179	831	832	47.0
contig_179	832	833	47.0
contig_179	833	834	47.0
contig_179	834	835	47.0
contig_179	835	836	47.0
contig_179	836	837	47.0
contig_179	837	838	47.0
contig_179	838	839	47.0
contig_179	839	840	47.0
contig_179	840	841	47.0
contig_179	841	842	47.0
contig_179	842	843	47.0
contig_179	843	844	47.0
contig_179	844	845	47.0
contig_179	845	846	47.0
contig_179	846	847	47.0
contig_179	847	848	47.0
contig_179	848	849	47.0
contig_179	849	850	47.0
contig_179	850	851	47.0
contig_179	851	852	47.0
contig_179	852	853	47.0
contig_179	853	854	47.0
contig_179	854	855	47.0
contig_179	855	856	46.0
contig_179	856	857	46.0
contig_179	857	858	46.0
contig_179	858	859	45.0
contig_179	859	860	45.0
contig_179	860	861	45.0
contig_179	861	862	45.0
contig_179	862	863	44.0
contig_179	863	864	44.0
contig_179	864	865	44.0
contig_179	865	866	44.0
contig_179	866	867	44.0
contig_179	867	868	44.0
contig_179	868	869	44.0
contig_179	869	870	44.0
contig_179	870	871	44.0
contig_179	871	872	44.0
contig_179	872	873	44.0
contig_179	873	874	44.0
contig_179	874	875	44.0
contig_179	875	876	44.0
contig_179	876	877	44.0
contig_179	877	878	44.0
contig_179	878	879	44.0
contig_179	879	880	44.0
contig_179	880	881	44.0
contig_179	881	882	44.0
contig_179	882	883	44.0
contig_179	883	884	44.0
contig_179	884	885	44.0
contig_179	885	886	44.0
contig_179	886	887	44.0
contig_179	887	888	44.0
contig_179	888	889	44.0
contig_179	889	890	44.0
contig_179	890	891	44.0
contig_179	891	892	44.0
contig_179	892	893	44.0
contig_179	893	894	44.0
contig_179	894	895	44.0
contig_179	895	896	44.0
contig_179	896	897	44.0
contig_179	897	898	44.0
contig_179	898	899	44.0
contig_179	899	900	44.0
contig_179	900	901	44.0
contig_179	901	902	44.0
contig_179	902	903	44.0
contig_179	903	904	44.0
contig_179	904	905	52.0
contig_179	905	906	52.0
contig_179	906	907	52.0
contig_179	907	908	52.0
contig_179	908	909	52.0
contig_179	909	910	52.0
contig_179	910	911	52.0
contig_179	911	912	52.0
contig_179	912	913	52.0
contig_179	913	914	52.0
contig_179	914	915	52.0
contig_179	915	916	52.0
contig_179	916	917	52.0
contig_179	917	918	52.0
contig_179	918	919	52.0
contig_179	919	920	55.0
contig_179	920	921	55.0
contig_179	921	922	42.0
contig_179	922	923	42.0
contig_179	923	924	42.0
contig_179	924	925	42.0
contig_179	925	926	42.0
contig_179	926	927	42.0
contig_179	927	928	42.0
contig_179	928	929	42.0
contig_179	929	930	42.0
contig_179	930	931	42.0
contig_179	931	932	42.0
contig_179	932	933	42.0
contig_179	933	934	42.0
contig_179	934	935	42.0
contig_179	935	936	42.0
contig_179	936	937	42.0
contig_179	937	938	42.0
contig_179	938	939	42.0
contig_179	939	940	42.0
contig_179	940	941	42.0
contig_179	941	942	42.0
contig_179	942	943	42.0
contig_179	943	944	42.0
contig_179	944	945	42.0
contig_179	945	946	42.0
contig_179	946	947	42.0
contig_179	947	948	42.0
contig_179	948	949	42.0
contig_179	949	950	42.0
contig_179	950	951	42.0
contig_179	951	952	38.0
contig_179	952	953	38.0
contig_179	953	954	38.0
contig_179	954	955	38.0
contig_179	955	956	38.0
contig_179	956	957	34.0
contig_179	957	958	34.0
contig_179	958	959	34.0
contig_179	959	960	34.0
contig_179	960	961	34.0
contig_179	961	962	34.0
contig_179	962	963	34.0
contig_179	963	964	34.0
contig_179	964	965	34.0
contig_179	965	966	34.0
contig_179	966	967	34.0
contig_179	967	968	34.0
contig_179	968	969	34.0
contig_179	969	970	34.0
contig_179	970	971	42.0
contig_179	971	972	42.0
contig_179	972	973	42.0
contig_179	973	974	42.0
contig_179	974	975	42.0
contig_179	975	976	42.0
contig_179	976	977	42.0
contig_179	977	978	42.0
contig_179	978	979	42.0
contig_179	979	980	46.0
contig_179	980	981	46.0
contig_179	981	982	46.0
contig_179	982	983	46.0
contig_179	983	984	46.0
contig_179	984	985	49.0
contig_179	985	986	49.0
contig_179	986	987	49.0
contig_179	987	988	49.0
contig_179	988	989	49.0
contig_179	989	990	49.0
contig_179	990	991	49.0
contig_179	991	992	49.0
contig_179	992	993	49.0
contig_179	993	994	49.0
contig_179	994	995	49.0
contig_179	995	996	33.0
contig_179	996	997	33.0
contig_179	997	998	33.0
contig_179	998	999	33.0
contig_179	999	1000	33.0
contig_179	1000	1001	33.0
contig_179	1001	1002	33.0
contig_179	1002	1003	33.0
contig_179	1003	1004	33.0
contig_179	1004	1005	33.0
contig_179	1005	1006	33.0
contig_179	1006	1007	33.0
contig_179	1007	1008	33.0
contig_179	1008	1009	33.0
contig_179	1009	1010	33.0
contig_179	1010	1011	33.0
contig_179	1011	1012	33.0
contig_179	1012	1013	33.0
contig_179	1013	1014	33.0
contig_179	1014	1015	33.0
contig_179	1015	1016	33.0
contig_179	1016	1017	39.0
contig_179	1017	1018	39.0
contig_179	1018	1019	39.0
contig_179	1019	1020	39.0
contig_179	1020	1021	39.0
contig_179	1021	1022	39.0
contig_179	1022	1023	39.0
contig_179	1023	1024	39.0
contig_179	1024	1025	39.0
contig_179	1025	1026	39.0
contig_179	1026	1027	39.0
contig_179	1027	1028	39.0
contig_179	1028	1029	39.0
contig_179	1029	1030	39.0
contig_179	1030	1031	39.0
contig_179	1031	1032	39.0
contig_179	1032	1033	39.0
contig_179	1033	1034	39.0
contig_179	1034	1035	39.0
contig_179	1035	1036	39.0
contig_179	1036	1037	39.0
contig_179	1037	1038	39.0
contig_179	1038	1039	39.0
contig_179	1039	1040	39.0
contig_179	1040	1041	39.0
contig_179	1041	1042	39.0
contig_179	1042	1043	39.0
contig_179	1043	1044	39.0
contig_179	1044	1045	39.0
contig_179	1045	1046	39.0
contig_179	1046	1047	39.0
contig_179	1047	1048	39.0
contig_179	1048	1049	39.0
contig_179	1049	1050	39.0
contig_179	1050	1051	39.0
contig_179	1051	1052	39.0
contig_179	1052	1053	39.0
contig_179	1053	1054	39.0
contig_179	1054	1055	24.0
contig_179	1055	1056	24.0
contig_179	1056	1057	24.0
contig_179	1057	1058	24.0
contig_179	1058	1059	33.0
contig_179	1059	1060	33.0
contig_179	1060	1061	33.0
contig_179	1061	1062	33.0
contig_179	1062	1063	33.0
contig_179	1063	1064	33.0
contig_179	1064	1065	33.0
contig_179	1065	1066	33.0
contig_179	1066	1067	33.0
contig_179	1067	1068	33.0
contig_179	1068	1069	33.0
contig_179	1069	1070	30.0
contig_179	1070	1071	30.0
contig_179	1071	1072	30.0
contig_179	1072	1073	30.0
contig_179	1073	1074	30.0
contig_179	1074	1075	30.0
contig_179	1075	1076	30.0
contig_179	1076	1077	30.0
contig_179	1077	1078	30.0
contig_179	1078	1079	30.0
contig_179	1079	1080	30.0
contig_179	1080	1081	45.0
contig_179	1081	1082	45.0
contig_179	1082	1083	45.0
contig_179	1083	1084	45.0
contig_179	1084	1085	45.0
contig_179	1085	1086	45.0
contig_179	1086	1087	45.0
contig_179	1087	1088	45.0
contig_179	1088	1089	45.0
contig_179	1089	1090	45.0
contig_179	1090	1091	45.0
contig_179	1091	1092	45.0
contig_179	1092	1093	45.0
contig_179	1093	1094	45.0
contig_179	1094	1095	45.0
contig_179	1095	1096	45.0
contig_179	1096	1097	45.0
contig_179	1097	1098	45.0
contig_179	1098	1099	45.0
contig_179	1099	1100	45.0
contig_179	1100	1101	45.0
contig_179	1101	1102	45.0
contig_179	1102	1103	45.0
contig_179	1103	1104	45.0
contig_179	1104	1105	45.0
contig_179	1105	1106	45.0
contig_179	1106	1107	50.0
contig_179	1107	1108	50.0
contig_179	1108	1109	50.0
contig_179	1109	1110	50.0
contig_179	1110	1111	50.0
contig_179	1111	1112	50.0
contig_179	1112	1113	50.0
contig_179	1113	1114	50.0
contig_179	1114	1115	50.0
contig_179	1115	1116	50.0
contig_179	1116	1117	50.0
contig_179	1117	1118	50.0
contig_179	1118	1119	50.0
contig_179	1119	1120	50.0
contig_179	1120	1121	50.0
contig_179	1121	1122	50.0
contig_179	1122	1123	50.0
contig_179	1123	1124	50.0
contig_179	1124	1125	50.0
contig_179	1125	1126	50.0
contig_179	1126	1127	50.0
contig_179	1127	1128	50.0
contig_179	1128	1129	50.0
contig_179	1129	1130	45.0
contig_179	1130	1131	45.0
contig_179	1131	1132	45.0
contig_179	1132	1133	45.0
contig_179	1133	1134	45.0
contig_179	1134	1135	43.0
contig_179	1135	1136	43.0
contig_179	1136	1137	43.0
contig_179	1137	1138	43.0
contig_179	1138	1139	43.0
contig_179	1139	1140	43.0
contig_179	1140	1141	43.0
contig_179	1141	1142	43.0
contig_179	1142	1143	43.0
contig_179	1143	1144	43.0
contig_179	1144	1145	43.0
contig_179	1145	1146	43.0
contig_179	1146	1147	43.0
contig_179	1147	1148	43.0
contig_179	1148	1149	43.0
contig_179	1149	1150	43.0
contig_179	1150	1151	43.0
contig_179	1151	1152	43.0
contig_179	1152	1153	43.0
contig_179	1153	1154	43.0
contig_179	1154	1155	43.0
contig_179	1155	1156	43.0
contig_179	1156	1157	43.0
contig_179	1157	1158	43.0
contig_179	1158	1159	43.0
contig_179	1159	1160	43.0
contig_179	1160	1161	43.0
contig_179	1161	1162	43.0
contig_179	1162	1163	43.0
contig_179	1163	1164	43.0
contig_179	1164	1165	43.0
contig_179	1165	1166	43.0
contig_179	1166	1167	37.0
contig_179	1167	1168	37.0
contig_179	1168	1169	37.0
contig_179	1169	1170	37.0
contig_179	1170	1171	37.0
contig_179	1171	1172	37.0
contig_179	1172	1173	37.0
contig_179	1173	1174	37.0
contig_179	1174	1175	37.0
contig_179	1175	1176	37.0
contig_179	1176	1177	37.0
contig_179	1177	1178	37.0
contig_179	1178	1179	37.0
contig_179	1179	1180	37.0
contig_179	1180	1181	37.0
contig_179	1181	1182	37.0
contig_179	1182	1183	37.0
contig_179	1183	1184	37.0
contig_179	1184	1185	37.0
contig_179	1185	1186	37.0
contig_179	1186	1187	37.0
contig_179	1187	1188	43.0
contig_179	1188	1189	43.0
contig_179	1189	1190	43.0
contig_179	1190	1191	43.0
contig_179	1191	1192	43.0
contig_179	1192	1193	43.0
contig_179	1193	1194	43.0
contig_179	1194	1195	43.0
contig_179	1195	1196	43.0
contig_179	1196	1197	43.0
contig_179	1197	1198	43.0
contig_179	1198	1199	45.0
contig_179	1199	1200	45.0
contig_179	1200	1201	45.0
contig_179	1201	1202	45.0
contig_179	1202	1203	45.0
contig_179	1203	1204	45.0
contig_179	1204	1205	45.0
contig_179	1205	1206	45.0
contig_179	1206	1207	45.0
contig_179	1207	1208	45.0
contig_179	1208	1209	45.0
contig_179	1209	1210	45.0
contig_179	1210	1211	45.0
contig_179	1211	1212	45.0
contig_179	1212	1213	37.0
contig_179	1213	1214	37.0
contig_179	1214	1215	37.0
contig_179	1215	1216	37.0
contig_179	1216	1217	37.0
contig_179	1217	1218	37.0
contig_179	1218	1219	37.0
contig_179	1219	1220	37.0
contig_179	1220	1221	37.0
contig_179	1221	1222	37.0
contig_179	1222	1223	37.0
contig_179	1223	1224	37.0
contig_179	1224	1225	37.0
contig_179	1225	1226	37.0
contig_179	1226	1227	37.0
contig_179	1227	1228	37.0
contig_179	1228	1229	37.0
contig_179	1229	1230	37.0
contig_179	1230	1231	22.0
contig_179	1231	1232	22.0
contig_179	1232	1233	22.0
contig_179	1233	1234	22.0
contig_179	1234	1235	22.0
contig_179	1235	1236	22.0
contig_179	1236	1237	22.0
contig_179	1237	1238	32.0
contig_179	1238	1239	32.0
contig_179	1239	1240	32.0
contig_179	1240	1241	32.0
contig_179	1241	1242	32.0
contig_179	1242	1243	32.0
contig_179	1243	1244	32.0
contig_179	1244	1245	32.0
contig_179	1245	1246	32.0
contig_179	1246	1247	32.0
contig_179	1247	1248	32.0
contig_179	1248	1249	32.0
contig_179	1249	1250	32.0
contig_179	1250	1251	32.0
contig_179	1251	1252	32.0
contig_179	1252	1253	32.0
contig_179	1253	1254	32.0
contig_179	1254	1255	32.0
contig_179	1255	1256	32.0
contig_179	1256	1257	39.0
contig_179	1257	1258	39.0
contig_179	1258	1259	39.0
contig_179	1259	1260	39.0
contig_179	1260	1261	39.0
contig_179	1261	1262	39.0
contig_179	1262	1263	39.0
contig_179	1263	1264	39.0
contig_179	1264	1265	39.0
contig_179	1265	1266	39.0
contig_179	1266	1267	39.0
contig_179	1267	1268	39.0
contig_179	1268	1269	39.0
contig_179	1269	1270	39.0
contig_179	1270	1271	39.0
contig_179	1271	1272	39.0
contig_179	1272	1273	39.0
contig_179	1273	1274	39.0
contig_179	1274	1275	39.0
contig_179	1275	1276	39.0
contig_179	1276	1277	39.0
contig_179	1277	1278	39.0
contig_179	1278	1279	39.0
contig_179	1279	1280	39.0
contig_179	1280	1281	39.0
contig_179	1281	1282	39.0
contig_179	1282	1283	39.0
contig_179	1283	1284	39.0
contig_179	1284	1285	39.0
contig_179	1285	1286	40.0
contig_179	1286	1287	40.0
contig_179	1287	1288	40.0
contig_179	1288	1289	40.0
contig_179	1289	1290	49.0
contig_179	1290	1291	49.0
contig_179	1291	1292	49.0
contig_179	1292	1293	49.0
contig_179	1293	1294	49.0
contig_179	1294	1295	49.0
contig_179	1295	1296	49.0
contig_179	1296	1297	49.0
contig_179	1297	1298	49.0
contig_179	1298	1299	49.0
contig_179	1299	1300	49.0
contig_179	1300	1301	49.0
contig_179	1301	1302	49.0
contig_179	1302	1303	49.0
contig_179	1303	1304	49.0
contig_179	1304	1305	49.0
contig_179	1305	1306	49.0
contig_179	1306	1307	49.0
contig_179	1307	1308	49.0
contig_179	1308	1309	49.0
contig_179	1309	1310	49.0
contig_179	1310	1311	49.0
contig_179	1311	1312	49.0
contig_179	1312	1313	49.0
contig_179	1313	1314	49.0
contig_179	1314	1315	49.0
contig_179	1315	1316	49.0
contig_179	1316	1317	49.0
contig_179	1317	1318	49.0
contig_179	1318	1319	49.0
contig_179	1319	1320	49.0
contig_179	1320	1321	49.0
contig_179	1321	1322	49.0
contig_179	1322	1323	49.0
contig_179	1323	1324	49.0
contig_179	1324	1325	49.0
contig_179	1325	1326	49.0
contig_179	1326	1327	49.0
contig_179	1327	1328	49.0
contig_179	1328	1329	49.0
contig_179	1329	1330	49.0
contig_179	1330	1331	49.0
contig_179	1331	1332	40.0
contig_179	1332	1333	45.0
contig_179	1333	1334	45.0
contig_179	1334	1335	45.0
contig_179	1335	1336	45.0
contig_179	1336	1337	45.0
contig_179	1337	1338	39.0
contig_179	1338	1339	39.0
contig_179	1339	1340	39.0
contig_179	1340	1341	39.0
contig_179	1341	1342	39.0
contig_179	1342	1343	39.0
contig_179	1343	1344	39.0
contig_179	1344	1345	39.0
contig_179	1345	1346	39.0
contig_179	1346	1347	39.0
contig_179	1347	1348	39.0
contig_179	1348	1349	37.0
contig_179	1349	1350	37.0
contig_179	1350	1351	37.0
contig_179	1351	1352	37.0
contig_179	1352	1353	37.0
contig_179	1353	1354	37.0
contig_179	1354	1355	37.0
contig_179	1355	1356	37.0
contig_179	1356	1357	37.0
contig_179	1357	1358	37.0
contig_179	1358	1359	37.0
contig_179	1359	1360	37.0
contig_179	1360	1361	37.0
contig_179	1361	1362	37.0
contig_179	1362	1363	37.0
contig_179	1363	1364	37.0
contig_179	1364	1365	37.0
contig_179	1365	1366	37.0
contig_179	1366	1367	37.0
contig_179	1367	1368	37.0
contig_179	1368	1369	37.0
contig_179	1369	1370	37.0
contig_179	1370	1371	37.0
contig_179	1371	1372	37.0
contig_179	1372	1373	37.0
contig_179	1373	1374	37.0
contig_179	1374	1375	37.0
contig_179	1375	1376	37.0
contig_179	1376	1377	37.0
contig_179	1377	1378	37.0
contig_179	1378	1379	37.0
contig_179	1379	1380	37.0
contig_179	1380	1381	37.0
contig_179	1381	1382	37.0
contig_179	1382	1383	37.0
contig_179	1383	1384	37.0
contig_179	1384	1385	37.0
contig_179	1385	1386	37.0
contig_179	1386	1387	37.0
contig_179	1387	1388	35.0
contig_179	1388	1389	35.0
contig_179	1389	1390	35.0
contig_179	1390	1391	35.0
contig_179	1391	1392	35.0
contig_179	1392	1393	35.0
contig_179	1393	1394	35.0
contig_179	1394	1395	35.0
contig_179	1395	1396	35.0
contig_179	1396	1397	35.0
contig_179	1397	1398	35.0
contig_179	1398	1399	35.0
contig_179	1399	1400	35.0
contig_179	1400	1401	35.0
contig_179	1401	1402	35.0
contig_179	1402	1403	35.0
contig_179	1403	1404	35.0
contig_179	1404	1405	35.0
contig_179	1405	1406	35.0
contig_179	1406	1407	23.0
contig_179	1407	1408	23.0
contig_179	1408	1409	23.0
contig_179	1409	1410	23.0
contig_179	1410	1411	23.0
contig_179	1411	1412	23.0
contig_179	1412	1413	23.0
contig_179	1413	1414	23.0
contig_179	1414	1415	23.0
contig_179	1415	1416	30.0
contig_179	1416	1417	30.0
contig_179	1417	1418	30.0
contig_179	1418	1419	30.0
contig_179	1419	1420	30.0
contig_179	1420	1421	30.0
contig_179	1421	1422	30.0
contig_179	1422	1423	30.0
contig_179	1423	1424	30.0
contig_179	1424	1425	30.0
contig_179	1425	1426	30.0
contig_179	1426	1427	30.0
contig_179	1427	1428	30.0
contig_179	1428	1429	30.0
contig_179	1429	1430	30.0
contig_179	1430	1431	30.0
contig_179	1431	1432	30.0
contig_179	1432	1433	30.0
contig_179	1433	1434	30.0
contig_179	1434	1435	30.0
contig_179	1435	1436	29.0
contig_179	1436	1437	29.0
contig_179	1437	1438	29.0
contig_179	1438	1439	35.0
contig_179	1439	1440	35.0
contig_179	1440	1441	35.0
contig_179	1441	1442	35.0
contig_179	1442	1443	35.0
contig_179	1443	1444	35.0
contig_179	1444	1445	35.0
contig_179	1445	1446	35.0
contig_179	1446	1447	35.0
contig_179	1447	1448	35.0
contig_179	1448	1449	35.0
contig_179	1449	1450	35.0
contig_179	1450	1451	35.0
contig_179	1451	1452	35.0
contig_179	1452	1453	35.0
contig_179	1453	1454	35.0
contig_179	1454	1455	35.0
contig_179	1455	1456	35.0
contig_179	1456	1457	35.0
contig_179	1457	1458	35.0
contig_179	1458	1459	35.0
contig_179	1459	1460	35.0
contig_179	1460	1461	35.0
contig_179	1461	1462	35.0
contig_179	1462	1463	35.0
contig_179	1463	1464	35.0
contig_179	1464	1465	35.0
contig_179	1465	1466	35.0
contig_179	1466	1467	35.0
contig_179	1467	1468	35.0
contig_179	1468	1469	35.0
contig_179	1469	1470	35.0
contig_179	1470	1471	35.0
contig_179	1471	1472	35.0
contig_179	1472	1473	35.0
contig_179	1473	1474	35.0
contig_179	1474	1475	35.0
contig_179	1475	1476	35.0
contig_179	1476	1477	35.0
contig_179	1477	1478	35.0
contig_179	1478	1479	35.0
contig_179	1479	1480	35.0
contig_179	1480	1481	35.0
contig_179	1481	1482	35.0
contig_179	1482	1483	30.0
contig_179	1483	1484	30.0
contig_179	1484	1485	30.0
contig_179	1485	1486	30.0
contig_179	1486	1487	30.0
contig_179	1487	1488	30.0
contig_179	1488	1489	30.0
contig_179	1489	1490	30.0
contig_179	1490	1491	30.0
contig_179	1491	1492	30.0
contig_179	1492	1493	30.0
contig_179	1493	1494	30.0
contig_179	1494	1495	30.0
contig_179	1495	1496	30.0
contig_179	1496	1497	30.0
contig_179	1497	1498	30.0
contig_179	1498	1499	42.0
contig_179	1499	1500	42.0
contig_179	1500	1501	42.0
contig_179	1501	1502	42.0
contig_179	1502	1503	42.0
contig_179	1503	1504	46.0
contig_179	1504	1505	46.0
contig_179	1505	1506	46.0
contig_179	1506	1507	46.0
contig_179	1507	1508	46.0
contig_179	1508	1509	46.0
contig_179	1509	1510	46.0
contig_179	1510	1511	46.0
contig_179	1511	1512	46.0
contig_179	1512	1513	46.0
contig_179	1513	1514	46.0
contig_179	1514	1515	46.0
contig_179	1515	1516	46.0
contig_179	1516	1517	46.0
contig_179	1517	1518	46.0
contig_179	1518	1519	46.0
contig_179	1519	1520	46.0
contig_179	1520	1521	46.0
contig_179	1521	1522	46.0
contig_179	1522	1523	46.0
contig_179	1523	1524	46.0
contig_179	1524	1525	46.0
contig_179	1525	1526	46.0
contig_179	1526	1527	46.0
contig_179	1527	1528	46.0
contig_179	1528	1529	46.0
contig_179	1529	1530	46.0
contig_179	1530	1531	46.0
contig_179	1531	1532	46.0
contig_179	1532	1533	46.0
contig_179	1533	1534	46.0
contig_179	1534	1535	38.0
contig_179	1535	1536	38.0
contig_179	1536	1537	38.0
contig_179	1537	1538	38.0
contig_179	1538	1539	38.0
contig_179	1539	1540	38.0
contig_179	1540	1541	39.0
contig_179	1541	1542	39.0
contig_179	1542	1543	39.0
contig_179	1543	1544	39.0
contig_179	1544	1545	39.0
contig_179	1545	1546	39.0
contig_179	1546	1547	39.0
contig_179	1547	1548	39.0
contig_179	1548	1549	39.0
contig_179	1549	1550	39.0
contig_179	1550	1551	39.0
contig_179	1551	1552	39.0
contig_179	1552	1553	39.0
contig_179	1553	1554	39.0
contig_179	1554	1555	39.0
contig_179	1555	1556	39.0
contig_179	1556	1557	39.0
contig_179	1557	1558	39.0
contig_179	1558	1559	39.0
contig_179	1559	1560	39.0
contig_179	1560	1561	33.0
contig_179	1561	1562	33.0
contig_179	1562	1563	33.0
contig_179	1563	1564	33.0
contig_179	1564	1565	33.0
contig_179	1565	1566	33.0
contig_179	1566	1567	33.0
contig_179	1567	1568	33.0
contig_179	1568	1569	33.0
contig_179	1569	1570	33.0
contig_179	1570	1571	33.0
contig_179	1571	1572	33.0
contig_179	1572	1573	33.0
contig_179	1573	1574	33.0
contig_179	1574	1575	33.0
contig_179	1575	1576	33.0
contig_179	1576	1577	35.0
contig_179	1577	1578	35.0
contig_179	1578	1579	35.0
contig_179	1579	1580	35.0
contig_179	1580	1581	35.0
contig_179	1581	1582	35.0
contig_179	1582	1583	35.0
contig_179	1583	1584	35.0
contig_179	1584	1585	35.0
contig_179	1585	1586	35.0
contig_179	1586	1587	26.0
contig_179	1587	1588	26.0
contig_179	1588	1589	26.0
contig_179	1589	1590	26.0
contig_179	1590	1591	26.0
contig_179	1591	1592	26.0
contig_179	1592	1593	26.0
contig_179	1593	1594	26.0
contig_179	1594	1595	26.0
contig_179	1595	1596	26.0
contig_179	1596	1597	26.0
contig_179	1597	1598	26.0
contig_179	1598	1599	26.0
contig_179	1599	1600	26.0
contig_179	1600	1601	26.0
contig_179	1601	1602	26.0
contig_179	1602	1603	26.0
contig_179	1603	1604	26.0
contig_179	1604	1605	26.0
contig_179	1605	1606	42.0
contig_179	1606	1607	42.0
contig_179	1607	1608	42.0
contig_179	1608	1609	42.0
contig_179	1609	1610	42.0
contig_179	1610	1611	42.0
contig_179	1611	1612	42.0
contig_179	1612	1613	42.0
contig_179	1613	1614	42.0
contig_179	1614	1615	42.0
contig_179	1615	1616	42.0
contig_179	1616	1617	42.0
contig_179	1617	1618	42.0
contig_179	1618	1619	42.0
contig_179	1619	1620	42.0
contig_179	1620	1621	42.0
contig_179	1621	1622	42.0
contig_179	1622	1623	42.0
contig_179	1623	1624	42.0
contig_179	1624	1625	42.0
contig_179	1625	1626	42.0
contig_179	1626	1627	42.0
contig_179	1627	1628	42.0
contig_179	1628	1629	42.0
contig_179	1629	1630	42.0
contig_179	1630	1631	42.0
contig_179	1631	1632	42.0
contig_179	1632	1633	42.0
contig_179	1633	1634	42.0
contig_179	1634	1635	42.0
contig_179	1635	1636	42.0
contig_179	1636	1637	42.0
contig_179	1637	1638	42.0
contig_179	1638	1639	42.0
contig_179	1639	1640	52.0
contig_179	1640	1641	52.0
contig_179	1641	1642	52.0
contig_179	1642	1643	52.0
contig_179	1643	1644	52.0
contig_179	1644	1645	52.0
contig_179	1645	1646	52.0
contig_179	1646	1647	52.0
contig_179	1647	1648	52.0
contig_179	1648	1649	40.0
contig_179	1649	1650	40.0
contig_179	1650	1651	40.0
contig_179	1651	1652	40.0
contig_179	1652	1653	40.0
contig_179	1653	1654	40.0
contig_179	1654	1655	40.0
contig_179	1655	1656	40.0
contig_179	1656	1657	40.0
contig_179	1657	1658	40.0
contig_179	1658	1659	40.0
contig_179	1659	1660	40.0
contig_179	1660	1661	40.0
contig_179	1661	1662	40.0
contig_179	1662	1663	40.0
contig_179	1663	1664	40.0
contig_179	1664	1665	40.0
contig_179	1665	1666	40.0
contig_179	1666	1667	40.0
contig_179	1667	1668	40.0
contig_179	1668	1669	40.0
contig_179	1669	1670	40.0
contig_179	1670	1671	40.0
contig_179	1671	1672	40.0
contig_179	1672	1673	40.0
contig_179	1673	1674	40.0
contig_179	1674	1675	40.0
contig_179	1675	1676	40.0
contig_179	1676	1677	40.0
contig_179	1677	1678	40.0
contig_179	1678	1679	40.0
contig_179	1679	1680	40.0
contig_179	1680	1681	40.0
contig_179	1681	1682	40.0
contig_179	1682	1683	40.0
contig_179	1683	1684	40.0
contig_179	1684	1685	40.0
contig_179	1685	1686	40.0
contig_179	1686	1687	40.0
contig_179	1687	1688	40.0
contig_179	1688	1689	40.0
contig_179	1689	1690	40.0
contig_179	1690	1691	40.0
contig_179	1691	1692	40.0
contig_179	1692	1693	40.0
contig_179	1693	1694	40.0
contig_179	1694	1695	40.0
contig_179	1695	1696	33.0
contig_179	1696	1697	33.0
contig_179	1697	1698	33.0
contig_179	1698	1699	33.0
contig_179	1699	1700	33.0
contig_179	1700	1701	33.0
contig_179	1701	1702	33.0
contig_179	1702	1703	54.0
contig_179	1703	1704	54.0
contig_179	1704	1705	54.0
contig_179	1705	1706	54.0
contig_179	1706	1707	54.0
contig_179	1707	1708	54.0
contig_179	1708	1709	54.0
contig_179	1709	1710	54.0
contig_179	1710	1711	54.0
contig_179	1711	1712	54.0
contig_179	1712	1713	54.0
contig_179	1713	1714	54.0
contig_179	1714	1715	54.0
contig_179	1715	1716	54.0
contig_179	1716	1717	54.0
contig_179	1717	1718	54.0
contig_179	1718	1719	54.0
contig_179	1719	1720	56.0
contig_179	1720	1721	56.0
contig_179	1721	1722	56.0
contig_179	1722	1723	56.0
contig_179	1723	1724	56.0
contig_179	1724	1725	55.0
contig_179	1725	1726	55.0
contig_179	1726	1727	50.0
contig_179	1727	1728	50.0
contig_179	1728	1729	50.0
contig_179	1729	1730	49.0
contig_179	1730	1731	49.0
contig_179	1731	1732	49.0
contig_179	1732	1733	49.0
contig_179	1733	1734	49.0
contig_179	1734	1735	49.0
contig_179	1735	1736	49.0
contig_179	1736	1737	49.0
contig_179	1737	1738	49.0
contig_179	1738	1739	49.0
contig_179	1739	1740	49.0
contig_179	1740	1741	49.0
contig_179	1741	1742	49.0
contig_179	1742	1743	49.0
contig_179	1743	1744	49.0
contig_179	1744	1745	49.0
contig_179	1745	1746	49.0
contig_179	1746	1747	49.0
contig_179	1747	1748	49.0
contig_179	1748	1749	49.0
contig_179	1749	1750	49.0
contig_179	1750	1751	49.0
contig_179	1751	1752	49.0
contig_179	1752	1753	49.0
contig_179	1753	1754	49.0
contig_179	1754	1755	49.0
contig_179	1755	1756	49.0
contig_179	1756	1757	49.0
contig_179	1757	1758	49.0
contig_179	1758	1759	49.0
contig_179	1759	1760	49.0
contig_179	1760	1761	49.0
contig_179	1761	1762	49.0
contig_179	1762	1763	49.0
contig_179	1763	1764	49.0
contig_179	1764	1765	49.0
contig_179	1765	1766	49.0
contig_179	1766	1767	49.0
contig_179	1767	1768	49.0
contig_179	1768	1769	49.0
contig_179	1769	1770	49.0
contig_179	1770	1771	49.0
contig_179	1771	1772	49.0
contig_179	1772	1773	49.0
contig_179	1773	1774	49.0
contig_179	1774	1775	49.0
contig_179	1775	1776	49.0
contig_179	1776	1777	49.0
contig_179	1777	1778	49.0
contig_179	1778	1779	49.0
contig_179	1779	1780	49.0
contig_179	1780	1781	49.0
contig_179	1781	1782	49.0
contig_179	1782	1783	49.0
contig_179	1783	1784	49.0
contig_179	1784	1785	49.0
contig_179	1785	1786	49.0
contig_179	1786	1787	49.0
contig_179	1787	1788	49.0
contig_179	1788	1789	39.0
contig_179	1789	1790	39.0
contig_179	1790	1791	39.0
contig_179	1791	1792	39.0
contig_179	1792	1793	39.0
contig_179	1793	1794	46.0
contig_179	1794	1795	46.0
contig_179	1795	1796	46.0
contig_179	1796	1797	46.0
contig_179	1797	1798	46.0
contig_179	1798	1799	46.0
contig_179	1799	1800	46.0
contig_179	1800	1801	46.0
contig_179	1801	1802	46.0
contig_179	1802	1803	46.0
contig_179	1803	1804	46.0
contig_179	1804	1805	46.0
contig_179	1805	1806	46.0
contig_179	1806	1807	46.0
contig_179	1807	1808	46.0
contig_179	1808	1809	46.0
contig_179	1809	1810	46.0
contig_179	1810	1811	46.0
contig_179	1811	1812	46.0
contig_179	1812	1813	40.0
contig_179	1813	1814	40.0
contig_179	1814	1815	40.0
contig_179	1815	1816	40.0
contig_179	1816	1817	46.0
contig_179	1817	1818	46.0
contig_179	1818	1819	46.0
contig_179	1819	1820	46.0
contig_179	1820	1821	46.0
contig_179	1821	1822	46.0
contig_179	1822	1823	46.0
contig_179	1823	1824	46.0
contig_179	1824	1825	46.0
contig_179	1825	1826	46.0
contig_179	1826	1827	46.0
contig_179	1827	1828	46.0
contig_179	1828	1829	46.0
contig_179	1829	1830	46.0
contig_179	1830	1831	46.0
contig_179	1831	1832	46.0
contig_179	1832	1833	46.0
contig_179	1833	1834	46.0
contig_179	1834	1835	46.0
contig_179	1835	1836	46.0
contig_179	1836	1837	46.0
contig_179	1837	1838	46.0
contig_179	1838	1839	29.0
contig_179	1839	1840	29.0
contig_179	1840	1841	29.0
contig_179	1841	1842	29.0
contig_179	1842	1843	29.0
contig_179	1843	1844	29.0
contig_179	1844	1845	44.0
contig_179	1845	1846	44.0
contig_179	1846	1847	44.0
contig_179	1847	1848	44.0
contig_179	1848	1849	44.0
contig_179	1849	1850	44.0
contig_179	1850	1851	44.0
contig_179	1851	1852	44.0
contig_179	1852	1853	44.0
contig_179	1853	1854	44.0
contig_179	1854	1855	44.0
contig_179	1855	1856	44.0
contig_179	1856	1857	44.0
contig_179	1857	1858	44.0
contig_179	1858	1859	52.0
contig_179	1859	1860	59.0
contig_179	1860	1861	59.0
contig_179	1861	1862	59.0
contig_179	1862	1863	59.0
contig_179	1863	1864	59.0
contig_179	1864	1865	59.0
contig_179	1865	1866	59.0
contig_179	1866	1867	59.0
contig_179	1867	1868	59.0
contig_179	1868	1869	59.0
contig_179	1869	1870	43.0
contig_179	1870	1871	43.0
contig_179	1871	1872	43.0
contig_179	1872	1873	43.0
contig_179	1873	1874	58.0
contig_179	1874	1875	58.0
contig_179	1875	1876	58.0
contig_179	1876	1877	58.0
contig_179	1877	1878	58.0
contig_179	1878	1879	58.0
contig_179	1879	1880	58.0
contig_179	1880	1881	58.0
contig_179	1881	1882	58.0
contig_179	1882	1883	58.0
contig_179	1883	1884	58.0
contig_179	1884	1885	58.0
contig_179	1885	1886	58.0
contig_179	1886	1887	58.0
contig_179	1887	1888	58.0
contig_179	1888	1889	58.0
contig_179	1889	1890	58.0
contig_179	1890	1891	58.0
contig_179	1891	1892	58.0
contig_179	1892	1893	58.0
contig_179	1893	1894	58.0
contig_179	1894	1895	58.0
contig_179	1895	1896	58.0
contig_179	1896	1897	58.0
contig_179	1897	1898	58.0
contig_179	1898	1899	58.0
contig_179	1899	1900	58.0
contig_179	1900	1901	58.0
contig_179	1901	1902	58.0
contig_179	1902	1903	54.0
contig_179	1903	1904	54.0
contig_179	1904	1905	54.0
contig_179	1905	1906	54.0
contig_179	1906	1907	54.0
contig_179	1907	1908	66.0
contig_179	1908	1909	66.0
contig_179	1909	1910	66.0
contig_179	1910	1911	66.0
contig_179	1911	1912	66.0
contig_179	1912	1913	66.0
contig_179	1913	1914	66.0
contig_179	1914	1915	66.0
contig_179	1915	1916	66.0
contig_179	1916	1917	66.0
contig_179	1917	1918	66.0
contig_179	1918	1919	66.0
contig_179	1919	1920	66.0
contig_179	1920	1921	66.0
contig_179	1921	1922	66.0
contig_179	1922	1923	66.0
contig_179	1923	1924	66.0
contig_179	1924	1925	66.0
contig_179	1925	1926	66.0
contig_179	1926	1927	66.0
contig_179	1927	1928	66.0
contig_179	1928	1929	66.0
contig_179	1929	1930	66.0
contig_179	1930	1931	66.0
contig_179	1931	1932	66.0
contig_179	1932	1933	66.0
contig_179	1933	1934	66.0
contig_179	1934	1935	66.0
contig_179	1935	1936	66.0
contig_179	1936	1937	66.0
contig_179	1937	1938	66.0
contig_179	1938	1939	66.0
contig_179	1939	1940	66.0
contig_179	1940	1941	66.0
contig_179	1941	1942	66.0
contig_179	1942	1943	66.0
contig_179	1943	1944	66.0
contig_179	1944	1945	66.0
contig_179	1945	1946	78.0
contig_179	1946	1947	78.0
contig_179	1947	1948	78.0
contig_179	1948	1949	78.0
contig_179	1949	1950	78.0
contig_179	1950	1951	78.0
contig_179	1951	1952	78.0
contig_179	1952	1953	78.0
contig_179	1953	1954	78.0
contig_179	1954	1955	78.0
contig_179	1955	1956	78.0
contig_179	1956	1957	78.0
contig_179	1957	1958	78.0
contig_179	1958	1959	78.0
contig_179	1959	1960	78.0
contig_179	1960	1961	78.0
contig_179	1961	1962	78.0
contig_179	1962	1963	78.0
contig_179	1963	1964	78.0
contig_179	1964	1965	78.0
contig_179	1965	1966	78.0
contig_179	1966	1967	78.0
contig_179	1967	1968	78.0
contig_179	1968	1969	78.0
contig_179	1969	1970	78.0
contig_179	1970	1971	78.0
contig_179	1971	1972	78.0
contig_179	1972	1973	78.0
contig_179	1973	1974	78.0
contig_179	1974	1975	78.0
contig_179	1975	1976	78.0
contig_179	1976	1977	78.0
contig_179	1977	1978	78.0
contig_179	1978	1979	78.0
contig_179	1979	1980	78.0
contig_179	1980	1981	78.0
contig_179	1981	1982	78.0
contig_179	1982	1983	78.0
contig_179	1983	1984	78.0
contig_179	1984	1985	78.0
contig_179	1985	1986	78.0
contig_179	1986	1987	78.0
contig_179	1987	1988	78.0
contig_179	1988	1989	78.0
contig_179	1989	1990	78.0
contig_179	1990	1991	78.0
contig_179	1991	1992	78.0
contig_179	1992	1993	78.0
contig_179	1993	1994	78.0
contig_179	1994	1995	80.0
contig_179	1995	1996	80.0
contig_179	1996	1997	80.0
contig_179	1997	1998	80.0
contig_179	1998	1999	80.0
contig_179	1999	2000	80.0
contig_179	2000	2001	78.0
contig_179	2001	2002	78.0
contig_179	2002	2003	78.0
contig_179	2003	2004	78.0
contig_179	2004	2005	78.0
contig_179	2005	2006	78.0
contig_179	2006	2007	78.0
contig_179	2007	2008	78.0
contig_179	2008	2009	70.0
contig_179	2009	2010	70.0
contig_179	2010	2011	70.0
contig_179	2011	2012	70.0
contig_179	2012	2013	70.0
contig_179	2013	2014	70.0
contig_179	2014	2015	70.0
contig_179	2015	2016	70.0
contig_179	2016	2017	70.0
contig_179	2017	2018	70.0
contig_179	2018	2019	70.0
contig_179	2019	2020	70.0
contig_179	2020	2021	70.0
contig_179	2021	2022	70.0
contig_179	2022	2023	70.0
contig_179	2023	2024	55.0
contig_179	2024	2025	70.0
contig_179	2025	2026	70.0
contig_179	2026	2027	70.0
contig_179	2027	2028	70.0
contig_179	2028	2029	70.0
contig_179	2029	2030	70.0
contig_179	2030	2031	70.0
contig_179	2031	2032	70.0
contig_179	2032	2033	70.0
contig_179	2033	2034	70.0
contig_179	2034	2035	70.0
contig_179	2035	2036	70.0
contig_179	2036	2037	70.0
contig_179	2037	2038	70.0
contig_179	2038	2039	70.0
contig_179	2039	2040	70.0
contig_179	2040	2041	70.0
contig_179	2041	2042	70.0
contig_179	2042	2043	70.0
contig_179	2043	2044	70.0
contig_179	2044	2045	70.0
contig_179	2045	2046	70.0
contig_179	2046	2047	70.0
contig_179	2047	2048	78.0
contig_179	2048	2049	78.0
contig_179	2049	2050	78.0
contig_179	2050	2051	78.0
contig_179	2051	2052	78.0
contig_179	2052	2053	78.0
contig_179	2053	2054	78.0
contig_179	2054	2055	78.0
contig_179	2055	2056	78.0
contig_179	2056	2057	63.0
contig_179	2057	2058	51.0
contig_179	2058	2059	51.0
contig_179	2059	2060	51.0
contig_179	2060	2061	51.0
contig_179	2061	2062	51.0
contig_179	2062	2063	51.0
contig_179	2063	2064	51.0
contig_179	2064	2065	51.0
contig_179	2065	2066	51.0
contig_179	2066	2067	51.0
contig_179	2067	2068	51.0
contig_179	2068	2069	57.0
contig_179	2069	2070	57.0
contig_179	2070	2071	57.0
contig_179	2071	2072	57.0
contig_179	2072	2073	57.0
contig_179	2073	2074	57.0
contig_179	2074	2075	57.0
contig_179	2075	2076	57.0
contig_179	2076	2077	57.0
contig_179	2077	2078	57.0
contig_179	2078	2079	57.0
contig_179	2079	2080	57.0
contig_179	2080	2081	57.0
contig_179	2081	2082	57.0
contig_179	2082	2083	57.0
contig_179	2083	2084	57.0
contig_179	2084	2085	57.0
contig_179	2085	2086	72.0
contig_179	2086	2087	72.0
contig_179	2087	2088	72.0
contig_179	2088	2089	72.0
contig_179	2089	2090	72.0
contig_179	2090	2091	72.0
contig_179	2091	2092	72.0
contig_179	2092	2093	65.0
contig_179	2093	2094	65.0
contig_179	2094	2095	65.0
contig_179	2095	2096	65.0
contig_179	2096	2097	65.0
contig_179	2097	2098	65.0
contig_179	2098	2099	65.0
contig_179	2099	2100	65.0
contig_179	2100	2101	65.0
contig_179	2101	2102	65.0
contig_179	2102	2103	65.0
contig_179	2103	2104	65.0
contig_179	2104	2105	58.0
contig_179	2105	2106	58.0
contig_179	2106	2107	58.0
contig_179	2107	2108	58.0
contig_179	2108	2109	58.0
contig_179	2109	2110	58.0
contig_179	2110	2111	58.0
contig_179	2111	2112	58.0
contig_179	2112	2113	58.0
contig_179	2113	2114	46.0
contig_179	2114	2115	46.0
contig_179	2115	2116	46.0
contig_179	2116	2117	46.0
contig_179	2117	2118	46.0
contig_179	2118	2119	46.0
contig_179	2119	2120	46.0
contig_179	2120	2121	46.0
contig_179	2121	2122	46.0
contig_179	2122	2123	46.0
contig_179	2123	2124	46.0
contig_179	2124	2125	46.0
contig_179	2125	2126	46.0
contig_179	2126	2127	46.0
contig_179	2127	2128	46.0
contig_179	2128	2129	46.0
contig_179	2129	2130	46.0
contig_179	2130	2131	48.0
contig_179	2131	2132	48.0
contig_179	2132	2133	48.0
contig_179	2133	2134	48.0
contig_179	2134	2135	48.0
contig_179	2135	2136	48.0
contig_179	2136	2137	48.0
contig_179	2137	2138	48.0
contig_179	2138	2139	48.0
contig_179	2139	2140	48.0
contig_179	2140	2141	48.0
contig_179	2141	2142	48.0
contig_179	2142	2143	48.0
contig_179	2143	2144	48.0
contig_179	2144	2145	46.0
contig_179	2145	2146	46.0
contig_179	2146	2147	46.0
contig_179	2147	2148	46.0
contig_179	2148	2149	46.0
contig_179	2149	2150	46.0
contig_179	2150	2151	46.0
contig_179	2151	2152	46.0
contig_179	2152	2153	46.0
contig_179	2153	2154	46.0
contig_179	2154	2155	46.0
contig_179	2155	2156	46.0
contig_179	2156	2157	46.0
contig_179	2157	2158	46.0
contig_179	2158	2159	46.0
contig_179	2159	2160	46.0
contig_179	2160	2161	46.0
contig_179	2161	2162	46.0
contig_179	2162	2163	46.0
contig_179	2163	2164	46.0
contig_179	2164	2165	46.0
contig_179	2165	2166	46.0
contig_179	2166	2167	46.0
contig_179	2167	2168	46.0
contig_179	2168	2169	46.0
contig_179	2169	2170	46.0
contig_179	2170	2171	46.0
contig_179	2171	2172	46.0
contig_179	2172	2173	46.0
contig_179	2173	2174	46.0
contig_179	2174	2175	31.0
contig_179	2175	2176	31.0
contig_179	2176	2177	31.0
contig_179	2177	2178	31.0
contig_179	2178	2179	31.0
contig_179	2179	2180	31.0
contig_179	2180	2181	31.0
contig_179	2181	2182	31.0
contig_179	2182	2183	31.0
contig_179	2183	2184	31.0
contig_179	2184	2185	31.0
contig_179	2185	2186	31.0
contig_179	2186	2187	31.0
contig_179	2187	2188	31.0
contig_179	2188	2189	31.0
contig_179	2189	2190	31.0
contig_179	2190	2191	38.0
contig_179	2191	2192	38.0
contig_179	2192	2193	38.0
contig_179	2193	2194	38.0
contig_179	2194	2195	38.0
contig_179	2195	2196	38.0
contig_179	2196	2197	38.0
contig_179	2197	2198	30.0
contig_179	2198	2199	30.0
contig_179	2199	2200	30.0
contig_179	2200	2201	30.0
contig_179	2201	2202	30.0
contig_179	2202	2203	30.0
contig_179	2203	2204	30.0
contig_179	2204	2205	30.0
contig_179	2205	2206	30.0
contig_179	2206	2207	30.0
contig_179	2207	2208	30.0
contig_179	2208	2209	30.0
contig_179	2209	2210	30.0
contig_179	2210	2211	30.0
contig_179	2211	2212	30.0
contig_179	2212	2213	30.0
contig_179	2213	2214	30.0
contig_179	2214	2215	30.0
contig_179	2215	2216	30.0
contig_179	2216	2217	30.0
contig_179	2217	2218	30.0
contig_179	2218	2219	30.0
contig_179	2219	2220	31.0
contig_179	2220	2221	31.0
contig_179	2221	2222	25.0
contig_179	2222	2223	25.0
contig_179	2223	2224	25.0
contig_179	2224	2225	25.0
contig_179	2225	2226	25.0
contig_179	2226	2227	25.0
contig_179	2227	2228	25.0
contig_179	2228	2229	25.0
contig_179	2229	2230	25.0
contig_179	2230	2231	25.0
contig_179	2231	2232	25.0
contig_179	2232	2233	25.0
contig_179	2233	2234	25.0
contig_179	2234	2235	25.0
contig_179	2235	2236	25.0
contig_179	2236	2237	25.0
contig_179	2237	2238	25.0
contig_179	2238	2239	25.0
contig_179	2239	2240	25.0
contig_179	2240	2241	25.0
contig_179	2241	2242	25.0
contig_179	2242	2243	25.0
contig_179	2243	2244	25.0
contig_179	2244	2245	25.0
contig_179	2245	2246	25.0
contig_179	2246	2247	23.0
contig_179	2247	2248	23.0
contig_179	2248	2249	23.0
contig_179	2249	2250	23.0
contig_179	2250	2251	25.0
contig_179	2251	2252	25.0
contig_179	2252	2253	25.0
contig_179	2253	2254	25.0
contig_179	2254	2255	25.0
contig_179	2255	2256	25.0
contig_179	2256	2257	25.0
contig_179	2257	2258	25.0
contig_179	2258	2259	25.0
contig_179	2259	2260	25.0
contig_179	2260	2261	25.0
contig_179	2261	2262	25.0
contig_179	2262	2263	25.0
contig_179	2263	2264	25.0
contig_179	2264	2265	25.0
contig_179	2265	2266	25.0
contig_179	2266	2267	25.0
contig_179	2267	2268	25.0
contig_179	2268	2269	25.0
contig_179	2269	2270	25.0
contig_179	2270	2271	25.0
contig_179	2271	2272	25.0
contig_179	2272	2273	25.0
contig_179	2273	2274	25.0
contig_179	2274	2275	25.0
contig_179	2275	2276	25.0
contig_179	2276	2277	10.0
contig_179	2277	2278	10.0
contig_179	2278	2279	10.0
contig_179	2279	2280	10.0
contig_179	2280	2281	10.0
contig_179	2281	2282	10.0
contig_179	2282	2283	10.0
contig_179	2283	2284	10.0
contig_179	2284	2285	10.0
contig_179	2285	2286	10.0
contig_179	2286	2287	10.0
contig_179	2287	2288	10.0
contig_179	2288	2289	10.0
contig_179	2289	2290	10.0
contig_179	2290	2291	10.0
contig_179	2291	2292	10.0
contig_179	2292	2293	10.0
contig_179	2293	2294	10.0
contig_179	2294	2295	10.0
contig_179	2295	2296	10.0
contig_179	2296	2297	22.0
contig_179	2297	2298	22.0
contig_179	2298	2299	22.0
contig_179	2299	2300	22.0
contig_179	2300	2301	22.0
contig_179	2301	2302	22.0
contig_179	2302	2303	22.0
contig_179	2303	2304	22.0
contig_179	2304	2305	22.0
contig_179	2305	2306	22.0
contig_179	2306	2307	22.0
contig_179	2307	2308	22.0
contig_179	2308	2309	22.0
contig_179	2309	2310	22.0
contig_179	2310	2311	22.0
contig_179	2311	2312	22.0
contig_179	2312	2313	22.0
contig_179	2313	2314	22.0
contig_179	2314	2315	22.0
contig_179	2315	2316	22.0
contig_179	2316	2317	22.0
contig_179	2317	2318	22.0
contig_179	2318	2319	22.0
contig_179	2319	2320	22.0
contig_179	2320	2321	22.0
contig_179	2321	2322	22.0
contig_179	2322	2323	22.0
contig_179	2323	2324	22.0
contig_179	2324	2325	22.0
contig_179	2325	2326	22.0
contig_179	2326	2327	22.0
contig_179	2327	2328	22.0
contig_179	2328	2329	22.0
contig_179	2329	2330	22.0
contig_179	2330	2331	22.0
contig_179	2331	2332	22.0
contig_179	2332	2333	22.0
contig_179	2333	2334	22.0
contig_179	2334	2335	22.0
contig_179	2335	2336	22.0
contig_179	2336	2337	22.0
contig_179	2337	2338	22.0
contig_179	2338	2339	22.0
contig_179	2339	2340	22.0
contig_179	2340	2341	15.0
contig_179	2341	2342	15.0
contig_179	2342	2343	15.0
contig_179	2343	2344	15.0
contig_179	2344	2345	15.0
contig_179	2345	2346	15.0
contig_179	2346	2347	15.0
contig_179	2347	2348	15.0
contig_179	2348	2349	15.0
contig_179	2349	2350	15.0
contig_179	2350	2351	15.0
contig_179	2351	2352	15.0
contig_179	2352	2353	15.0
contig_179	2353	2354	15.0
contig_179	2354	2355	15.0
contig_179	2355	2356	15.0
contig_179	2356	2357	15.0
contig_179	2357	2358	15.0
contig_179	2358	2359	15.0
contig_179	2359	2360	15.0
contig_179	2360	2361	15.0
contig_179	2361	2362	15.0
contig_179	2362	2363	15.0
contig_179	2363	2364	15.0
contig_179	2364	2365	15.0
contig_179	2365	2366	15.0
contig_179	2366	2367	15.0
contig_179	2367	2368	15.0
contig_179	2368	2369	15.0
contig_179	2369	2370	15.0
contig_179	2370	2371	15.0
contig_179	2371	2372	15.0
contig_179	2372	2373	15.0
contig_179	2373	2374	14.0
contig_179	2374	2375	14.0
contig_179	2375	2376	14.0
contig_179	2376	2377	14.0
contig_179	2377	2378	14.0
contig_179	2378	2379	14.0
contig_179	2379	2380	14.0
contig_179	2380	2381	14.0
contig_179	2381	2382	14.0
contig_179	2382	2383	14.0
contig_179	2383	2384	14.0
contig_179	2384	2385	14.0
contig_179	2385	2386	14.0
contig_179	2386	2387	14.0
contig_179	2387	2388	14.0
contig_179	2388	2389	14.0
contig_179	2389	2390	14.0
contig_179	2390	2391	14.0
contig_179	2391	2392	14.0
contig_179	2392	2393	14.0
contig_179	2393	2394	14.0
contig_179	2394	2395	14.0
contig_179	2395	2396	14.0
contig_179	2396	2397	14.0
contig_179	2397	2398	14.0
contig_179	2398	2399	14.0
contig_179	2399	2400	14.0
contig_179	2400	2401	12.0
contig_179	2401	2402	12.0
contig_179	2402	2403	12.0
contig_179	2403	2404	12.0
contig_179	2404	2405	12.0
contig_179	2405	2406	12.0
contig_179	2406	2407	12.0
contig_179	2407	2408	12.0
contig_179	2408	2409	12.0
contig_179	2409	2410	12.0
contig_179	2410	2411	12.0
contig_179	2411	2412	12.0
contig_179	2412	2413	12.0
contig_179	2413	2414	12.0
contig_179	2414	2415	12.0
contig_179	2415	2416	12.0
contig_179	2416	2417	12.0
contig_179	2417	2418	12.0
contig_179	2418	2419	12.0
contig_179	2419	2420	12.0
contig_179	2420	2421	12.0
contig_179	2421	2422	12.0
contig_179	2422	2423	12.0
contig_179	2423	2424	12.0
contig_179	2424	2425	12.0
contig_179	2425	2426	12.0
contig_179	2426	2427	12.0
contig_179	2427	2428	12.0
contig_179	2428	2429	12.0
contig_179	2429	2430	12.0
contig_179	2430	2431	12.0
contig_179	2431	2432	12.0
contig_179	2432	2433	12.0
