contig_459	1	2	941.0
contig_459	2	3	947.0
contig_459	3	4	920.0
contig_459	4	5	916.0
contig_459	5	6	924.0
contig_459	6	7	929.0
contig_459	7	8	940.0
contig_459	8	9	921.0
contig_459	9	10	921.0
contig_459	10	11	920.0
contig_459	11	12	909.0
contig_459	12	13	924.0
contig_459	13	14	954.0
contig_459	14	15	966.0
contig_459	15	16	975.0
contig_459	16	17	988.0
contig_459	17	18	988.0
contig_459	18	19	987.0
contig_459	19	20	995.0
contig_459	20	21	1001.0
contig_459	21	22	997.0
contig_459	22	23	1011.0
contig_459	23	24	1022.0
contig_459	24	25	1021.0
contig_459	25	26	1032.0
contig_459	26	27	1027.0
contig_459	27	28	1035.0
contig_459	28	29	1035.0
contig_459	29	30	1035.0
contig_459	30	31	1057.0
contig_459	31	32	1055.0
contig_459	32	33	1031.0
contig_459	33	34	1036.0
contig_459	34	35	1029.0
contig_459	35	36	1033.0
contig_459	36	37	1051.0
contig_459	37	38	1054.0
contig_459	38	39	1057.0
contig_459	39	40	1057.0
contig_459	40	41	1074.0
contig_459	41	42	1087.0
contig_459	42	43	1073.0
contig_459	43	44	1078.0
contig_459	44	45	1083.0
contig_459	45	46	1074.0
contig_459	46	47	1072.0
contig_459	47	48	1092.0
contig_459	48	49	1102.0
contig_459	49	50	1102.0
contig_459	50	51	1103.0
contig_459	51	52	1103.0
contig_459	52	53	1111.0
contig_459	53	54	1119.0
contig_459	54	55	1129.0
contig_459	55	56	1157.0
contig_459	56	57	1168.0
contig_459	57	58	1190.0
contig_459	58	59	1192.0
contig_459	59	60	1191.0
contig_459	60	61	1189.0
contig_459	61	62	1200.0
contig_459	62	63	1209.0
contig_459	63	64	1207.0
contig_459	64	65	1232.0
contig_459	65	66	1233.0
contig_459	66	67	1233.0
contig_459	67	68	1217.0
contig_459	68	69	1211.0
contig_459	69	70	1231.0
contig_459	70	71	1239.0
contig_459	71	72	1224.0
contig_459	72	73	1238.0
contig_459	73	74	1254.0
contig_459	74	75	1259.0
contig_459	75	76	1264.0
contig_459	76	77	1246.0
contig_459	77	78	1238.0
contig_459	78	79	1228.0
contig_459	79	80	1235.0
contig_459	80	81	1211.0
contig_459	81	82	1216.0
contig_459	82	83	1191.0
contig_459	83	84	1187.0
contig_459	84	85	1189.0
contig_459	85	86	1177.0
contig_459	86	87	1200.0
contig_459	87	88	1200.0
contig_459	88	89	1202.0
contig_459	89	90	1198.0
contig_459	90	91	1200.0
contig_459	91	92	1198.0
contig_459	92	93	1212.0
contig_459	93	94	1213.0
contig_459	94	95	1212.0
contig_459	95	96	1211.0
contig_459	96	97	1205.0
contig_459	97	98	1208.0
contig_459	98	99	1204.0
contig_459	99	100	1205.0
contig_459	100	101	1204.0
contig_459	101	102	1212.0
contig_459	102	103	1195.0
contig_459	103	104	1192.0
contig_459	104	105	1163.0
contig_459	105	106	1168.0
contig_459	106	107	1175.0
contig_459	107	108	1171.0
contig_459	108	109	1186.0
contig_459	109	110	1193.0
contig_459	110	111	1196.0
contig_459	111	112	1210.0
contig_459	112	113	1222.0
contig_459	113	114	1226.0
contig_459	114	115	1252.0
contig_459	115	116	1248.0
contig_459	116	117	1257.0
contig_459	117	118	1260.0
contig_459	118	119	1262.0
contig_459	119	120	1278.0
contig_459	120	121	1249.0
contig_459	121	122	1243.0
contig_459	122	123	1226.0
contig_459	123	124	1231.0
contig_459	124	125	1203.0
contig_459	125	126	1203.0
contig_459	126	127	1214.0
contig_459	127	128	1212.0
contig_459	128	129	1212.0
contig_459	129	130	1202.0
contig_459	130	131	1201.0
contig_459	131	132	1201.0
contig_459	132	133	1213.0
contig_459	133	134	1217.0
contig_459	134	135	1194.0
contig_459	135	136	1220.0
contig_459	136	137	1211.0
contig_459	137	138	1211.0
contig_459	138	139	1210.0
contig_459	139	140	1204.0
contig_459	140	141	1191.0
contig_459	141	142	1194.0
contig_459	142	143	1204.0
contig_459	143	144	1195.0
contig_459	144	145	1194.0
contig_459	145	146	1207.0
contig_459	146	147	1206.0
contig_459	147	148	1216.0
contig_459	148	149	1215.0
contig_459	149	150	1205.0
contig_459	150	151	1219.0
contig_459	151	152	1219.0
contig_459	152	153	1212.0
contig_459	153	154	1217.0
contig_459	154	155	1228.0
contig_459	155	156	1232.0
contig_459	156	157	1235.0
contig_459	157	158	1238.0
contig_459	158	159	1238.0
contig_459	159	160	1238.0
contig_459	160	161	1237.0
contig_459	161	162	1234.0
contig_459	162	163	1212.0
contig_459	163	164	1183.0
contig_459	164	165	1206.0
contig_459	165	166	1187.0
contig_459	166	167	1186.0
contig_459	167	168	1195.0
contig_459	168	169	1186.0
contig_459	169	170	1196.0
contig_459	170	171	1194.0
contig_459	171	172	1194.0
contig_459	172	173	1180.0
contig_459	173	174	1174.0
contig_459	174	175	1177.0
contig_459	175	176	1170.0
contig_459	176	177	1184.0
contig_459	177	178	1165.0
contig_459	178	179	1158.0
contig_459	179	180	1196.0
contig_459	180	181	1183.0
contig_459	181	182	1196.0
contig_459	182	183	1196.0
contig_459	183	184	1191.0
contig_459	184	185	1194.0
contig_459	185	186	1190.0
contig_459	186	187	1198.0
contig_459	187	188	1184.0
contig_459	188	189	1197.0
contig_459	189	190	1192.0
contig_459	190	191	1183.0
contig_459	191	192	1175.0
contig_459	192	193	1175.0
contig_459	193	194	1178.0
contig_459	194	195	1178.0
contig_459	195	196	1178.0
contig_459	196	197	1204.0
contig_459	197	198	1197.0
contig_459	198	199	1197.0
contig_459	199	200	1225.0
contig_459	200	201	1224.0
contig_459	201	202	1239.0
contig_459	202	203	1227.0
contig_459	203	204	1227.0
contig_459	204	205	1212.0
contig_459	205	206	1204.0
contig_459	206	207	1196.0
contig_459	207	208	1200.0
contig_459	208	209	1201.0
contig_459	209	210	1210.0
contig_459	210	211	1227.0
contig_459	211	212	1224.0
contig_459	212	213	1243.0
contig_459	213	214	1239.0
contig_459	214	215	1212.0
contig_459	215	216	1226.0
contig_459	216	217	1239.0
contig_459	217	218	1245.0
contig_459	218	219	1245.0
contig_459	219	220	1203.0
contig_459	220	221	1216.0
contig_459	221	222	1223.0
contig_459	222	223	1223.0
contig_459	223	224	1230.0
contig_459	224	225	1243.0
contig_459	225	226	1261.0
contig_459	226	227	1264.0
contig_459	227	228	1264.0
contig_459	228	229	1263.0
contig_459	229	230	1271.0
contig_459	230	231	1283.0
contig_459	231	232	1280.0
contig_459	232	233	1280.0
contig_459	233	234	1278.0
contig_459	234	235	1297.0
contig_459	235	236	1297.0
contig_459	236	237	1293.0
contig_459	237	238	1300.0
contig_459	238	239	1298.0
contig_459	239	240	1290.0
contig_459	240	241	1321.0
contig_459	241	242	1317.0
contig_459	242	243	1308.0
contig_459	243	244	1307.0
contig_459	244	245	1308.0
contig_459	245	246	1327.0
contig_459	246	247	1322.0
contig_459	247	248	1357.0
contig_459	248	249	1377.0
contig_459	249	250	1369.0
contig_459	250	251	1430.0
contig_459	251	252	1432.0
contig_459	252	253	1429.0
contig_459	253	254	1429.0
contig_459	254	255	1435.0
contig_459	255	256	1427.0
contig_459	256	257	1428.0
contig_459	257	258	1462.0
contig_459	258	259	1470.0
contig_459	259	260	1497.0
contig_459	260	261	1484.0
contig_459	261	262	1504.0
contig_459	262	263	1499.0
contig_459	263	264	1491.0
contig_459	264	265	1480.0
contig_459	265	266	1484.0
contig_459	266	267	1469.0
contig_459	267	268	1478.0
contig_459	268	269	1475.0
contig_459	269	270	1479.0
contig_459	270	271	1481.0
contig_459	271	272	1485.0
contig_459	272	273	1518.0
contig_459	273	274	1513.0
contig_459	274	275	1520.0
contig_459	275	276	1509.0
contig_459	276	277	1505.0
contig_459	277	278	1508.0
contig_459	278	279	1500.0
contig_459	279	280	1548.0
contig_459	280	281	1554.0
contig_459	281	282	1541.0
contig_459	282	283	1529.0
contig_459	283	284	1521.0
contig_459	284	285	1528.0
contig_459	285	286	1518.0
contig_459	286	287	1518.0
contig_459	287	288	1538.0
contig_459	288	289	1534.0
contig_459	289	290	1528.0
contig_459	290	291	1532.0
contig_459	291	292	1529.0
contig_459	292	293	1516.0
contig_459	293	294	1506.0
contig_459	294	295	1509.0
contig_459	295	296	1494.0
contig_459	296	297	1520.0
contig_459	297	298	1539.0
contig_459	298	299	1548.0
contig_459	299	300	1529.0
contig_459	300	301	1510.0
contig_459	301	302	1519.0
contig_459	302	303	1519.0
contig_459	303	304	1514.0
contig_459	304	305	1507.0
contig_459	305	306	1504.0
contig_459	306	307	1519.0
contig_459	307	308	1527.0
contig_459	308	309	1572.0
contig_459	309	310	1583.0
contig_459	310	311	1584.0
contig_459	311	312	1583.0
contig_459	312	313	1558.0
contig_459	313	314	1558.0
contig_459	314	315	1538.0
contig_459	315	316	1532.0
contig_459	316	317	1521.0
contig_459	317	318	1514.0
contig_459	318	319	1524.0
contig_459	319	320	1515.0
contig_459	320	321	1515.0
contig_459	321	322	1522.0
contig_459	322	323	1539.0
contig_459	323	324	1550.0
contig_459	324	325	1544.0
contig_459	325	326	1545.0
contig_459	326	327	1531.0
contig_459	327	328	1528.0
contig_459	328	329	1541.0
contig_459	329	330	1515.0
contig_459	330	331	1520.0
contig_459	331	332	1507.0
contig_459	332	333	1543.0
contig_459	333	334	1562.0
contig_459	334	335	1558.0
contig_459	335	336	1569.0
contig_459	336	337	1506.0
contig_459	337	338	1500.0
contig_459	338	339	1487.0
contig_459	339	340	1489.0
contig_459	340	341	1497.0
contig_459	341	342	1493.0
contig_459	342	343	1508.0
contig_459	343	344	1519.0
contig_459	344	345	1510.0
contig_459	345	346	1502.0
contig_459	346	347	1505.0
contig_459	347	348	1519.0
contig_459	348	349	1531.0
contig_459	349	350	1528.0
contig_459	350	351	1528.0
contig_459	351	352	1512.0
contig_459	352	353	1512.0
contig_459	353	354	1523.0
contig_459	354	355	1523.0
contig_459	355	356	1499.0
contig_459	356	357	1493.0
contig_459	357	358	1488.0
contig_459	358	359	1492.0
contig_459	359	360	1501.0
contig_459	360	361	1490.0
contig_459	361	362	1485.0
contig_459	362	363	1483.0
contig_459	363	364	1483.0
contig_459	364	365	1473.0
contig_459	365	366	1465.0
contig_459	366	367	1460.0
contig_459	367	368	1482.0
contig_459	368	369	1489.0
contig_459	369	370	1488.0
contig_459	370	371	1496.0
contig_459	371	372	1485.0
contig_459	372	373	1489.0
contig_459	373	374	1483.0
contig_459	374	375	1472.0
contig_459	375	376	1500.0
contig_459	376	377	1521.0
contig_459	377	378	1514.0
contig_459	378	379	1514.0
contig_459	379	380	1489.0
contig_459	380	381	1514.0
contig_459	381	382	1509.0
contig_459	382	383	1509.0
contig_459	383	384	1505.0
contig_459	384	385	1464.0
contig_459	385	386	1466.0
contig_459	386	387	1478.0
contig_459	387	388	1474.0
contig_459	388	389	1518.0
contig_459	389	390	1522.0
contig_459	390	391	1511.0
contig_459	391	392	1503.0
contig_459	392	393	1522.0
contig_459	393	394	1543.0
contig_459	394	395	1551.0
contig_459	395	396	1541.0
contig_459	396	397	1535.0
contig_459	397	398	1498.0
contig_459	398	399	1493.0
contig_459	399	400	1494.0
contig_459	400	401	1434.0
contig_459	401	402	1455.0
contig_459	402	403	1462.0
contig_459	403	404	1465.0
contig_459	404	405	1460.0
contig_459	405	406	1457.0
contig_459	406	407	1450.0
contig_459	407	408	1441.0
contig_459	408	409	1433.0
contig_459	409	410	1425.0
contig_459	410	411	1434.0
contig_459	411	412	1409.0
contig_459	412	413	1422.0
contig_459	413	414	1371.0
contig_459	414	415	1362.0
contig_459	415	416	1347.0
contig_459	416	417	1358.0
contig_459	417	418	1364.0
contig_459	418	419	1375.0
contig_459	419	420	1387.0
contig_459	420	421	1414.0
contig_459	421	422	1419.0
contig_459	422	423	1387.0
contig_459	423	424	1422.0
contig_459	424	425	1414.0
contig_459	425	426	1411.0
contig_459	426	427	1423.0
contig_459	427	428	1429.0
contig_459	428	429	1424.0
contig_459	429	430	1407.0
contig_459	430	431	1390.0
contig_459	431	432	1391.0
contig_459	432	433	1391.0
contig_459	433	434	1390.0
contig_459	434	435	1381.0
contig_459	435	436	1400.0
contig_459	436	437	1412.0
contig_459	437	438	1398.0
contig_459	438	439	1418.0
contig_459	439	440	1421.0
contig_459	440	441	1422.0
contig_459	441	442	1424.0
contig_459	442	443	1427.0
contig_459	443	444	1430.0
contig_459	444	445	1447.0
contig_459	445	446	1504.0
contig_459	446	447	1499.0
contig_459	447	448	1480.0
contig_459	448	449	1480.0
contig_459	449	450	1480.0
contig_459	450	451	1467.0
contig_459	451	452	1476.0
contig_459	452	453	1475.0
contig_459	453	454	1476.0
contig_459	454	455	1465.0
contig_459	455	456	1470.0
contig_459	456	457	1459.0
contig_459	457	458	1453.0
contig_459	458	459	1431.0
contig_459	459	460	1437.0
contig_459	460	461	1426.0
contig_459	461	462	1435.0
contig_459	462	463	1444.0
contig_459	463	464	1447.0
contig_459	464	465	1457.0
contig_459	465	466	1470.0
contig_459	466	467	1470.0
contig_459	467	468	1493.0
contig_459	468	469	1478.0
contig_459	469	470	1481.0
contig_459	470	471	1481.0
contig_459	471	472	1481.0
contig_459	472	473	1503.0
contig_459	473	474	1492.0
contig_459	474	475	1492.0
contig_459	475	476	1492.0
contig_459	476	477	1499.0
contig_459	477	478	1499.0
contig_459	478	479	1510.0
contig_459	479	480	1522.0
contig_459	480	481	1527.0
contig_459	481	482	1541.0
contig_459	482	483	1515.0
contig_459	483	484	1499.0
contig_459	484	485	1515.0
contig_459	485	486	1508.0
contig_459	486	487	1513.0
contig_459	487	488	1492.0
contig_459	488	489	1516.0
contig_459	489	490	1520.0
contig_459	490	491	1543.0
contig_459	491	492	1550.0
contig_459	492	493	1555.0
contig_459	493	494	1567.0
contig_459	494	495	1570.0
contig_459	495	496	1566.0
contig_459	496	497	1559.0
contig_459	497	498	1541.0
contig_459	498	499	1556.0
contig_459	499	500	1551.0
contig_459	500	501	1561.0
contig_459	501	502	1581.0
contig_459	502	503	1578.0
contig_459	503	504	1576.0
contig_459	504	505	1577.0
contig_459	505	506	1563.0
contig_459	506	507	1581.0
contig_459	507	508	1597.0
contig_459	508	509	1587.0
contig_459	509	510	1585.0
contig_459	510	511	1585.0
contig_459	511	512	1582.0
contig_459	512	513	1582.0
contig_459	513	514	1587.0
contig_459	514	515	1608.0
contig_459	515	516	1614.0
contig_459	516	517	1593.0
contig_459	517	518	1606.0
contig_459	518	519	1609.0
contig_459	519	520	1609.0
contig_459	520	521	1616.0
contig_459	521	522	1628.0
contig_459	522	523	1635.0
contig_459	523	524	1640.0
contig_459	524	525	1640.0
contig_459	525	526	1602.0
contig_459	526	527	1584.0
contig_459	527	528	1584.0
contig_459	528	529	1549.0
contig_459	529	530	1569.0
contig_459	530	531	1565.0
contig_459	531	532	1580.0
contig_459	532	533	1573.0
contig_459	533	534	1571.0
contig_459	534	535	1605.0
contig_459	535	536	1619.0
contig_459	536	537	1605.0
contig_459	537	538	1613.0
contig_459	538	539	1591.0
contig_459	539	540	1587.0
contig_459	540	541	1587.0
contig_459	541	542	1586.0
contig_459	542	543	1562.0
contig_459	543	544	1549.0
contig_459	544	545	1540.0
contig_459	545	546	1538.0
contig_459	546	547	1526.0
contig_459	547	548	1526.0
contig_459	548	549	1546.0
contig_459	549	550	1561.0
contig_459	550	551	1556.0
contig_459	551	552	1557.0
contig_459	552	553	1548.0
contig_459	553	554	1546.0
contig_459	554	555	1547.0
contig_459	555	556	1542.0
contig_459	556	557	1530.0
contig_459	557	558	1525.0
contig_459	558	559	1519.0
contig_459	559	560	1504.0
contig_459	560	561	1496.0
contig_459	561	562	1496.0
contig_459	562	563	1482.0
contig_459	563	564	1488.0
contig_459	564	565	1505.0
contig_459	565	566	1505.0
contig_459	566	567	1514.0
contig_459	567	568	1534.0
contig_459	568	569	1521.0
contig_459	569	570	1544.0
contig_459	570	571	1544.0
contig_459	571	572	1544.0
contig_459	572	573	1560.0
contig_459	573	574	1534.0
contig_459	574	575	1521.0
contig_459	575	576	1510.0
contig_459	576	577	1525.0
contig_459	577	578	1526.0
contig_459	578	579	1536.0
contig_459	579	580	1536.0
contig_459	580	581	1534.0
contig_459	581	582	1534.0
contig_459	582	583	1533.0
contig_459	583	584	1551.0
contig_459	584	585	1546.0
contig_459	585	586	1527.0
contig_459	586	587	1493.0
contig_459	587	588	1499.0
contig_459	588	589	1496.0
contig_459	589	590	1507.0
contig_459	590	591	1501.0
contig_459	591	592	1499.0
contig_459	592	593	1540.0
contig_459	593	594	1528.0
contig_459	594	595	1515.0
contig_459	595	596	1456.0
contig_459	596	597	1462.0
contig_459	597	598	1471.0
contig_459	598	599	1478.0
contig_459	599	600	1476.0
contig_459	600	601	1487.0
contig_459	601	602	1471.0
contig_459	602	603	1482.0
contig_459	603	604	1483.0
contig_459	604	605	1469.0
contig_459	605	606	1457.0
contig_459	606	607	1449.0
contig_459	607	608	1472.0
contig_459	608	609	1472.0
contig_459	609	610	1480.0
contig_459	610	611	1499.0
contig_459	611	612	1492.0
contig_459	612	613	1475.0
contig_459	613	614	1474.0
contig_459	614	615	1448.0
contig_459	615	616	1464.0
contig_459	616	617	1464.0
contig_459	617	618	1439.0
contig_459	618	619	1449.0
contig_459	619	620	1439.0
contig_459	620	621	1439.0
contig_459	621	622	1455.0
contig_459	622	623	1439.0
contig_459	623	624	1456.0
contig_459	624	625	1460.0
contig_459	625	626	1488.0
contig_459	626	627	1506.0
contig_459	627	628	1510.0
contig_459	628	629	1503.0
contig_459	629	630	1502.0
contig_459	630	631	1494.0
contig_459	631	632	1510.0
contig_459	632	633	1497.0
contig_459	633	634	1493.0
contig_459	634	635	1484.0
contig_459	635	636	1480.0
contig_459	636	637	1484.0
contig_459	637	638	1500.0
contig_459	638	639	1480.0
contig_459	639	640	1448.0
contig_459	640	641	1448.0
contig_459	641	642	1438.0
contig_459	642	643	1449.0
contig_459	643	644	1433.0
contig_459	644	645	1410.0
contig_459	645	646	1409.0
contig_459	646	647	1409.0
contig_459	647	648	1424.0
contig_459	648	649	1423.0
contig_459	649	650	1430.0
contig_459	650	651	1436.0
contig_459	651	652	1415.0
contig_459	652	653	1395.0
contig_459	653	654	1394.0
contig_459	654	655	1395.0
contig_459	655	656	1417.0
contig_459	656	657	1386.0
contig_459	657	658	1381.0
contig_459	658	659	1384.0
contig_459	659	660	1366.0
contig_459	660	661	1364.0
contig_459	661	662	1364.0
contig_459	662	663	1364.0
contig_459	663	664	1365.0
contig_459	664	665	1328.0
contig_459	665	666	1330.0
contig_459	666	667	1330.0
contig_459	667	668	1322.0
contig_459	668	669	1328.0
contig_459	669	670	1333.0
contig_459	670	671	1362.0
contig_459	671	672	1356.0
contig_459	672	673	1346.0
contig_459	673	674	1342.0
contig_459	674	675	1347.0
contig_459	675	676	1347.0
contig_459	676	677	1348.0
contig_459	677	678	1348.0
contig_459	678	679	1324.0
contig_459	679	680	1307.0
contig_459	680	681	1306.0
contig_459	681	682	1306.0
contig_459	682	683	1306.0
contig_459	683	684	1315.0
contig_459	684	685	1316.0
contig_459	685	686	1316.0
contig_459	686	687	1328.0
contig_459	687	688	1319.0
contig_459	688	689	1312.0
contig_459	689	690	1320.0
contig_459	690	691	1320.0
contig_459	691	692	1320.0
contig_459	692	693	1330.0
contig_459	693	694	1342.0
contig_459	694	695	1342.0
contig_459	695	696	1341.0
contig_459	696	697	1341.0
contig_459	697	698	1327.0
contig_459	698	699	1332.0
contig_459	699	700	1320.0
contig_459	700	701	1333.0
contig_459	701	702	1336.0
contig_459	702	703	1338.0
contig_459	703	704	1350.0
contig_459	704	705	1343.0
contig_459	705	706	1343.0
contig_459	706	707	1338.0
contig_459	707	708	1339.0
contig_459	708	709	1343.0
contig_459	709	710	1342.0
contig_459	710	711	1358.0
contig_459	711	712	1358.0
contig_459	712	713	1361.0
contig_459	713	714	1352.0
contig_459	714	715	1336.0
contig_459	715	716	1325.0
contig_459	716	717	1334.0
contig_459	717	718	1335.0
contig_459	718	719	1317.0
contig_459	719	720	1314.0
contig_459	720	721	1317.0
contig_459	721	722	1325.0
contig_459	722	723	1339.0
contig_459	723	724	1322.0
contig_459	724	725	1325.0
contig_459	725	726	1339.0
contig_459	726	727	1328.0
contig_459	727	728	1323.0
contig_459	728	729	1313.0
contig_459	729	730	1331.0
contig_459	730	731	1340.0
contig_459	731	732	1352.0
contig_459	732	733	1350.0
contig_459	733	734	1347.0
contig_459	734	735	1357.0
contig_459	735	736	1361.0
contig_459	736	737	1350.0
contig_459	737	738	1334.0
contig_459	738	739	1304.0
contig_459	739	740	1300.0
contig_459	740	741	1293.0
contig_459	741	742	1296.0
contig_459	742	743	1258.0
contig_459	743	744	1245.0
contig_459	744	745	1242.0
contig_459	745	746	1242.0
contig_459	746	747	1260.0
contig_459	747	748	1250.0
contig_459	748	749	1252.0
contig_459	749	750	1239.0
contig_459	750	751	1234.0
contig_459	751	752	1229.0
contig_459	752	753	1206.0
contig_459	753	754	1206.0
contig_459	754	755	1206.0
contig_459	755	756	1202.0
contig_459	756	757	1203.0
contig_459	757	758	1203.0
contig_459	758	759	1210.0
contig_459	759	760	1213.0
contig_459	760	761	1206.0
contig_459	761	762	1213.0
contig_459	762	763	1222.0
contig_459	763	764	1238.0
contig_459	764	765	1238.0
contig_459	765	766	1221.0
contig_459	766	767	1209.0
contig_459	767	768	1209.0
contig_459	768	769	1214.0
contig_459	769	770	1210.0
contig_459	770	771	1210.0
contig_459	771	772	1194.0
contig_459	772	773	1184.0
contig_459	773	774	1182.0
contig_459	774	775	1201.0
contig_459	775	776	1193.0
contig_459	776	777	1205.0
contig_459	777	778	1188.0
contig_459	778	779	1207.0
contig_459	779	780	1206.0
contig_459	780	781	1213.0
contig_459	781	782	1215.0
contig_459	782	783	1213.0
contig_459	783	784	1195.0
contig_459	784	785	1192.0
contig_459	785	786	1227.0
contig_459	786	787	1208.0
contig_459	787	788	1191.0
contig_459	788	789	1187.0
contig_459	789	790	1198.0
contig_459	790	791	1195.0
contig_459	791	792	1193.0
contig_459	792	793	1184.0
contig_459	793	794	1184.0
contig_459	794	795	1191.0
contig_459	795	796	1195.0
contig_459	796	797	1194.0
contig_459	797	798	1185.0
contig_459	798	799	1191.0
contig_459	799	800	1185.0
contig_459	800	801	1184.0
contig_459	801	802	1172.0
contig_459	802	803	1166.0
contig_459	803	804	1197.0
contig_459	804	805	1201.0
contig_459	805	806	1220.0
contig_459	806	807	1228.0
contig_459	807	808	1229.0
contig_459	808	809	1227.0
contig_459	809	810	1242.0
contig_459	810	811	1230.0
contig_459	811	812	1231.0
contig_459	812	813	1217.0
contig_459	813	814	1222.0
contig_459	814	815	1221.0
contig_459	815	816	1220.0
contig_459	816	817	1226.0
contig_459	817	818	1210.0
contig_459	818	819	1170.0
contig_459	819	820	1163.0
contig_459	820	821	1133.0
contig_459	821	822	1128.0
contig_459	822	823	1145.0
contig_459	823	824	1152.0
contig_459	824	825	1152.0
contig_459	825	826	1169.0
contig_459	826	827	1159.0
contig_459	827	828	1139.0
contig_459	828	829	1146.0
contig_459	829	830	1157.0
contig_459	830	831	1183.0
contig_459	831	832	1183.0
contig_459	832	833	1183.0
contig_459	833	834	1196.0
contig_459	834	835	1197.0
contig_459	835	836	1197.0
contig_459	836	837	1203.0
contig_459	837	838	1203.0
contig_459	838	839	1196.0
contig_459	839	840	1189.0
contig_459	840	841	1202.0
contig_459	841	842	1202.0
contig_459	842	843	1184.0
contig_459	843	844	1183.0
contig_459	844	845	1227.0
contig_459	845	846	1237.0
contig_459	846	847	1241.0
contig_459	847	848	1232.0
contig_459	848	849	1169.0
contig_459	849	850	1181.0
contig_459	850	851	1161.0
contig_459	851	852	1146.0
contig_459	852	853	1153.0
contig_459	853	854	1150.0
contig_459	854	855	1150.0
contig_459	855	856	1153.0
contig_459	856	857	1171.0
contig_459	857	858	1170.0
contig_459	858	859	1202.0
contig_459	859	860	1202.0
contig_459	860	861	1200.0
contig_459	861	862	1200.0
contig_459	862	863	1198.0
contig_459	863	864	1225.0
contig_459	864	865	1226.0
contig_459	865	866	1226.0
contig_459	866	867	1222.0
contig_459	867	868	1235.0
contig_459	868	869	1240.0
contig_459	869	870	1278.0
contig_459	870	871	1284.0
contig_459	871	872	1282.0
contig_459	872	873	1271.0
contig_459	873	874	1271.0
contig_459	874	875	1269.0
contig_459	875	876	1253.0
contig_459	876	877	1248.0
contig_459	877	878	1237.0
contig_459	878	879	1236.0
contig_459	879	880	1250.0
contig_459	880	881	1251.0
contig_459	881	882	1242.0
contig_459	882	883	1240.0
contig_459	883	884	1231.0
contig_459	884	885	1213.0
contig_459	885	886	1220.0
contig_459	886	887	1233.0
contig_459	887	888	1228.0
contig_459	888	889	1240.0
contig_459	889	890	1230.0
contig_459	890	891	1236.0
contig_459	891	892	1239.0
contig_459	892	893	1243.0
contig_459	893	894	1246.0
contig_459	894	895	1238.0
contig_459	895	896	1240.0
contig_459	896	897	1245.0
contig_459	897	898	1252.0
contig_459	898	899	1262.0
contig_459	899	900	1259.0
contig_459	900	901	1261.0
contig_459	901	902	1261.0
contig_459	902	903	1259.0
contig_459	903	904	1260.0
contig_459	904	905	1265.0
contig_459	905	906	1264.0
contig_459	906	907	1264.0
contig_459	907	908	1278.0
contig_459	908	909	1288.0
contig_459	909	910	1289.0
contig_459	910	911	1287.0
contig_459	911	912	1278.0
contig_459	912	913	1253.0
contig_459	913	914	1249.0
contig_459	914	915	1248.0
contig_459	915	916	1273.0
contig_459	916	917	1275.0
contig_459	917	918	1287.0
contig_459	918	919	1282.0
contig_459	919	920	1277.0
contig_459	920	921	1277.0
contig_459	921	922	1276.0
contig_459	922	923	1276.0
contig_459	923	924	1266.0
contig_459	924	925	1220.0
contig_459	925	926	1232.0
contig_459	926	927	1246.0
contig_459	927	928	1264.0
contig_459	928	929	1287.0
contig_459	929	930	1288.0
contig_459	930	931	1281.0
contig_459	931	932	1261.0
contig_459	932	933	1268.0
contig_459	933	934	1294.0
contig_459	934	935	1288.0
contig_459	935	936	1280.0
contig_459	936	937	1272.0
contig_459	937	938	1283.0
contig_459	938	939	1283.0
contig_459	939	940	1272.0
contig_459	940	941	1271.0
contig_459	941	942	1288.0
contig_459	942	943	1298.0
contig_459	943	944	1296.0
contig_459	944	945	1297.0
contig_459	945	946	1294.0
contig_459	946	947	1277.0
contig_459	947	948	1277.0
contig_459	948	949	1282.0
contig_459	949	950	1271.0
contig_459	950	951	1274.0
contig_459	951	952	1278.0
contig_459	952	953	1289.0
contig_459	953	954	1338.0
contig_459	954	955	1338.0
contig_459	955	956	1360.0
contig_459	956	957	1343.0
contig_459	957	958	1352.0
contig_459	958	959	1352.0
contig_459	959	960	1348.0
contig_459	960	961	1357.0
contig_459	961	962	1374.0
contig_459	962	963	1373.0
contig_459	963	964	1371.0
contig_459	964	965	1386.0
contig_459	965	966	1384.0
contig_459	966	967	1387.0
contig_459	967	968	1403.0
contig_459	968	969	1398.0
contig_459	969	970	1409.0
contig_459	970	971	1424.0
contig_459	971	972	1413.0
contig_459	972	973	1431.0
contig_459	973	974	1437.0
contig_459	974	975	1445.0
contig_459	975	976	1427.0
contig_459	976	977	1446.0
contig_459	977	978	1497.0
contig_459	978	979	1492.0
contig_459	979	980	1475.0
contig_459	980	981	1461.0
contig_459	981	982	1463.0
contig_459	982	983	1492.0
contig_459	983	984	1474.0
contig_459	984	985	1467.0
contig_459	985	986	1459.0
contig_459	986	987	1445.0
contig_459	987	988	1464.0
contig_459	988	989	1464.0
contig_459	989	990	1476.0
contig_459	990	991	1481.0
contig_459	991	992	1478.0
contig_459	992	993	1478.0
contig_459	993	994	1479.0
contig_459	994	995	1459.0
contig_459	995	996	1450.0
contig_459	996	997	1446.0
contig_459	997	998	1466.0
contig_459	998	999	1468.0
contig_459	999	1000	1458.0
contig_459	1000	1001	1457.0
contig_459	1001	1002	1479.0
contig_459	1002	1003	1441.0
contig_459	1003	1004	1442.0
contig_459	1004	1005	1439.0
contig_459	1005	1006	1447.0
contig_459	1006	1007	1431.0
contig_459	1007	1008	1448.0
contig_459	1008	1009	1445.0
contig_459	1009	1010	1448.0
contig_459	1010	1011	1444.0
contig_459	1011	1012	1456.0
contig_459	1012	1013	1477.0
contig_459	1013	1014	1428.0
contig_459	1014	1015	1436.0
contig_459	1015	1016	1436.0
contig_459	1016	1017	1442.0
contig_459	1017	1018	1446.0
contig_459	1018	1019	1438.0
contig_459	1019	1020	1426.0
contig_459	1020	1021	1419.0
contig_459	1021	1022	1420.0
contig_459	1022	1023	1435.0
contig_459	1023	1024	1449.0
contig_459	1024	1025	1450.0
contig_459	1025	1026	1445.0
contig_459	1026	1027	1456.0
contig_459	1027	1028	1456.0
contig_459	1028	1029	1419.0
contig_459	1029	1030	1413.0
contig_459	1030	1031	1413.0
contig_459	1031	1032	1413.0
contig_459	1032	1033	1414.0
contig_459	1033	1034	1418.0
contig_459	1034	1035	1422.0
contig_459	1035	1036	1450.0
contig_459	1036	1037	1449.0
contig_459	1037	1038	1456.0
contig_459	1038	1039	1484.0
contig_459	1039	1040	1486.0
contig_459	1040	1041	1479.0
contig_459	1041	1042	1464.0
contig_459	1042	1043	1479.0
contig_459	1043	1044	1475.0
contig_459	1044	1045	1475.0
contig_459	1045	1046	1467.0
contig_459	1046	1047	1462.0
contig_459	1047	1048	1457.0
contig_459	1048	1049	1459.0
contig_459	1049	1050	1468.0
contig_459	1050	1051	1467.0
contig_459	1051	1052	1468.0
contig_459	1052	1053	1454.0
contig_459	1053	1054	1479.0
contig_459	1054	1055	1451.0
contig_459	1055	1056	1463.0
contig_459	1056	1057	1475.0
contig_459	1057	1058	1466.0
contig_459	1058	1059	1467.0
contig_459	1059	1060	1482.0
contig_459	1060	1061	1507.0
contig_459	1061	1062	1496.0
contig_459	1062	1063	1489.0
contig_459	1063	1064	1487.0
contig_459	1064	1065	1490.0
contig_459	1065	1066	1507.0
contig_459	1066	1067	1537.0
contig_459	1067	1068	1534.0
contig_459	1068	1069	1527.0
contig_459	1069	1070	1524.0
contig_459	1070	1071	1526.0
contig_459	1071	1072	1524.0
contig_459	1072	1073	1534.0
contig_459	1073	1074	1541.0
contig_459	1074	1075	1545.0
contig_459	1075	1076	1549.0
contig_459	1076	1077	1585.0
contig_459	1077	1078	1578.0
contig_459	1078	1079	1531.0
contig_459	1079	1080	1532.0
contig_459	1080	1081	1526.0
contig_459	1081	1082	1521.0
contig_459	1082	1083	1534.0
contig_459	1083	1084	1497.0
contig_459	1084	1085	1492.0
contig_459	1085	1086	1473.0
contig_459	1086	1087	1473.0
contig_459	1087	1088	1462.0
contig_459	1088	1089	1473.0
contig_459	1089	1090	1473.0
contig_459	1090	1091	1483.0
contig_459	1091	1092	1481.0
contig_459	1092	1093	1483.0
contig_459	1093	1094	1488.0
contig_459	1094	1095	1490.0
contig_459	1095	1096	1469.0
contig_459	1096	1097	1469.0
contig_459	1097	1098	1476.0
contig_459	1098	1099	1470.0
contig_459	1099	1100	1470.0
contig_459	1100	1101	1456.0
contig_459	1101	1102	1471.0
contig_459	1102	1103	1475.0
contig_459	1103	1104	1485.0
contig_459	1104	1105	1485.0
contig_459	1105	1106	1478.0
contig_459	1106	1107	1475.0
contig_459	1107	1108	1463.0
contig_459	1108	1109	1465.0
contig_459	1109	1110	1475.0
contig_459	1110	1111	1466.0
contig_459	1111	1112	1450.0
contig_459	1112	1113	1432.0
contig_459	1113	1114	1437.0
contig_459	1114	1115	1371.0
contig_459	1115	1116	1373.0
contig_459	1116	1117	1378.0
contig_459	1117	1118	1363.0
contig_459	1118	1119	1352.0
contig_459	1119	1120	1352.0
contig_459	1120	1121	1337.0
contig_459	1121	1122	1337.0
contig_459	1122	1123	1339.0
contig_459	1123	1124	1324.0
contig_459	1124	1125	1312.0
contig_459	1125	1126	1317.0
contig_459	1126	1127	1299.0
contig_459	1127	1128	1288.0
contig_459	1128	1129	1287.0
contig_459	1129	1130	1292.0
contig_459	1130	1131	1304.0
contig_459	1131	1132	1302.0
contig_459	1132	1133	1343.0
contig_459	1133	1134	1365.0
contig_459	1134	1135	1370.0
contig_459	1135	1136	1378.0
contig_459	1136	1137	1394.0
contig_459	1137	1138	1372.0
contig_459	1138	1139	1379.0
contig_459	1139	1140	1372.0
contig_459	1140	1141	1350.0
contig_459	1141	1142	1350.0
contig_459	1142	1143	1350.0
contig_459	1143	1144	1342.0
contig_459	1144	1145	1342.0
contig_459	1145	1146	1342.0
contig_459	1146	1147	1341.0
contig_459	1147	1148	1331.0
contig_459	1148	1149	1348.0
contig_459	1149	1150	1358.0
contig_459	1150	1151	1359.0
contig_459	1151	1152	1339.0
contig_459	1152	1153	1339.0
contig_459	1153	1154	1339.0
contig_459	1154	1155	1339.0
contig_459	1155	1156	1358.0
contig_459	1156	1157	1357.0
contig_459	1157	1158	1357.0
contig_459	1158	1159	1356.0
contig_459	1159	1160	1350.0
contig_459	1160	1161	1387.0
contig_459	1161	1162	1387.0
contig_459	1162	1163	1382.0
contig_459	1163	1164	1396.0
contig_459	1164	1165	1365.0
contig_459	1165	1166	1365.0
contig_459	1166	1167	1366.0
contig_459	1167	1168	1370.0
contig_459	1168	1169	1351.0
contig_459	1169	1170	1361.0
contig_459	1170	1171	1370.0
contig_459	1171	1172	1360.0
contig_459	1172	1173	1346.0
contig_459	1173	1174	1367.0
contig_459	1174	1175	1389.0
contig_459	1175	1176	1393.0
contig_459	1176	1177	1380.0
contig_459	1177	1178	1401.0
contig_459	1178	1179	1401.0
contig_459	1179	1180	1404.0
contig_459	1180	1181	1404.0
contig_459	1181	1182	1389.0
contig_459	1182	1183	1393.0
contig_459	1183	1184	1400.0
contig_459	1184	1185	1388.0
contig_459	1185	1186	1345.0
contig_459	1186	1187	1368.0
contig_459	1187	1188	1366.0
contig_459	1188	1189	1344.0
contig_459	1189	1190	1346.0
contig_459	1190	1191	1329.0
contig_459	1191	1192	1328.0
contig_459	1192	1193	1319.0
contig_459	1193	1194	1323.0
contig_459	1194	1195	1333.0
contig_459	1195	1196	1358.0
contig_459	1196	1197	1358.0
contig_459	1197	1198	1356.0
contig_459	1198	1199	1329.0
contig_459	1199	1200	1329.0
contig_459	1200	1201	1322.0
contig_459	1201	1202	1315.0
contig_459	1202	1203	1307.0
contig_459	1203	1204	1295.0
contig_459	1204	1205	1301.0
contig_459	1205	1206	1310.0
contig_459	1206	1207	1318.0
contig_459	1207	1208	1322.0
contig_459	1208	1209	1321.0
contig_459	1209	1210	1308.0
contig_459	1210	1211	1288.0
contig_459	1211	1212	1263.0
contig_459	1212	1213	1276.0
contig_459	1213	1214	1275.0
contig_459	1214	1215	1282.0
contig_459	1215	1216	1265.0
contig_459	1216	1217	1256.0
contig_459	1217	1218	1259.0
contig_459	1218	1219	1263.0
contig_459	1219	1220	1274.0
contig_459	1220	1221	1265.0
contig_459	1221	1222	1265.0
contig_459	1222	1223	1279.0
contig_459	1223	1224	1275.0
contig_459	1224	1225	1278.0
contig_459	1225	1226	1266.0
contig_459	1226	1227	1231.0
contig_459	1227	1228	1213.0
contig_459	1228	1229	1222.0
contig_459	1229	1230	1220.0
contig_459	1230	1231	1220.0
contig_459	1231	1232	1202.0
contig_459	1232	1233	1195.0
contig_459	1233	1234	1195.0
contig_459	1234	1235	1203.0
contig_459	1235	1236	1207.0
contig_459	1236	1237	1208.0
contig_459	1237	1238	1200.0
contig_459	1238	1239	1195.0
contig_459	1239	1240	1196.0
contig_459	1240	1241	1199.0
contig_459	1241	1242	1190.0
contig_459	1242	1243	1196.0
contig_459	1243	1244	1182.0
contig_459	1244	1245	1177.0
contig_459	1245	1246	1200.0
contig_459	1246	1247	1221.0
contig_459	1247	1248	1228.0
contig_459	1248	1249	1194.0
contig_459	1249	1250	1201.0
contig_459	1250	1251	1191.0
contig_459	1251	1252	1182.0
contig_459	1252	1253	1187.0
contig_459	1253	1254	1180.0
contig_459	1254	1255	1201.0
contig_459	1255	1256	1198.0
contig_459	1256	1257	1212.0
contig_459	1257	1258	1223.0
contig_459	1258	1259	1221.0
contig_459	1259	1260	1214.0
contig_459	1260	1261	1215.0
contig_459	1261	1262	1215.0
contig_459	1262	1263	1213.0
contig_459	1263	1264	1212.0
contig_459	1264	1265	1221.0
contig_459	1265	1266	1221.0
contig_459	1266	1267	1222.0
contig_459	1267	1268	1223.0
contig_459	1268	1269	1227.0
contig_459	1269	1270	1231.0
contig_459	1270	1271	1215.0
contig_459	1271	1272	1230.0
contig_459	1272	1273	1216.0
contig_459	1273	1274	1239.0
contig_459	1274	1275	1244.0
contig_459	1275	1276	1249.0
contig_459	1276	1277	1249.0
contig_459	1277	1278	1246.0
contig_459	1278	1279	1263.0
contig_459	1279	1280	1266.0
contig_459	1280	1281	1280.0
contig_459	1281	1282	1287.0
contig_459	1282	1283	1249.0
contig_459	1283	1284	1246.0
contig_459	1284	1285	1242.0
contig_459	1285	1286	1237.0
contig_459	1286	1287	1224.0
contig_459	1287	1288	1210.0
contig_459	1288	1289	1214.0
contig_459	1289	1290	1210.0
contig_459	1290	1291	1214.0
contig_459	1291	1292	1223.0
contig_459	1292	1293	1226.0
contig_459	1293	1294	1226.0
contig_459	1294	1295	1220.0
contig_459	1295	1296	1234.0
contig_459	1296	1297	1236.0
contig_459	1297	1298	1234.0
contig_459	1298	1299	1234.0
contig_459	1299	1300	1224.0
contig_459	1300	1301	1228.0
contig_459	1301	1302	1231.0
contig_459	1302	1303	1231.0
contig_459	1303	1304	1246.0
contig_459	1304	1305	1246.0
contig_459	1305	1306	1238.0
contig_459	1306	1307	1223.0
contig_459	1307	1308	1203.0
contig_459	1308	1309	1203.0
contig_459	1309	1310	1195.0
contig_459	1310	1311	1163.0
contig_459	1311	1312	1163.0
contig_459	1312	1313	1150.0
contig_459	1313	1314	1155.0
contig_459	1314	1315	1142.0
contig_459	1315	1316	1129.0
contig_459	1316	1317	1125.0
contig_459	1317	1318	1117.0
contig_459	1318	1319	1111.0
contig_459	1319	1320	1102.0
contig_459	1320	1321	1099.0
contig_459	1321	1322	1103.0
contig_459	1322	1323	1102.0
contig_459	1323	1324	1085.0
contig_459	1324	1325	1076.0
contig_459	1325	1326	1086.0
contig_459	1326	1327	1091.0
contig_459	1327	1328	1101.0
contig_459	1328	1329	1098.0
contig_459	1329	1330	1097.0
contig_459	1330	1331	1097.0
contig_459	1331	1332	1096.0
contig_459	1332	1333	1089.0
contig_459	1333	1334	1077.0
contig_459	1334	1335	1094.0
contig_459	1335	1336	1082.0
contig_459	1336	1337	1070.0
contig_459	1337	1338	1070.0
contig_459	1338	1339	1070.0
contig_459	1339	1340	1064.0
contig_459	1340	1341	1069.0
contig_459	1341	1342	1063.0
contig_459	1342	1343	1061.0
contig_459	1343	1344	1072.0
contig_459	1344	1345	1054.0
contig_459	1345	1346	1045.0
contig_459	1346	1347	1050.0
contig_459	1347	1348	1050.0
contig_459	1348	1349	1042.0
contig_459	1349	1350	1042.0
contig_459	1350	1351	1040.0
contig_459	1351	1352	1042.0
contig_459	1352	1353	1030.0
contig_459	1353	1354	1022.0
contig_459	1354	1355	1012.0
contig_459	1355	1356	1012.0
contig_459	1356	1357	1007.0
contig_459	1357	1358	1003.0
contig_459	1358	1359	1003.0
contig_459	1359	1360	1004.0
contig_459	1360	1361	1004.0
contig_459	1361	1362	1001.0
contig_459	1362	1363	1000.0
contig_459	1363	1364	1000.0
contig_459	1364	1365	990.0
contig_459	1365	1366	990.0
contig_459	1366	1367	990.0
contig_459	1367	1368	986.0
contig_459	1368	1369	981.0
contig_459	1369	1370	982.0
contig_459	1370	1371	982.0
contig_459	1371	1372	982.0
contig_459	1372	1373	970.0
contig_459	1373	1374	962.0
contig_459	1374	1375	950.0
contig_459	1375	1376	949.0
contig_459	1376	1377	946.0
contig_459	1377	1378	941.0
contig_459	1378	1379	941.0
