contig_419	1	2	979.0
contig_419	2	3	990.0
contig_419	3	4	1010.0
contig_419	4	5	1035.0
contig_419	5	6	1045.0
contig_419	6	7	1068.0
contig_419	7	8	1085.0
contig_419	8	9	1085.0
contig_419	9	10	1116.0
contig_419	10	11	1138.0
contig_419	11	12	1139.0
contig_419	12	13	1162.0
contig_419	13	14	1229.0
contig_419	14	15	1238.0
contig_419	15	16	1285.0
contig_419	16	17	1295.0
contig_419	17	18	1317.0
contig_419	18	19	1342.0
contig_419	19	20	1343.0
contig_419	20	21	1351.0
contig_419	21	22	1365.0
contig_419	22	23	1378.0
contig_419	23	24	1387.0
contig_419	24	25	1397.0
contig_419	25	26	1403.0
contig_419	26	27	1413.0
contig_419	27	28	1427.0
contig_419	28	29	1462.0
contig_419	29	30	1467.0
contig_419	30	31	1472.0
contig_419	31	32	1495.0
contig_419	32	33	1544.0
contig_419	33	34	1546.0
contig_419	34	35	1546.0
contig_419	35	36	1566.0
contig_419	36	37	1595.0
contig_419	37	38	1625.0
contig_419	38	39	1625.0
contig_419	39	40	1633.0
contig_419	40	41	1637.0
contig_419	41	42	1647.0
contig_419	42	43	1648.0
contig_419	43	44	1662.0
contig_419	44	45	1672.0
contig_419	45	46	1681.0
contig_419	46	47	1692.0
contig_419	47	48	1696.0
contig_419	48	49	1706.0
contig_419	49	50	1714.0
contig_419	50	51	1726.0
contig_419	51	52	1726.0
contig_419	52	53	1742.0
contig_419	53	54	1757.0
contig_419	54	55	1774.0
contig_419	55	56	1787.0
contig_419	56	57	1804.0
contig_419	57	58	1805.0
contig_419	58	59	1808.0
contig_419	59	60	1835.0
contig_419	60	61	1885.0
contig_419	61	62	1885.0
contig_419	62	63	1896.0
contig_419	63	64	1927.0
contig_419	64	65	1955.0
contig_419	65	66	1975.0
contig_419	66	67	2009.0
contig_419	67	68	2009.0
contig_419	68	69	2021.0
contig_419	69	70	2022.0
contig_419	70	71	2024.0
contig_419	71	72	2025.0
contig_419	72	73	2024.0
contig_419	73	74	2024.0
contig_419	74	75	2019.0
contig_419	75	76	2019.0
contig_419	76	77	2019.0
contig_419	77	78	2021.0
contig_419	78	79	2017.0
contig_419	79	80	2016.0
contig_419	80	81	2042.0
contig_419	81	82	2014.0
contig_419	82	83	2010.0
contig_419	83	84	2005.0
contig_419	84	85	1998.0
contig_419	85	86	1990.0
contig_419	86	87	1979.0
contig_419	87	88	1978.0
contig_419	88	89	1959.0
contig_419	89	90	1978.0
contig_419	90	91	1960.0
contig_419	91	92	1975.0
contig_419	92	93	1964.0
contig_419	93	94	1968.0
contig_419	94	95	1966.0
contig_419	95	96	1953.0
contig_419	96	97	1963.0
contig_419	97	98	1976.0
contig_419	98	99	1979.0
contig_419	99	100	1979.0
contig_419	100	101	1992.0
contig_419	101	102	1994.0
contig_419	102	103	1991.0
contig_419	103	104	1989.0
contig_419	104	105	1975.0
contig_419	105	106	1968.0
contig_419	106	107	1975.0
contig_419	107	108	1961.0
contig_419	108	109	1962.0
contig_419	109	110	1966.0
contig_419	110	111	1977.0
contig_419	111	112	1968.0
contig_419	112	113	2000.0
contig_419	113	114	2033.0
contig_419	114	115	2057.0
contig_419	115	116	2048.0
contig_419	116	117	2056.0
contig_419	117	118	2070.0
contig_419	118	119	2077.0
contig_419	119	120	2081.0
contig_419	120	121	2075.0
contig_419	121	122	2079.0
contig_419	122	123	2079.0
contig_419	123	124	2091.0
contig_419	124	125	2085.0
contig_419	125	126	2082.0
contig_419	126	127	2079.0
contig_419	127	128	2076.0
contig_419	128	129	2062.0
contig_419	129	130	2059.0
contig_419	130	131	2036.0
contig_419	131	132	2030.0
contig_419	132	133	2028.0
contig_419	133	134	2018.0
contig_419	134	135	1987.0
contig_419	135	136	1984.0
contig_419	136	137	1966.0
contig_419	137	138	1960.0
contig_419	138	139	1965.0
contig_419	139	140	1962.0
contig_419	140	141	1945.0
contig_419	141	142	1943.0
contig_419	142	143	1943.0
contig_419	143	144	1928.0
contig_419	144	145	1937.0
contig_419	145	146	1937.0
contig_419	146	147	1923.0
contig_419	147	148	1923.0
contig_419	148	149	1930.0
contig_419	149	150	1931.0
contig_419	150	151	1917.0
contig_419	151	152	1898.0
contig_419	152	153	1896.0
contig_419	153	154	1886.0
contig_419	154	155	1880.0
contig_419	155	156	1877.0
contig_419	156	157	1877.0
contig_419	157	158	1861.0
contig_419	158	159	1861.0
contig_419	159	160	1845.0
contig_419	160	161	1783.0
contig_419	161	162	1783.0
contig_419	162	163	1776.0
contig_419	163	164	1718.0
contig_419	164	165	1713.0
contig_419	165	166	1688.0
contig_419	166	167	1677.0
contig_419	167	168	1654.0
contig_419	168	169	1597.0
contig_419	169	170	1588.0
contig_419	170	171	1594.0
contig_419	171	172	1582.0
contig_419	172	173	1569.0
contig_419	173	174	1561.0
contig_419	174	175	1569.0
contig_419	175	176	1560.0
contig_419	176	177	1545.0
contig_419	177	178	1532.0
contig_419	178	179	1500.0
contig_419	179	180	1498.0
contig_419	180	181	1498.0
contig_419	181	182	1488.0
contig_419	182	183	1427.0
contig_419	183	184	1431.0
contig_419	184	185	1419.0
contig_419	185	186	1391.0
contig_419	186	187	1356.0
contig_419	187	188	1354.0
contig_419	188	189	1354.0
contig_419	189	190	1358.0
contig_419	190	191	1359.0
contig_419	191	192	1347.0
contig_419	192	193	1358.0
contig_419	193	194	1352.0
contig_419	194	195	1335.0
contig_419	195	196	1323.0
contig_419	196	197	1309.0
contig_419	197	198	1308.0
contig_419	198	199	1300.0
contig_419	199	200	1302.0
contig_419	200	201	1258.0
contig_419	201	202	1233.0
contig_419	202	203	1222.0
contig_419	203	204	511.0
contig_419	204	205	490.0
contig_419	205	206	490.0
contig_419	206	207	493.0
contig_419	207	208	493.0
contig_419	208	209	500.0
contig_419	209	210	498.0
contig_419	210	211	496.0
contig_419	211	212	471.0
contig_419	212	213	473.0
contig_419	213	214	470.0
contig_419	214	215	478.0
contig_419	215	216	478.0
contig_419	216	217	476.0
contig_419	217	218	485.0
contig_419	218	219	490.0
contig_419	219	220	491.0
contig_419	220	221	491.0
contig_419	221	222	505.0
contig_419	222	223	506.0
contig_419	223	224	509.0
contig_419	224	225	509.0
contig_419	225	226	482.0
contig_419	226	227	485.0
contig_419	227	228	479.0
contig_419	228	229	481.0
contig_419	229	230	481.0
contig_419	230	231	482.0
contig_419	231	232	495.0
contig_419	232	233	495.0
contig_419	233	234	495.0
contig_419	234	235	489.0
contig_419	235	236	489.0
contig_419	236	237	496.0
contig_419	237	238	499.0
contig_419	238	239	499.0
contig_419	239	240	477.0
contig_419	240	241	468.0
contig_419	241	242	471.0
contig_419	242	243	471.0
contig_419	243	244	479.0
contig_419	244	245	481.0
contig_419	245	246	490.0
contig_419	246	247	490.0
contig_419	247	248	493.0
contig_419	248	249	498.0
contig_419	249	250	498.0
contig_419	250	251	487.0
contig_419	251	252	487.0
contig_419	252	253	487.0
contig_419	253	254	494.0
contig_419	254	255	503.0
contig_419	255	256	503.0
contig_419	256	257	500.0
contig_419	257	258	500.0
contig_419	258	259	511.0
contig_419	259	260	511.0
contig_419	260	261	520.0
contig_419	261	262	520.0
contig_419	262	263	520.0
contig_419	263	264	520.0
contig_419	264	265	515.0
contig_419	265	266	523.0
contig_419	266	267	523.0
contig_419	267	268	523.0
contig_419	268	269	524.0
contig_419	269	270	524.0
contig_419	270	271	518.0
contig_419	271	272	518.0
contig_419	272	273	522.0
contig_419	273	274	532.0
contig_419	274	275	535.0
contig_419	275	276	537.0
contig_419	276	277	537.0
contig_419	277	278	537.0
contig_419	278	279	537.0
contig_419	279	280	533.0
contig_419	280	281	533.0
contig_419	281	282	525.0
contig_419	282	283	526.0
contig_419	283	284	527.0
contig_419	284	285	527.0
contig_419	285	286	510.0
contig_419	286	287	518.0
contig_419	287	288	518.0
contig_419	288	289	512.0
contig_419	289	290	512.0
contig_419	290	291	504.0
contig_419	291	292	510.0
contig_419	292	293	510.0
contig_419	293	294	511.0
contig_419	294	295	505.0
contig_419	295	296	501.0
contig_419	296	297	515.0
contig_419	297	298	514.0
contig_419	298	299	505.0
contig_419	299	300	505.0
contig_419	300	301	505.0
contig_419	301	302	505.0
contig_419	302	303	505.0
contig_419	303	304	508.0
contig_419	304	305	508.0
contig_419	305	306	508.0
contig_419	306	307	512.0
contig_419	307	308	520.0
contig_419	308	309	517.0
contig_419	309	310	528.0
contig_419	310	311	531.0
contig_419	311	312	532.0
contig_419	312	313	526.0
contig_419	313	314	526.0
contig_419	314	315	526.0
contig_419	315	316	517.0
contig_419	316	317	527.0
contig_419	317	318	527.0
contig_419	318	319	529.0
contig_419	319	320	536.0
contig_419	320	321	542.0
contig_419	321	322	542.0
contig_419	322	323	542.0
contig_419	323	324	554.0
contig_419	324	325	554.0
contig_419	325	326	554.0
contig_419	326	327	554.0
contig_419	327	328	554.0
contig_419	328	329	555.0
contig_419	329	330	553.0
contig_419	330	331	553.0
contig_419	331	332	553.0
contig_419	332	333	553.0
contig_419	333	334	553.0
contig_419	334	335	552.0
contig_419	335	336	555.0
contig_419	336	337	555.0
contig_419	337	338	555.0
contig_419	338	339	555.0
contig_419	339	340	540.0
contig_419	340	341	540.0
contig_419	341	342	533.0
contig_419	342	343	512.0
contig_419	343	344	511.0
contig_419	344	345	517.0
contig_419	345	346	509.0
contig_419	346	347	509.0
contig_419	347	348	494.0
contig_419	348	349	490.0
contig_419	349	350	471.0
contig_419	350	351	471.0
contig_419	351	352	471.0
contig_419	352	353	485.0
contig_419	353	354	463.0
contig_419	354	355	463.0
contig_419	355	356	463.0
contig_419	356	357	451.0
contig_419	357	358	450.0
contig_419	358	359	443.0
contig_419	359	360	429.0
contig_419	360	361	437.0
contig_419	361	362	437.0
contig_419	362	363	437.0
contig_419	363	364	433.0
contig_419	364	365	433.0
contig_419	365	366	458.0
contig_419	366	367	454.0
contig_419	367	368	454.0
contig_419	368	369	458.0
contig_419	369	370	460.0
contig_419	370	371	460.0
contig_419	371	372	462.0
contig_419	372	373	461.0
contig_419	373	374	458.0
contig_419	374	375	474.0
contig_419	375	376	470.0
contig_419	376	377	467.0
contig_419	377	378	467.0
contig_419	378	379	470.0
contig_419	379	380	479.0
contig_419	380	381	477.0
contig_419	381	382	464.0
contig_419	382	383	464.0
contig_419	383	384	464.0
contig_419	384	385	464.0
contig_419	385	386	463.0
contig_419	386	387	446.0
contig_419	387	388	416.0
contig_419	388	389	429.0
contig_419	389	390	428.0
contig_419	390	391	434.0
contig_419	391	392	431.0
contig_419	392	393	437.0
contig_419	393	394	425.0
contig_419	394	395	422.0
contig_419	395	396	422.0
contig_419	396	397	422.0
contig_419	397	398	432.0
contig_419	398	399	418.0
contig_419	399	400	427.0
contig_419	400	401	429.0
contig_419	401	402	429.0
contig_419	402	403	430.0
contig_419	403	404	419.0
contig_419	404	405	419.0
contig_419	405	406	419.0
contig_419	406	407	418.0
contig_419	407	408	418.0
contig_419	408	409	407.0
contig_419	409	410	407.0
contig_419	410	411	415.0
contig_419	411	412	415.0
contig_419	412	413	415.0
contig_419	413	414	449.0
contig_419	414	415	449.0
contig_419	415	416	448.0
contig_419	416	417	448.0
contig_419	417	418	448.0
contig_419	418	419	447.0
contig_419	419	420	447.0
contig_419	420	421	447.0
contig_419	421	422	443.0
contig_419	422	423	443.0
contig_419	423	424	431.0
contig_419	424	425	451.0
contig_419	425	426	451.0
contig_419	426	427	451.0
contig_419	427	428	451.0
contig_419	428	429	451.0
contig_419	429	430	451.0
contig_419	430	431	451.0
contig_419	431	432	456.0
contig_419	432	433	465.0
contig_419	433	434	465.0
contig_419	434	435	465.0
contig_419	435	436	458.0
contig_419	436	437	450.0
contig_419	437	438	459.0
contig_419	438	439	465.0
contig_419	439	440	465.0
contig_419	440	441	465.0
contig_419	441	442	465.0
contig_419	442	443	465.0
contig_419	443	444	469.0
contig_419	444	445	462.0
contig_419	445	446	462.0
contig_419	446	447	447.0
contig_419	447	448	447.0
contig_419	448	449	447.0
contig_419	449	450	469.0
contig_419	450	451	469.0
contig_419	451	452	470.0
contig_419	452	453	471.0
contig_419	453	454	469.0
contig_419	454	455	469.0
contig_419	455	456	472.0
contig_419	456	457	468.0
contig_419	457	458	467.0
contig_419	458	459	454.0
contig_419	459	460	443.0
contig_419	460	461	443.0
contig_419	461	462	453.0
contig_419	462	463	452.0
contig_419	463	464	452.0
contig_419	464	465	461.0
contig_419	465	466	463.0
contig_419	466	467	592.0
contig_419	467	468	592.0
contig_419	468	469	598.0
contig_419	469	470	592.0
contig_419	470	471	572.0
contig_419	471	472	574.0
contig_419	472	473	582.0
contig_419	473	474	592.0
contig_419	474	475	592.0
contig_419	475	476	592.0
contig_419	476	477	592.0
contig_419	477	478	592.0
contig_419	478	479	604.0
contig_419	479	480	644.0
contig_419	480	481	641.0
contig_419	481	482	848.0
contig_419	482	483	848.0
contig_419	483	484	864.0
contig_419	484	485	874.0
contig_419	485	486	877.0
contig_419	486	487	1062.0
contig_419	487	488	1072.0
contig_419	488	489	1102.0
contig_419	489	490	1124.0
contig_419	490	491	1140.0
contig_419	491	492	1161.0
contig_419	492	493	1182.0
contig_419	493	494	1202.0
contig_419	494	495	1216.0
contig_419	495	496	1217.0
contig_419	496	497	1237.0
contig_419	497	498	1264.0
contig_419	498	499	1264.0
contig_419	499	500	1283.0
contig_419	500	501	1293.0
contig_419	501	502	1303.0
contig_419	502	503	1314.0
contig_419	503	504	1321.0
contig_419	504	505	1324.0
contig_419	505	506	1329.0
contig_419	506	507	1337.0
contig_419	507	508	1336.0
contig_419	508	509	1349.0
contig_419	509	510	1345.0
contig_419	510	511	1334.0
contig_419	511	512	1341.0
contig_419	512	513	1340.0
contig_419	513	514	1367.0
contig_419	514	515	1372.0
contig_419	515	516	1350.0
contig_419	516	517	1298.0
contig_419	517	518	1312.0
contig_419	518	519	1308.0
contig_419	519	520	1323.0
contig_419	520	521	1344.0
contig_419	521	522	1361.0
contig_419	522	523	1386.0
contig_419	523	524	1417.0
contig_419	524	525	1403.0
contig_419	525	526	1403.0
contig_419	526	527	1436.0
contig_419	527	528	1459.0
contig_419	528	529	1482.0
contig_419	529	530	1484.0
contig_419	530	531	1550.0
contig_419	531	532	1570.0
contig_419	532	533	1598.0
contig_419	533	534	1611.0
contig_419	534	535	1635.0
contig_419	535	536	1639.0
contig_419	536	537	1648.0
contig_419	537	538	1673.0
contig_419	538	539	1680.0
contig_419	539	540	1670.0
contig_419	540	541	1684.0
contig_419	541	542	1715.0
contig_419	542	543	1732.0
contig_419	543	544	1760.0
contig_419	544	545	1769.0
contig_419	545	546	1790.0
contig_419	546	547	1820.0
contig_419	547	548	1820.0
contig_419	548	549	1829.0
contig_419	549	550	1842.0
contig_419	550	551	1858.0
contig_419	551	552	1853.0
contig_419	552	553	1873.0
contig_419	553	554	1904.0
contig_419	554	555	1933.0
contig_419	555	556	1933.0
contig_419	556	557	1942.0
contig_419	557	558	1942.0
contig_419	558	559	1954.0
contig_419	559	560	1960.0
contig_419	560	561	1954.0
contig_419	561	562	1955.0
contig_419	562	563	1975.0
contig_419	563	564	1978.0
contig_419	564	565	1977.0
contig_419	565	566	1965.0
contig_419	566	567	1966.0
contig_419	567	568	1980.0
contig_419	568	569	1986.0
contig_419	569	570	1975.0
contig_419	570	571	1988.0
contig_419	571	572	1996.0
contig_419	572	573	1998.0
contig_419	573	574	2008.0
contig_419	574	575	1963.0
contig_419	575	576	1963.0
contig_419	576	577	1963.0
contig_419	577	578	1963.0
contig_419	578	579	1963.0
contig_419	579	580	1966.0
contig_419	580	581	1969.0
contig_419	581	582	1971.0
contig_419	582	583	1971.0
contig_419	583	584	1973.0
contig_419	584	585	1995.0
contig_419	585	586	1991.0
contig_419	586	587	2004.0
contig_419	587	588	1995.0
contig_419	588	589	2013.0
contig_419	589	590	2011.0
contig_419	590	591	2012.0
contig_419	591	592	2012.0
contig_419	592	593	1987.0
contig_419	593	594	1998.0
contig_419	594	595	1977.0
contig_419	595	596	1977.0
contig_419	596	597	1987.0
contig_419	597	598	2009.0
contig_419	598	599	2036.0
contig_419	599	600	2044.0
contig_419	600	601	2047.0
contig_419	601	602	2045.0
contig_419	602	603	2036.0
contig_419	603	604	2046.0
contig_419	604	605	2064.0
contig_419	605	606	2054.0
contig_419	606	607	2065.0
contig_419	607	608	2075.0
contig_419	608	609	2104.0
contig_419	609	610	2109.0
contig_419	610	611	2137.0
contig_419	611	612	2137.0
contig_419	612	613	2144.0
contig_419	613	614	2141.0
contig_419	614	615	2141.0
contig_419	615	616	2130.0
contig_419	616	617	2102.0
contig_419	617	618	2093.0
contig_419	618	619	2094.0
contig_419	619	620	2094.0
contig_419	620	621	2096.0
contig_419	621	622	2104.0
contig_419	622	623	2105.0
contig_419	623	624	2132.0
contig_419	624	625	2130.0
contig_419	625	626	2136.0
contig_419	626	627	2136.0
contig_419	627	628	2136.0
contig_419	628	629	2121.0
contig_419	629	630	2105.0
contig_419	630	631	2105.0
contig_419	631	632	2087.0
contig_419	632	633	2066.0
contig_419	633	634	2052.0
contig_419	634	635	2055.0
contig_419	635	636	2039.0
contig_419	636	637	2039.0
contig_419	637	638	2029.0
contig_419	638	639	2018.0
contig_419	639	640	2011.0
contig_419	640	641	2006.0
contig_419	641	642	2020.0
contig_419	642	643	2035.0
contig_419	643	644	2016.0
contig_419	644	645	2015.0
contig_419	645	646	2039.0
contig_419	646	647	2032.0
contig_419	647	648	2030.0
contig_419	648	649	2036.0
contig_419	649	650	2044.0
contig_419	650	651	2043.0
contig_419	651	652	2036.0
contig_419	652	653	2019.0
contig_419	653	654	2016.0
contig_419	654	655	2018.0
contig_419	655	656	2069.0
contig_419	656	657	2063.0
contig_419	657	658	2063.0
contig_419	658	659	2059.0
contig_419	659	660	2059.0
contig_419	660	661	2049.0
contig_419	661	662	2048.0
contig_419	662	663	2039.0
contig_419	663	664	2047.0
contig_419	664	665	2039.0
contig_419	665	666	2027.0
contig_463	666	667	1562.0
contig_463	667	668	1578.0
contig_463	668	669	1585.0
contig_463	669	670	1586.0
contig_463	670	671	1588.0
contig_463	671	672	1586.0
contig_463	672	673	1603.0
contig_463	673	674	1658.0
contig_463	674	675	1668.0
contig_463	675	676	1693.0
contig_463	676	677	1685.0
contig_463	677	678	1706.0
contig_463	678	679	1712.0
contig_463	679	680	1718.0
contig_463	680	681	1726.0
contig_463	681	682	1726.0
contig_463	682	683	1753.0
contig_463	683	684	1754.0
contig_463	684	685	1779.0
contig_463	685	686	1776.0
contig_463	686	687	1773.0
contig_463	687	688	1784.0
contig_463	688	689	1781.0
contig_463	689	690	1783.0
contig_463	690	691	1796.0
contig_463	691	692	1800.0
contig_463	692	693	1807.0
contig_463	693	694	1806.0
contig_463	694	695	1840.0
contig_463	695	696	1839.0
contig_463	696	697	1848.0
contig_463	697	698	1858.0
contig_463	698	699	1851.0
contig_463	699	700	1851.0
contig_463	700	701	1860.0
contig_463	701	702	1857.0
contig_463	702	703	1872.0
contig_463	703	704	1879.0
contig_463	704	705	1868.0
contig_463	705	706	1882.0
contig_463	706	707	1881.0
contig_463	707	708	1885.0
contig_463	708	709	1901.0
contig_463	709	710	1909.0
contig_463	710	711	1901.0
contig_463	711	712	1905.0
contig_463	712	713	1905.0
contig_463	713	714	1916.0
contig_463	714	715	1937.0
contig_463	715	716	1951.0
contig_463	716	717	1961.0
contig_463	717	718	1968.0
contig_463	718	719	1974.0
contig_463	719	720	1978.0
contig_463	720	721	1978.0
contig_463	721	722	1983.0
contig_463	722	723	1983.0
contig_463	723	724	1974.0
contig_463	724	725	1978.0
contig_463	725	726	1984.0
contig_463	726	727	1971.0
contig_463	727	728	1952.0
contig_463	728	729	1951.0
contig_463	729	730	1956.0
contig_463	730	731	1957.0
contig_463	731	732	1962.0
contig_463	732	733	1940.0
contig_463	733	734	1922.0
contig_463	734	735	1922.0
contig_463	735	736	1922.0
contig_463	736	737	1933.0
contig_463	737	738	1931.0
contig_463	738	739	1926.0
contig_463	739	740	1966.0
contig_463	740	741	1987.0
contig_463	741	742	1978.0
contig_463	742	743	1989.0
contig_463	743	744	2001.0
contig_463	744	745	2003.0
contig_463	745	746	2007.0
contig_463	746	747	2033.0
contig_463	747	748	2036.0
contig_463	748	749	2040.0
contig_463	749	750	2035.0
contig_463	750	751	2041.0
contig_463	751	752	2037.0
contig_463	752	753	2037.0
contig_463	753	754	2033.0
contig_463	754	755	2029.0
contig_463	755	756	2040.0
contig_463	756	757	2054.0
contig_463	757	758	2057.0
contig_463	758	759	2016.0
contig_463	759	760	2033.0
contig_463	760	761	2047.0
contig_463	761	762	2056.0
contig_463	762	763	2067.0
contig_463	763	764	2072.0
contig_463	764	765	2072.0
contig_463	765	766	2070.0
contig_463	766	767	2063.0
contig_463	767	768	2087.0
contig_463	768	769	2088.0
contig_463	769	770	2069.0
contig_463	770	771	2077.0
contig_463	771	772	2093.0
contig_463	772	773	2086.0
contig_463	773	774	2086.0
contig_463	774	775	2084.0
contig_463	775	776	2069.0
contig_463	776	777	2050.0
contig_463	777	778	1995.0
contig_463	778	779	2002.0
contig_463	779	780	2021.0
contig_463	780	781	2006.0
contig_463	781	782	2007.0
contig_463	782	783	2014.0
contig_463	783	784	2000.0
contig_463	784	785	2000.0
contig_463	785	786	1960.0
contig_463	786	787	1962.0
contig_463	787	788	1933.0
contig_463	788	789	1895.0
contig_463	789	790	1870.0
contig_463	790	791	1870.0
contig_463	791	792	1862.0
contig_463	792	793	1865.0
contig_463	793	794	1880.0
contig_463	794	795	1886.0
contig_463	795	796	1882.0
contig_463	796	797	1882.0
contig_463	797	798	1866.0
contig_463	798	799	1836.0
contig_463	799	800	1836.0
contig_463	800	801	1817.0
contig_463	801	802	1801.0
contig_463	802	803	1795.0
contig_463	803	804	1761.0
contig_463	804	805	1760.0
contig_463	805	806	1748.0
contig_463	806	807	1727.0
contig_463	807	808	1720.0
contig_463	808	809	1687.0
contig_463	809	810	1665.0
contig_463	810	811	1672.0
contig_463	811	812	1652.0
contig_463	812	813	1669.0
contig_463	813	814	1682.0
contig_463	814	815	1692.0
contig_463	815	816	1690.0
contig_463	816	817	1692.0
contig_463	817	818	1678.0
contig_463	818	819	1679.0
contig_463	819	820	1690.0
contig_463	820	821	1705.0
contig_463	821	822	1698.0
contig_463	822	823	1692.0
contig_463	823	824	1649.0
contig_463	824	825	1645.0
contig_463	825	826	1652.0
contig_463	826	827	1656.0
contig_463	827	828	1659.0
contig_463	828	829	1653.0
contig_463	829	830	1645.0
contig_463	830	831	1669.0
contig_463	831	832	1669.0
contig_463	832	833	1662.0
contig_463	833	834	1662.0
contig_463	834	835	1628.0
contig_463	835	836	1633.0
contig_463	836	837	1618.0
contig_463	837	838	1628.0
contig_463	838	839	1606.0
contig_463	839	840	1596.0
contig_463	840	841	1590.0
contig_463	841	842	1578.0
contig_463	842	843	1557.0
contig_463	843	844	1566.0
contig_463	844	845	1544.0
contig_463	845	846	1537.0
contig_463	846	847	1518.0
contig_463	847	848	1526.0
contig_463	848	849	1534.0
contig_463	849	850	1533.0
contig_463	850	851	1529.0
contig_463	851	852	1530.0
contig_463	852	853	1316.0
contig_463	853	854	1314.0
contig_463	854	855	1296.0
contig_463	855	856	1272.0
contig_463	856	857	1265.0
contig_463	857	858	1263.0
contig_463	858	859	1255.0
contig_463	859	860	1242.0
contig_463	860	861	1245.0
contig_463	861	862	1241.0
contig_463	862	863	1241.0
contig_463	863	864	1233.0
contig_463	864	865	1232.0
contig_463	865	866	1230.0
contig_463	866	867	1230.0
contig_463	867	868	1222.0
contig_463	868	869	1229.0
contig_463	869	870	1222.0
contig_463	870	871	1234.0
contig_463	871	872	1253.0
contig_463	872	873	1260.0
contig_463	873	874	1250.0
contig_463	874	875	1253.0
contig_463	875	876	1242.0
contig_463	876	877	1247.0
contig_463	877	878	1254.0
contig_463	878	879	1267.0
contig_463	879	880	1279.0
contig_463	880	881	1273.0
contig_463	881	882	1275.0
contig_463	882	883	1279.0
contig_463	883	884	1291.0
contig_463	884	885	1285.0
contig_463	885	886	1285.0
contig_463	886	887	1272.0
contig_463	887	888	1263.0
contig_463	888	889	1277.0
contig_463	889	890	1255.0
contig_463	890	891	1239.0
contig_463	891	892	1236.0
contig_463	892	893	1226.0
contig_463	893	894	1230.0
contig_463	894	895	1227.0
contig_463	895	896	1209.0
contig_463	896	897	1179.0
contig_463	897	898	1176.0
contig_463	898	899	1206.0
contig_463	899	900	1206.0
contig_463	900	901	1205.0
contig_463	901	902	1207.0
contig_463	902	903	1213.0
contig_463	903	904	1222.0
contig_463	904	905	1222.0
contig_463	905	906	1219.0
contig_463	906	907	1219.0
contig_463	907	908	1220.0
contig_463	908	909	1224.0
contig_463	909	910	1220.0
contig_463	910	911	1218.0
contig_463	911	912	1211.0
contig_463	912	913	1198.0
contig_463	913	914	1212.0
contig_463	914	915	1259.0
contig_463	915	916	1249.0
contig_463	916	917	1242.0
contig_463	917	918	1243.0
contig_463	918	919	1247.0
contig_463	919	920	1264.0
contig_463	920	921	1249.0
contig_463	921	922	1241.0
contig_463	922	923	1214.0
contig_463	923	924	1211.0
contig_463	924	925	1262.0
contig_463	925	926	1264.0
contig_463	926	927	1256.0
contig_463	927	928	1290.0
contig_463	928	929	1288.0
contig_463	929	930	1280.0
contig_463	930	931	1337.0
contig_463	931	932	1339.0
contig_463	932	933	1328.0
contig_463	933	934	1307.0
contig_463	934	935	1356.0
contig_463	935	936	1369.0
contig_463	936	937	1528.0
contig_463	937	938	1532.0
contig_463	938	939	1504.0
contig_463	939	940	1525.0
contig_463	940	941	1544.0
contig_463	941	942	1540.0
contig_463	942	943	1555.0
contig_463	943	944	1537.0
contig_463	944	945	1535.0
contig_463	945	946	1534.0
contig_463	946	947	1550.0
contig_463	947	948	1588.0
contig_463	948	949	1591.0
contig_463	949	950	1596.0
contig_463	950	951	1605.0
contig_463	951	952	1606.0
contig_463	952	953	1632.0
contig_463	953	954	1619.0
contig_463	954	955	1619.0
contig_463	955	956	1627.0
contig_463	956	957	1627.0
contig_463	957	958	1641.0
contig_463	958	959	1664.0
contig_463	959	960	1667.0
contig_463	960	961	1672.0
contig_463	961	962	1671.0
contig_463	962	963	1692.0
contig_463	963	964	1686.0
contig_463	964	965	1686.0
contig_463	965	966	1680.0
contig_463	966	967	1710.0
contig_463	967	968	1702.0
contig_463	968	969	1724.0
contig_463	969	970	1729.0
contig_463	970	971	1733.0
contig_463	971	972	1743.0
contig_463	972	973	1755.0
contig_463	973	974	1760.0
contig_463	974	975	1763.0
contig_463	975	976	1751.0
contig_463	976	977	1792.0
contig_463	977	978	1798.0
contig_463	978	979	1795.0
contig_463	979	980	1822.0
contig_463	980	981	1811.0
contig_463	981	982	1812.0
contig_463	982	983	1819.0
contig_463	983	984	1843.0
contig_463	984	985	1849.0
contig_463	985	986	1871.0
contig_463	986	987	1851.0
contig_463	987	988	1855.0
contig_463	988	989	1847.0
contig_463	989	990	1865.0
contig_463	990	991	1865.0
contig_463	991	992	1888.0
contig_463	992	993	1919.0
contig_463	993	994	1910.0
contig_463	994	995	1922.0
contig_463	995	996	1939.0
contig_463	996	997	1922.0
contig_463	997	998	1982.0
contig_463	998	999	1973.0
contig_463	999	1000	1988.0
contig_463	1000	1001	2003.0
contig_463	1001	1002	2024.0
contig_463	1002	1003	2019.0
contig_463	1003	1004	2021.0
contig_463	1004	1005	2026.0
contig_463	1005	1006	2019.0
contig_463	1006	1007	2026.0
contig_463	1007	1008	2026.0
contig_463	1008	1009	2027.0
contig_463	1009	1010	2036.0
contig_463	1010	1011	2017.0
contig_463	1011	1012	2026.0
contig_463	1012	1013	2027.0
contig_463	1013	1014	2027.0
contig_463	1014	1015	2023.0
contig_463	1015	1016	2027.0
contig_463	1016	1017	2024.0
contig_463	1017	1018	2017.0
contig_463	1018	1019	2017.0
contig_463	1019	1020	2052.0
contig_463	1020	1021	2047.0
contig_463	1021	1022	2057.0
contig_463	1022	1023	2043.0
contig_463	1023	1024	2032.0
contig_463	1024	1025	2032.0
contig_463	1025	1026	2030.0
contig_463	1026	1027	2021.0
contig_463	1027	1028	2018.0
contig_463	1028	1029	2005.0
contig_463	1029	1030	1997.0
contig_463	1030	1031	2013.0
contig_463	1031	1032	2020.0
contig_463	1032	1033	2029.0
contig_463	1033	1034	2029.0
contig_463	1034	1035	2043.0
contig_463	1035	1036	2047.0
contig_463	1036	1037	2063.0
contig_463	1037	1038	2077.0
contig_463	1038	1039	2080.0
contig_463	1039	1040	2081.0
contig_463	1040	1041	2072.0
contig_463	1041	1042	2090.0
contig_463	1042	1043	2093.0
contig_463	1043	1044	2096.0
contig_463	1044	1045	2088.0
contig_463	1045	1046	2078.0
contig_463	1046	1047	2081.0
contig_463	1047	1048	2087.0
contig_463	1048	1049	2111.0
contig_463	1049	1050	2119.0
contig_463	1050	1051	2125.0
contig_463	1051	1052	2111.0
contig_463	1052	1053	2105.0
contig_463	1053	1054	2093.0
contig_463	1054	1055	2099.0
contig_463	1055	1056	2099.0
contig_463	1056	1057	2096.0
contig_463	1057	1058	2107.0
contig_463	1058	1059	2105.0
contig_463	1059	1060	2109.0
contig_463	1060	1061	2100.0
contig_463	1061	1062	2100.0
contig_463	1062	1063	2096.0
contig_463	1063	1064	2082.0
contig_463	1064	1065	2073.0
contig_463	1065	1066	2082.0
contig_463	1066	1067	2074.0
contig_463	1067	1068	2069.0
contig_463	1068	1069	2062.0
contig_463	1069	1070	2052.0
contig_463	1070	1071	2053.0
contig_463	1071	1072	2043.0
contig_463	1072	1073	2043.0
contig_463	1073	1074	2033.0
contig_463	1074	1075	1992.0
contig_463	1075	1076	1986.0
contig_463	1076	1077	1980.0
contig_463	1077	1078	1930.0
contig_463	1078	1079	1935.0
contig_463	1079	1080	1936.0
contig_463	1080	1081	1901.0
contig_463	1081	1082	1612.0
contig_463	1082	1083	1624.0
contig_463	1083	1084	1635.0
contig_463	1084	1085	1547.0
contig_463	1085	1086	1547.0
contig_463	1086	1087	1540.0
contig_463	1087	1088	1549.0
contig_463	1088	1089	1568.0
contig_463	1089	1090	1462.0
contig_463	1090	1091	1480.0
contig_463	1091	1092	1351.0
contig_463	1092	1093	1482.0
contig_463	1093	1094	1482.0
contig_463	1094	1095	1480.0
contig_463	1095	1096	1493.0
contig_463	1096	1097	1473.0
contig_463	1097	1098	1488.0
contig_463	1098	1099	1517.0
contig_463	1099	1100	1518.0
contig_463	1100	1101	1529.0
contig_463	1101	1102	1530.0
contig_463	1102	1103	1514.0
contig_463	1103	1104	1543.0
contig_463	1104	1105	1534.0
contig_463	1105	1106	1578.0
contig_463	1106	1107	1581.0
contig_463	1107	1108	1692.0
contig_463	1108	1109	1712.0
contig_463	1109	1110	1718.0
contig_463	1110	1111	1729.0
contig_463	1111	1112	1782.0
contig_463	1112	1113	1796.0
contig_463	1113	1114	1809.0
contig_463	1114	1115	2325.0
contig_463	1115	1116	2330.0
contig_463	1116	1117	2340.0
contig_463	1117	1118	2369.0
contig_463	1118	1119	2444.0
contig_463	1119	1120	2460.0
contig_463	1120	1121	2471.0
contig_463	1121	1122	2489.0
contig_463	1122	1123	2510.0
contig_463	1123	1124	2516.0
contig_463	1124	1125	2563.0
contig_463	1125	1126	2579.0
contig_463	1126	1127	2588.0
contig_463	1127	1128	2622.0
contig_463	1128	1129	2626.0
contig_463	1129	1130	2607.0
contig_463	1130	1131	2608.0
contig_463	1131	1132	2613.0
contig_463	1132	1133	2639.0
contig_463	1133	1134	2670.0
contig_463	1134	1135	2661.0
contig_463	1135	1136	2639.0
contig_463	1136	1137	2688.0
contig_463	1137	1138	2686.0
contig_463	1138	1139	2703.0
contig_463	1139	1140	2711.0
contig_463	1140	1141	2758.0
contig_463	1141	1142	2761.0
contig_463	1142	1143	2745.0
contig_463	1143	1144	2753.0
contig_463	1144	1145	2750.0
contig_463	1145	1146	2739.0
contig_463	1146	1147	2745.0
contig_463	1147	1148	2736.0
contig_463	1148	1149	2764.0
contig_463	1149	1150	2736.0
contig_463	1150	1151	2730.0
contig_463	1151	1152	2720.0
contig_463	1152	1153	2735.0
contig_463	1153	1154	2776.0
contig_463	1154	1155	2813.0
contig_463	1155	1156	2817.0
contig_463	1156	1157	2812.0
contig_463	1157	1158	2814.0
contig_463	1158	1159	2811.0
contig_463	1159	1160	2804.0
contig_463	1160	1161	2820.0
contig_463	1161	1162	2849.0
contig_463	1162	1163	2852.0
contig_463	1163	1164	2871.0
contig_463	1164	1165	2875.0
contig_463	1165	1166	2888.0
contig_463	1166	1167	2899.0
contig_463	1167	1168	2890.0
contig_463	1168	1169	2899.0
contig_463	1169	1170	2911.0
contig_463	1170	1171	2908.0
contig_463	1171	1172	2890.0
contig_463	1172	1173	2881.0
contig_463	1173	1174	2891.0
contig_463	1174	1175	2918.0
contig_463	1175	1176	2943.0
contig_463	1176	1177	2952.0
contig_463	1177	1178	2941.0
contig_463	1178	1179	2938.0
contig_463	1179	1180	2959.0
contig_463	1180	1181	2943.0
contig_463	1181	1182	2935.0
contig_463	1182	1183	2949.0
contig_463	1183	1184	2947.0
contig_463	1184	1185	2920.0
contig_463	1185	1186	2908.0
contig_463	1186	1187	2906.0
contig_463	1187	1188	2894.0
contig_463	1188	1189	2885.0
contig_463	1189	1190	2876.0
contig_463	1190	1191	2878.0
contig_463	1191	1192	2857.0
contig_463	1192	1193	2875.0
contig_463	1193	1194	2899.0
contig_463	1194	1195	2901.0
contig_463	1195	1196	2892.0
contig_463	1196	1197	2902.0
contig_463	1197	1198	2892.0
contig_463	1198	1199	2905.0
contig_463	1199	1200	2888.0
contig_463	1200	1201	2891.0
contig_463	1201	1202	2929.0
contig_463	1202	1203	2919.0
contig_463	1203	1204	2914.0
contig_463	1204	1205	2925.0
contig_463	1205	1206	2920.0
contig_463	1206	1207	2934.0
contig_463	1207	1208	2916.0
contig_463	1208	1209	2926.0
contig_463	1209	1210	2916.0
contig_463	1210	1211	2919.0
contig_463	1211	1212	2939.0
contig_463	1212	1213	2947.0
contig_463	1213	1214	2957.0
contig_463	1214	1215	2939.0
contig_463	1215	1216	2925.0
contig_463	1216	1217	2926.0
contig_463	1217	1218	2927.0
contig_463	1218	1219	2896.0
contig_463	1219	1220	2879.0
contig_463	1220	1221	2876.0
contig_463	1221	1222	2893.0
contig_463	1222	1223	2871.0
contig_463	1223	1224	2870.0
contig_463	1224	1225	2871.0
contig_463	1225	1226	2855.0
contig_463	1226	1227	2860.0
contig_463	1227	1228	2839.0
contig_463	1228	1229	2827.0
contig_463	1229	1230	2826.0
contig_463	1230	1231	2836.0
contig_463	1231	1232	2860.0
contig_463	1232	1233	2862.0
contig_463	1233	1234	2851.0
contig_463	1234	1235	2858.0
contig_463	1235	1236	2856.0
contig_463	1236	1237	2878.0
contig_463	1237	1238	2853.0
contig_463	1238	1239	2845.0
contig_463	1239	1240	2829.0
contig_463	1240	1241	2793.0
contig_463	1241	1242	2808.0
contig_463	1242	1243	2793.0
contig_463	1243	1244	2726.0
contig_463	1244	1245	2723.0
contig_463	1245	1246	2712.0
contig_463	1246	1247	2717.0
contig_463	1247	1248	2693.0
contig_463	1248	1249	2644.0
contig_463	1249	1250	2637.0
contig_463	1250	1251	2563.0
contig_463	1251	1252	2550.0
contig_463	1252	1253	2540.0
contig_463	1253	1254	2498.0
contig_463	1254	1255	2504.0
contig_463	1255	1256	2487.0
contig_463	1256	1257	2493.0
contig_463	1257	1258	2488.0
contig_463	1258	1259	2449.0
contig_463	1259	1260	2461.0
contig_463	1260	1261	2394.0
contig_463	1261	1262	2370.0
contig_463	1262	1263	2401.0
contig_463	1263	1264	2386.0
contig_463	1264	1265	2363.0
contig_463	1265	1266	2360.0
contig_463	1266	1267	2334.0
contig_463	1267	1268	2333.0
contig_463	1268	1269	2333.0
contig_463	1269	1270	2336.0
contig_463	1270	1271	2316.0
contig_463	1271	1272	2345.0
contig_463	1272	1273	2342.0
contig_463	1273	1274	2301.0
contig_463	1274	1275	2263.0
contig_463	1275	1276	2275.0
contig_463	1276	1277	2264.0
contig_463	1277	1278	2239.0
contig_463	1278	1279	2234.0
contig_463	1279	1280	2280.0
contig_463	1280	1281	2279.0
contig_463	1281	1282	2281.0
contig_463	1282	1283	2263.0
contig_463	1283	1284	2283.0
contig_463	1284	1285	2305.0
contig_463	1285	1286	2325.0
contig_463	1286	1287	2302.0
contig_463	1287	1288	2288.0
contig_463	1288	1289	2285.0
contig_463	1289	1290	2316.0
contig_463	1290	1291	2284.0
contig_463	1291	1292	2263.0
contig_463	1292	1293	2287.0
contig_463	1293	1294	2297.0
contig_463	1294	1295	2307.0
contig_463	1295	1296	2307.0
contig_463	1296	1297	2307.0
contig_463	1297	1298	2293.0
contig_463	1298	1299	2274.0
contig_463	1299	1300	2293.0
contig_463	1300	1301	2299.0
contig_463	1301	1302	2305.0
contig_463	1302	1303	2323.0
contig_463	1303	1304	2290.0
contig_463	1304	1305	2259.0
contig_463	1305	1306	2260.0
contig_463	1306	1307	2268.0
contig_463	1307	1308	2274.0
contig_463	1308	1309	2290.0
contig_463	1309	1310	2280.0
contig_463	1310	1311	2270.0
contig_463	1311	1312	2255.0
contig_463	1312	1313	2250.0
contig_463	1313	1314	2222.0
contig_463	1314	1315	2224.0
contig_463	1315	1316	2234.0
contig_463	1316	1317	2249.0
contig_463	1317	1318	2265.0
contig_463	1318	1319	2270.0
contig_463	1319	1320	2241.0
contig_463	1320	1321	2265.0
contig_463	1321	1322	2279.0
contig_463	1322	1323	2291.0
contig_463	1323	1324	2302.0
contig_463	1324	1325	2281.0
contig_463	1325	1326	2286.0
contig_463	1326	1327	2292.0
contig_463	1327	1328	2314.0
contig_463	1328	1329	2328.0
contig_463	1329	1330	2273.0
contig_463	1330	1331	2283.0
contig_463	1331	1332	2286.0
contig_463	1332	1333	2277.0
contig_463	1333	1334	2264.0
contig_463	1334	1335	2252.0
contig_463	1335	1336	2254.0
contig_463	1336	1337	2257.0
contig_463	1337	1338	2283.0
contig_463	1338	1339	2296.0
contig_463	1339	1340	2304.0
contig_463	1340	1341	2325.0
contig_463	1341	1342	2333.0
contig_463	1342	1343	2373.0
contig_463	1343	1344	2359.0
contig_463	1344	1345	2361.0
contig_463	1345	1346	2359.0
contig_463	1346	1347	2374.0
contig_463	1347	1348	2385.0
contig_463	1348	1349	2370.0
contig_463	1349	1350	2382.0
contig_463	1350	1351	2371.0
contig_463	1351	1352	2326.0
contig_463	1352	1353	2347.0
contig_463	1353	1354	2351.0
contig_463	1354	1355	2338.0
contig_463	1355	1356	2351.0
contig_463	1356	1357	2336.0
contig_463	1357	1358	2347.0
contig_463	1358	1359	2368.0
contig_463	1359	1360	2410.0
contig_463	1360	1361	2422.0
contig_463	1361	1362	2408.0
contig_463	1362	1363	2399.0
contig_463	1363	1364	2377.0
contig_463	1364	1365	2401.0
contig_463	1365	1366	2410.0
contig_463	1366	1367	2405.0
contig_463	1367	1368	2402.0
contig_463	1368	1369	2415.0
contig_463	1369	1370	2420.0
contig_463	1370	1371	2441.0
contig_463	1371	1372	2416.0
contig_463	1372	1373	2435.0
contig_463	1373	1374	2456.0
contig_463	1374	1375	2475.0
contig_463	1375	1376	2499.0
contig_463	1376	1377	2520.0
contig_463	1377	1378	2534.0
contig_463	1378	1379	2537.0
contig_463	1379	1380	2556.0
contig_463	1380	1381	3264.0
contig_463	1381	1382	3266.0
contig_463	1382	1383	3300.0
contig_463	1383	1384	3314.0
contig_463	1384	1385	3348.0
contig_463	1385	1386	3358.0
contig_463	1386	1387	3331.0
contig_463	1387	1388	3325.0
contig_463	1388	1389	3326.0
contig_463	1389	1390	3314.0
contig_463	1390	1391	3285.0
contig_463	1391	1392	3270.0
contig_463	1392	1393	3247.0
contig_463	1393	1394	3248.0
contig_463	1394	1395	3228.0
contig_463	1395	1396	3212.0
contig_463	1396	1397	3204.0
contig_463	1397	1398	3198.0
contig_463	1398	1399	3186.0
contig_463	1399	1400	3169.0
contig_463	1400	1401	3158.0
contig_463	1401	1402	3158.0
contig_463	1402	1403	3146.0
contig_463	1403	1404	3137.0
contig_463	1404	1405	3127.0
contig_463	1405	1406	3119.0
contig_463	1406	1407	3111.0
contig_463	1407	1408	3092.0
contig_463	1408	1409	3092.0
contig_463	1409	1410	3071.0
contig_463	1410	1411	3067.0
contig_463	1411	1412	3058.0
contig_463	1412	1413	3028.0
contig_463	1413	1414	2986.0
contig_463	1414	1415	2786.0
contig_463	1415	1416	2744.0
contig_463	1416	1417	2736.0
contig_463	1417	1418	2725.0
contig_463	1418	1419	2613.0
contig_487	1419	1420	2194.0
contig_487	1420	1421	2200.0
contig_487	1421	1422	2196.0
contig_487	1422	1423	2183.0
contig_487	1423	1424	2193.0
contig_487	1424	1425	2189.0
contig_487	1425	1426	2179.0
contig_487	1426	1427	2186.0
contig_487	1427	1428	2174.0
contig_487	1428	1429	2154.0
contig_487	1429	1430	2139.0
contig_487	1430	1431	2089.0
contig_487	1431	1432	2105.0
contig_487	1432	1433	2098.0
contig_487	1433	1434	2090.0
contig_487	1434	1435	2089.0
contig_487	1435	1436	2079.0
contig_487	1436	1437	2074.0
contig_487	1437	1438	2070.0
contig_487	1438	1439	2048.0
contig_487	1439	1440	2012.0
contig_487	1440	1441	2005.0
contig_487	1441	1442	1987.0
contig_487	1442	1443	1955.0
contig_487	1443	1444	1953.0
contig_487	1444	1445	1936.0
contig_487	1445	1446	1936.0
contig_487	1446	1447	1914.0
contig_487	1447	1448	1902.0
contig_487	1448	1449	1899.0
contig_487	1449	1450	1907.0
contig_487	1450	1451	1921.0
contig_487	1451	1452	1902.0
contig_487	1452	1453	1897.0
contig_487	1453	1454	1875.0
contig_487	1454	1455	1875.0
contig_487	1455	1456	1898.0
contig_487	1456	1457	1898.0
contig_487	1457	1458	1907.0
contig_487	1458	1459	1912.0
contig_487	1459	1460	1906.0
contig_487	1460	1461	1885.0
contig_487	1461	1462	1873.0
contig_487	1462	1463	1836.0
contig_487	1463	1464	1818.0
contig_487	1464	1465	1817.0
contig_487	1465	1466	1828.0
contig_487	1466	1467	1817.0
contig_487	1467	1468	1866.0
contig_487	1468	1469	1844.0
contig_487	1469	1470	1828.0
contig_487	1470	1471	1813.0
contig_487	1471	1472	1809.0
contig_487	1472	1473	1824.0
contig_487	1473	1474	1817.0
contig_487	1474	1475	1827.0
contig_487	1475	1476	1797.0
contig_487	1476	1477	1777.0
contig_487	1477	1478	1754.0
contig_487	1478	1479	1745.0
contig_487	1479	1480	1736.0
contig_487	1480	1481	1735.0
contig_487	1481	1482	1730.0
contig_487	1482	1483	1730.0
contig_487	1483	1484	1729.0
contig_487	1484	1485	1728.0
contig_487	1485	1486	1719.0
contig_487	1486	1487	1711.0
contig_487	1487	1488	1711.0
contig_487	1488	1489	1663.0
contig_487	1489	1490	1656.0
contig_487	1490	1491	1645.0
contig_487	1491	1492	1653.0
contig_487	1492	1493	1674.0
contig_487	1493	1494	1687.0
contig_487	1494	1495	1671.0
contig_487	1495	1496	1671.0
contig_487	1496	1497	1680.0
contig_487	1497	1498	1677.0
contig_487	1498	1499	1669.0
contig_487	1499	1500	1670.0
contig_487	1500	1501	1668.0
contig_487	1501	1502	1672.0
contig_487	1502	1503	1664.0
contig_487	1503	1504	1671.0
contig_487	1504	1505	1655.0
contig_487	1505	1506	1672.0
contig_487	1506	1507	1661.0
contig_487	1507	1508	1663.0
contig_487	1508	1509	1669.0
contig_487	1509	1510	1669.0
contig_487	1510	1511	1676.0
contig_487	1511	1512	1695.0
contig_487	1512	1513	1697.0
contig_487	1513	1514	1711.0
contig_487	1514	1515	1711.0
contig_487	1515	1516	1711.0
contig_487	1516	1517	1702.0
contig_487	1517	1518	1684.0
contig_487	1518	1519	1684.0
contig_487	1519	1520	1690.0
contig_487	1520	1521	1721.0
contig_487	1521	1522	1701.0
contig_487	1522	1523	1700.0
contig_487	1523	1524	1695.0
contig_487	1524	1525	1699.0
contig_487	1525	1526	1734.0
contig_487	1526	1527	1748.0
contig_487	1527	1528	1744.0
contig_487	1528	1529	1742.0
contig_487	1529	1530	1754.0
contig_487	1530	1531	1759.0
contig_487	1531	1532	1776.0
contig_487	1532	1533	1786.0
contig_487	1533	1534	1804.0
contig_487	1534	1535	1822.0
contig_487	1535	1536	1853.0
contig_487	1536	1537	1830.0
contig_487	1537	1538	1816.0
contig_487	1538	1539	1811.0
contig_487	1539	1540	1829.0
contig_487	1540	1541	1796.0
contig_487	1541	1542	1767.0
contig_487	1542	1543	1754.0
contig_487	1543	1544	1784.0
contig_487	1544	1545	1777.0
contig_487	1545	1546	1803.0
contig_487	1546	1547	1791.0
contig_487	1547	1548	1782.0
contig_487	1548	1549	1808.0
contig_487	1549	1550	1834.0
contig_487	1550	1551	1855.0
contig_487	1551	1552	1868.0
contig_487	1552	1553	1896.0
contig_487	1553	1554	1896.0
contig_487	1554	1555	1916.0
contig_487	1555	1556	1920.0
contig_487	1556	1557	1903.0
contig_487	1557	1558	1938.0
contig_487	1558	1559	1942.0
contig_487	1559	1560	1935.0
contig_487	1560	1561	1944.0
contig_487	1561	1562	1963.0
contig_487	1562	1563	1961.0
contig_487	1563	1564	1981.0
contig_487	1564	1565	1999.0
contig_487	1565	1566	1989.0
contig_487	1566	1567	2001.0
contig_487	1567	1568	2006.0
contig_487	1568	1569	2012.0
contig_487	1569	1570	2036.0
contig_487	1570	1571	2013.0
contig_487	1571	1572	2023.0
contig_487	1572	1573	2028.0
contig_487	1573	1574	2007.0
contig_487	1574	1575	2004.0
contig_487	1575	1576	1987.0
contig_487	1576	1577	1981.0
contig_487	1577	1578	1977.0
contig_487	1578	1579	1977.0
contig_487	1579	1580	1979.0
contig_487	1580	1581	1979.0
contig_487	1581	1582	1965.0
contig_487	1582	1583	1959.0
contig_487	1583	1584	1963.0
contig_487	1584	1585	1945.0
contig_487	1585	1586	1941.0
contig_487	1586	1587	1931.0
contig_487	1587	1588	1921.0
contig_487	1588	1589	1922.0
contig_487	1589	1590	1925.0
contig_487	1590	1591	1943.0
contig_487	1591	1592	1944.0
contig_487	1592	1593	1944.0
contig_487	1593	1594	1930.0
contig_487	1594	1595	1930.0
contig_487	1595	1596	1932.0
contig_487	1596	1597	1928.0
contig_487	1597	1598	1955.0
contig_487	1598	1599	1742.0
contig_487	1599	1600	1730.0
contig_487	1600	1601	1707.0
contig_487	1601	1602	1711.0
contig_487	1602	1603	1718.0
contig_487	1603	1604	1115.0
contig_487	1604	1605	1131.0
contig_487	1605	1606	940.0
contig_487	1606	1607	961.0
contig_487	1607	1608	950.0
contig_487	1608	1609	919.0
contig_487	1609	1610	908.0
contig_487	1610	1611	885.0
contig_487	1611	1612	884.0
contig_487	1612	1613	884.0
contig_487	1613	1614	891.0
contig_487	1614	1615	904.0
contig_487	1615	1616	904.0
contig_487	1616	1617	895.0
contig_487	1617	1618	886.0
contig_487	1618	1619	858.0
contig_487	1619	1620	858.0
contig_487	1620	1621	858.0
contig_487	1621	1622	851.0
contig_487	1622	1623	844.0
contig_487	1623	1624	848.0
contig_487	1624	1625	851.0
contig_487	1625	1626	861.0
contig_487	1626	1627	864.0
contig_487	1627	1628	864.0
contig_487	1628	1629	885.0
contig_487	1629	1630	881.0
contig_487	1630	1631	881.0
contig_487	1631	1632	868.0
contig_487	1632	1633	874.0
contig_487	1633	1634	874.0
contig_487	1634	1635	867.0
contig_487	1635	1636	875.0
contig_487	1636	1637	875.0
contig_487	1637	1638	869.0
contig_487	1638	1639	858.0
contig_487	1639	1640	865.0
contig_487	1640	1641	857.0
contig_487	1641	1642	858.0
contig_487	1642	1643	855.0
contig_487	1643	1644	855.0
contig_487	1644	1645	849.0
contig_487	1645	1646	849.0
contig_487	1646	1647	838.0
contig_487	1647	1648	831.0
contig_487	1648	1649	841.0
contig_487	1649	1650	866.0
contig_487	1650	1651	881.0
contig_487	1651	1652	897.0
contig_487	1652	1653	913.0
contig_487	1653	1654	925.0
contig_487	1654	1655	944.0
contig_487	1655	1656	954.0
contig_487	1656	1657	961.0
contig_487	1657	1658	1630.0
contig_487	1658	1659	1644.0
contig_487	1659	1660	1644.0
contig_487	1660	1661	1634.0
contig_487	1661	1662	1624.0
contig_487	1662	1663	1652.0
contig_487	1663	1664	1677.0
contig_487	1664	1665	2154.0
contig_487	1665	1666	2164.0
contig_487	1666	1667	2163.0
contig_487	1667	1668	2149.0
contig_487	1668	1669	2162.0
contig_487	1669	1670	2157.0
contig_487	1670	1671	2158.0
contig_487	1671	1672	2168.0
contig_487	1672	1673	2196.0
contig_487	1673	1674	2196.0
contig_487	1674	1675	2197.0
contig_487	1675	1676	2204.0
contig_487	1676	1677	2194.0
contig_487	1677	1678	2205.0
contig_487	1678	1679	2206.0
contig_487	1679	1680	2218.0
contig_487	1680	1681	2214.0
contig_487	1681	1682	2212.0
contig_487	1682	1683	2223.0
contig_487	1683	1684	2223.0
contig_487	1684	1685	2207.0
contig_487	1685	1686	2228.0
contig_487	1686	1687	2232.0
contig_487	1687	1688	2249.0
contig_487	1688	1689	2249.0
contig_487	1689	1690	2248.0
contig_487	1690	1691	2262.0
contig_487	1691	1692	2286.0
contig_487	1692	1693	2270.0
contig_487	1693	1694	2269.0
contig_487	1694	1695	2280.0
contig_487	1695	1696	2273.0
contig_487	1696	1697	2268.0
contig_487	1697	1698	2300.0
contig_487	1698	1699	2316.0
contig_487	1699	1700	2304.0
contig_487	1700	1701	2296.0
contig_487	1701	1702	2302.0
contig_487	1702	1703	2289.0
contig_487	1703	1704	2292.0
contig_487	1704	1705	2371.0
contig_487	1705	1706	2378.0
contig_487	1706	1707	2391.0
contig_487	1707	1708	2354.0
contig_487	1708	1709	2340.0
contig_487	1709	1710	2355.0
contig_487	1710	1711	2360.0
contig_487	1711	1712	2341.0
contig_487	1712	1713	2330.0
contig_487	1713	1714	2310.0
contig_487	1714	1715	2300.0
contig_487	1715	1716	2282.0
contig_487	1716	1717	2272.0
contig_487	1717	1718	2273.0
contig_487	1718	1719	2265.0
contig_487	1719	1720	2241.0
contig_487	1720	1721	2247.0
contig_487	1721	1722	2247.0
contig_487	1722	1723	2243.0
contig_487	1723	1724	2261.0
contig_487	1724	1725	2258.0
contig_487	1725	1726	2257.0
contig_487	1726	1727	2249.0
contig_487	1727	1728	2247.0
contig_487	1728	1729	2247.0
contig_487	1729	1730	2237.0
contig_487	1730	1731	2252.0
contig_487	1731	1732	2241.0
contig_487	1732	1733	2249.0
contig_487	1733	1734	2238.0
contig_487	1734	1735	2249.0
contig_487	1735	1736	2251.0
contig_487	1736	1737	2238.0
contig_487	1737	1738	2233.0
contig_487	1738	1739	2229.0
contig_487	1739	1740	2225.0
contig_487	1740	1741	2203.0
contig_487	1741	1742	2173.0
contig_487	1742	1743	2170.0
contig_487	1743	1744	2161.0
contig_487	1744	1745	2168.0
contig_487	1745	1746	2156.0
contig_487	1746	1747	2138.0
contig_487	1747	1748	2122.0
contig_487	1748	1749	2110.0
contig_487	1749	1750	2084.0
contig_487	1750	1751	2084.0
contig_487	1751	1752	2091.0
contig_487	1752	1753	2077.0
contig_487	1753	1754	2057.0
contig_487	1754	1755	2040.0
contig_487	1755	1756	2032.0
contig_487	1756	1757	2001.0
contig_487	1757	1758	1990.0
contig_487	1758	1759	1989.0
contig_487	1759	1760	2044.0
contig_487	1760	1761	2057.0
contig_487	1761	1762	2027.0
contig_487	1762	1763	2046.0
contig_487	1763	1764	2044.0
contig_487	1764	1765	2012.0
contig_487	1765	1766	2037.0
contig_487	1766	1767	2037.0
contig_487	1767	1768	2044.0
contig_487	1768	1769	2065.0
contig_487	1769	1770	2059.0
contig_487	1770	1771	2073.0
contig_487	1771	1772	2049.0
contig_487	1772	1773	2050.0
contig_487	1773	1774	2034.0
contig_487	1774	1775	2008.0
contig_487	1775	1776	1999.0
contig_487	1776	1777	2019.0
contig_487	1777	1778	2039.0
contig_487	1778	1779	1985.0
contig_487	1779	1780	1970.0
contig_487	1780	1781	1960.0
contig_487	1781	1782	1978.0
contig_487	1782	1783	1967.0
contig_487	1783	1784	1987.0
contig_487	1784	1785	1993.0
contig_487	1785	1786	1970.0
contig_487	1786	1787	1960.0
contig_487	1787	1788	1938.0
contig_487	1788	1789	1936.0
contig_487	1789	1790	1937.0
contig_487	1790	1791	1920.0
contig_487	1791	1792	1906.0
contig_487	1792	1793	1899.0
contig_487	1793	1794	1910.0
contig_487	1794	1795	1910.0
contig_487	1795	1796	1909.0
contig_487	1796	1797	1909.0
contig_487	1797	1798	1917.0
contig_487	1798	1799	1894.0
contig_487	1799	1800	1877.0
contig_487	1800	1801	1883.0
contig_487	1801	1802	1858.0
contig_487	1802	1803	1874.0
contig_487	1803	1804	1853.0
contig_487	1804	1805	1818.0
contig_487	1805	1806	1820.0
contig_487	1806	1807	1823.0
contig_487	1807	1808	1852.0
contig_487	1808	1809	1846.0
contig_487	1809	1810	1855.0
contig_487	1810	1811	1863.0
contig_487	1811	1812	1874.0
contig_487	1812	1813	1848.0
contig_487	1813	1814	1855.0
contig_487	1814	1815	1856.0
contig_487	1815	1816	1846.0
contig_487	1816	1817	1858.0
contig_487	1817	1818	1887.0
contig_487	1818	1819	1950.0
contig_487	1819	1820	1957.0
contig_487	1820	1821	1965.0
contig_487	1821	1822	1959.0
contig_487	1822	1823	1956.0
contig_487	1823	1824	1967.0
contig_487	1824	1825	1981.0
contig_487	1825	1826	1963.0
contig_487	1826	1827	1973.0
contig_487	1827	1828	2003.0
contig_487	1828	1829	2017.0
contig_487	1829	1830	2009.0
contig_487	1830	1831	2016.0
contig_487	1831	1832	2011.0
contig_487	1832	1833	2004.0
contig_487	1833	1834	2004.0
contig_487	1834	1835	2002.0
contig_487	1835	1836	1998.0
contig_487	1836	1837	2006.0
contig_487	1837	1838	1989.0
contig_487	1838	1839	1993.0
contig_487	1839	1840	2000.0
contig_487	1840	1841	1987.0
contig_487	1841	1842	1978.0
contig_487	1842	1843	1965.0
contig_487	1843	1844	1949.0
contig_487	1844	1845	1937.0
contig_487	1845	1846	1932.0
contig_487	1846	1847	1941.0
contig_487	1847	1848	1915.0
contig_487	1848	1849	1931.0
contig_487	1849	1850	1927.0
contig_487	1850	1851	1927.0
contig_487	1851	1852	1936.0
contig_487	1852	1853	1894.0
contig_487	1853	1854	1907.0
contig_487	1854	1855	1536.0
contig_487	1855	1856	1527.0
contig_487	1856	1857	1537.0
contig_487	1857	1858	1546.0
contig_487	1858	1859	1584.0
contig_487	1859	1860	1563.0
contig_487	1860	1861	1919.0
contig_487	1861	1862	1961.0
contig_487	1862	1863	1963.0
contig_487	1863	1864	1963.0
contig_487	1864	1865	1933.0
contig_487	1865	1866	1923.0
contig_487	1866	1867	1913.0
contig_487	1867	1868	1916.0
contig_487	1868	1869	1920.0
contig_487	1869	1870	1898.0
contig_487	1870	1871	1896.0
contig_487	1871	1872	1896.0
contig_487	1872	1873	1906.0
contig_487	1873	1874	1882.0
contig_487	1874	1875	1883.0
contig_487	1875	1876	1884.0
contig_487	1876	1877	1884.0
contig_487	1877	1878	1858.0
contig_487	1878	1879	1858.0
contig_487	1879	1880	1858.0
contig_487	1880	1881	1838.0
contig_487	1881	1882	1776.0
contig_487	1882	1883	1742.0
contig_487	1883	1884	1740.0
contig_487	1884	1885	1734.0
contig_487	1885	1886	1714.0
contig_487	1886	1887	1715.0
contig_487	1887	1888	1715.0
contig_487	1888	1889	1715.0
contig_487	1889	1890	1737.0
contig_487	1890	1891	1737.0
contig_487	1891	1892	1729.0
contig_487	1892	1893	1725.0
contig_487	1893	1894	1717.0
contig_487	1894	1895	1693.0
contig_487	1895	1896	1680.0
contig_487	1896	1897	1657.0
contig_487	1897	1898	1641.0
contig_487	1898	1899	1641.0
contig_487	1899	1900	1633.0
contig_487	1900	1901	1620.0
contig_487	1901	1902	1611.0
contig_487	1902	1903	1599.0
contig_487	1903	1904	1575.0
contig_487	1904	1905	1560.0
contig_487	1905	1906	1554.0
contig_487	1906	1907	1553.0
contig_487	1907	1908	1530.0
contig_487	1908	1909	1530.0
contig_487	1909	1910	1507.0
contig_487	1910	1911	1497.0
contig_487	1911	1912	1497.0
contig_487	1912	1913	1493.0
contig_487	1913	1914	1494.0
contig_487	1914	1915	1482.0
contig_487	1915	1916	1408.0
contig_487	1916	1917	1400.0
contig_487	1917	1918	1361.0
contig_487	1918	1919	1339.0
contig_487	1919	1920	1339.0
contig_487	1920	1921	1317.0
contig_487	1921	1922	1311.0
contig_487	1922	1923	1300.0
contig_487	1923	1924	1298.0
contig_487	1924	1925	1293.0
contig_487	1925	1926	1282.0
contig_487	1926	1927	1255.0
contig_487	1927	1928	1212.0
contig_487	1928	1929	1205.0
contig_487	1929	1930	1177.0
contig_487	1930	1931	1164.0
contig_487	1931	1932	1123.0
contig_487	1932	1933	1123.0
contig_487	1933	1934	1102.0
contig_487	1934	1935	1100.0
contig_487	1935	1936	1093.0
contig_487	1936	1937	1077.0
contig_487	1937	1938	1075.0
contig_487	1938	1939	1060.0
contig_487	1939	1940	1020.0
contig_487	1940	1941	999.0
contig_487	1941	1942	993.0
contig_487	1942	1943	993.0
contig_487	1943	1944	987.0
contig_487	1944	1945	987.0
contig_487	1945	1946	975.0
contig_487	1946	1947	968.0
contig_487	1947	1948	939.0
contig_487	1948	1949	939.0
contig_487	1949	1950	900.0
contig_487	1950	1951	895.0
contig_487	1951	1952	888.0
contig_487	1952	1953	884.0
contig_487	1953	1954	876.0
contig_487	1954	1955	862.0
contig_487	1955	1956	851.0
contig_487	1956	1957	847.0
contig_487	1957	1958	794.0
contig_487	1958	1959	734.0
