contig_449	1	2	41.0
contig_449	2	3	41.0
contig_449	3	4	53.0
contig_449	4	5	53.0
contig_449	5	6	53.0
contig_449	6	7	53.0
contig_449	7	8	61.0
contig_449	8	9	65.0
contig_449	9	10	65.0
contig_449	10	11	65.0
contig_449	11	12	66.0
contig_449	12	13	66.0
contig_449	13	14	70.0
contig_449	14	15	70.0
contig_449	15	16	70.0
contig_449	16	17	74.0
contig_449	17	18	74.0
contig_449	18	19	74.0
contig_449	19	20	74.0
contig_449	20	21	74.0
contig_449	21	22	74.0
contig_449	22	23	86.0
contig_449	23	24	91.0
contig_449	24	25	103.0
contig_449	25	26	103.0
contig_449	26	27	103.0
contig_449	27	28	103.0
contig_449	28	29	103.0
contig_449	29	30	103.0
contig_449	30	31	104.0
contig_449	31	32	104.0
contig_449	32	33	104.0
contig_449	33	34	109.0
contig_449	34	35	109.0
contig_449	35	36	110.0
contig_449	36	37	110.0
contig_449	37	38	112.0
contig_449	38	39	115.0
contig_449	39	40	116.0
contig_449	40	41	116.0
contig_449	41	42	116.0
contig_449	42	43	120.0
contig_449	43	44	127.0
contig_449	44	45	127.0
contig_449	45	46	141.0
contig_449	46	47	141.0
contig_449	47	48	146.0
contig_449	48	49	149.0
contig_449	49	50	149.0
contig_449	50	51	152.0
contig_449	51	52	152.0
contig_449	52	53	152.0
contig_449	53	54	152.0
contig_449	54	55	152.0
contig_449	55	56	152.0
contig_449	56	57	156.0
contig_449	57	58	156.0
contig_449	58	59	170.0
contig_449	59	60	170.0
contig_449	60	61	170.0
contig_449	61	62	170.0
contig_449	62	63	170.0
contig_449	63	64	170.0
contig_449	64	65	174.0
contig_449	65	66	174.0
contig_449	66	67	174.0
contig_449	67	68	177.0
contig_449	68	69	179.0
contig_449	69	70	179.0
contig_449	70	71	179.0
contig_449	71	72	179.0
contig_449	72	73	179.0
contig_449	73	74	189.0
contig_449	74	75	196.0
contig_449	75	76	196.0
contig_449	76	77	204.0
contig_449	77	78	204.0
contig_449	78	79	204.0
contig_449	79	80	204.0
contig_449	80	81	204.0
contig_449	81	82	206.0
contig_449	82	83	206.0
contig_449	83	84	214.0
contig_449	84	85	214.0
contig_449	85	86	227.0
contig_449	86	87	230.0
contig_449	87	88	237.0
contig_449	88	89	237.0
contig_449	89	90	237.0
contig_449	90	91	246.0
contig_449	91	92	251.0
contig_449	92	93	257.0
contig_449	93	94	257.0
contig_449	94	95	257.0
contig_449	95	96	262.0
contig_449	96	97	262.0
contig_449	97	98	262.0
contig_449	98	99	263.0
contig_449	99	100	263.0
contig_449	100	101	264.0
contig_449	101	102	266.0
contig_449	102	103	274.0
contig_449	103	104	274.0
contig_449	104	105	274.0
contig_449	105	106	276.0
contig_449	106	107	276.0
contig_449	107	108	276.0
contig_449	108	109	281.0
contig_449	109	110	278.0
contig_449	110	111	278.0
contig_449	111	112	286.0
contig_449	112	113	286.0
contig_449	113	114	289.0
contig_449	114	115	297.0
contig_449	115	116	297.0
contig_449	116	117	297.0
contig_449	117	118	297.0
contig_449	118	119	296.0
contig_449	119	120	296.0
contig_449	120	121	296.0
contig_449	121	122	301.0
contig_449	122	123	301.0
contig_449	123	124	301.0
contig_449	124	125	300.0
contig_449	125	126	301.0
contig_449	126	127	305.0
contig_449	127	128	305.0
contig_449	128	129	307.0
contig_449	129	130	314.0
contig_449	130	131	322.0
contig_449	131	132	322.0
contig_449	132	133	321.0
contig_449	133	134	321.0
contig_449	134	135	321.0
contig_449	135	136	315.0
contig_449	136	137	315.0
contig_449	137	138	315.0
contig_449	138	139	312.0
contig_449	139	140	314.0
contig_449	140	141	321.0
contig_449	141	142	321.0
contig_449	142	143	325.0
contig_449	143	144	332.0
contig_449	144	145	332.0
contig_449	145	146	332.0
contig_449	146	147	332.0
contig_449	147	148	332.0
contig_449	148	149	334.0
contig_449	149	150	334.0
contig_449	150	151	337.0
contig_449	151	152	342.0
contig_449	152	153	349.0
contig_449	153	154	349.0
contig_449	154	155	362.0
contig_449	155	156	361.0
contig_449	156	157	361.0
contig_449	157	158	357.0
contig_449	158	159	353.0
contig_449	159	160	371.0
contig_449	160	161	372.0
contig_449	161	162	372.0
contig_449	162	163	378.0
contig_449	163	164	377.0
contig_449	164	165	373.0
contig_449	165	166	373.0
contig_449	166	167	365.0
contig_449	167	168	365.0
contig_449	168	169	367.0
contig_449	169	170	361.0
contig_449	170	171	366.0
contig_449	171	172	370.0
contig_449	172	173	358.0
contig_449	173	174	358.0
contig_449	174	175	356.0
contig_449	175	176	362.0
contig_449	176	177	362.0
contig_449	177	178	362.0
contig_449	178	179	360.0
contig_449	179	180	360.0
contig_449	180	181	369.0
contig_449	181	182	369.0
contig_449	182	183	369.0
contig_449	183	184	369.0
contig_449	184	185	369.0
contig_449	185	186	384.0
contig_449	186	187	388.0
contig_449	187	188	391.0
contig_449	188	189	388.0
contig_449	189	190	388.0
contig_449	190	191	380.0
contig_449	191	192	380.0
contig_449	192	193	380.0
contig_449	193	194	373.0
contig_449	194	195	373.0
contig_449	195	196	374.0
contig_449	196	197	377.0
contig_449	197	198	377.0
contig_449	198	199	375.0
contig_449	199	200	375.0
contig_449	200	201	381.0
contig_449	201	202	381.0
contig_449	202	203	379.0
contig_449	203	204	380.0
contig_449	204	205	381.0
contig_449	205	206	391.0
contig_449	206	207	394.0
contig_449	207	208	408.0
contig_449	208	209	394.0
contig_449	209	210	394.0
contig_449	210	211	389.0
contig_449	211	212	391.0
contig_449	212	213	391.0
contig_449	213	214	394.0
contig_449	214	215	391.0
contig_449	215	216	391.0
contig_449	216	217	389.0
contig_449	217	218	386.0
contig_449	218	219	384.0
contig_449	219	220	384.0
contig_449	220	221	384.0
contig_449	221	222	384.0
contig_449	222	223	390.0
contig_449	223	224	371.0
contig_449	224	225	357.0
contig_449	225	226	356.0
contig_449	226	227	348.0
contig_449	227	228	349.0
contig_449	228	229	349.0
contig_449	229	230	349.0
contig_449	230	231	349.0
contig_449	231	232	342.0
contig_449	232	233	342.0
contig_449	233	234	341.0
contig_449	234	235	341.0
contig_449	235	236	328.0
contig_449	236	237	323.0
contig_449	237	238	323.0
contig_449	238	239	323.0
contig_449	239	240	326.0
contig_449	240	241	327.0
contig_449	241	242	326.0
contig_449	242	243	324.0
contig_449	243	244	326.0
contig_449	244	245	326.0
contig_449	245	246	326.0
contig_449	246	247	326.0
contig_449	247	248	333.0
contig_449	248	249	332.0
contig_449	249	250	337.0
contig_449	250	251	337.0
contig_449	251	252	335.0
contig_449	252	253	333.0
contig_449	253	254	331.0
contig_449	254	255	336.0
contig_449	255	256	336.0
contig_449	256	257	336.0
contig_449	257	258	336.0
contig_449	258	259	341.0
contig_449	259	260	341.0
contig_449	260	261	341.0
contig_449	261	262	346.0
contig_449	262	263	346.0
contig_449	263	264	343.0
contig_449	264	265	343.0
contig_449	265	266	333.0
contig_449	266	267	335.0
contig_449	267	268	342.0
contig_449	268	269	343.0
contig_449	269	270	343.0
contig_449	270	271	343.0
contig_449	271	272	338.0
contig_449	272	273	338.0
contig_449	273	274	338.0
contig_449	274	275	338.0
contig_449	275	276	341.0
contig_449	276	277	337.0
contig_449	277	278	339.0
contig_449	278	279	348.0
contig_449	279	280	334.0
contig_449	280	281	322.0
contig_449	281	282	327.0
contig_449	282	283	329.0
contig_449	283	284	329.0
contig_449	284	285	329.0
contig_449	285	286	329.0
contig_449	286	287	322.0
contig_449	287	288	322.0
contig_449	288	289	319.0
contig_449	289	290	314.0
contig_449	290	291	308.0
contig_449	291	292	308.0
contig_449	292	293	299.0
contig_449	293	294	298.0
contig_449	294	295	298.0
contig_449	295	296	293.0
contig_449	296	297	293.0
contig_449	297	298	293.0
contig_449	298	299	292.0
contig_449	299	300	292.0
contig_449	300	301	292.0
contig_449	301	302	292.0
contig_449	302	303	287.0
contig_449	303	304	287.0
contig_449	304	305	284.0
contig_449	305	306	284.0
contig_449	306	307	288.0
contig_449	307	308	285.0
contig_449	308	309	282.0
contig_449	309	310	269.0
contig_449	310	311	269.0
contig_449	311	312	260.0
contig_449	312	313	254.0
contig_449	313	314	254.0
contig_449	314	315	260.0
contig_449	315	316	260.0
contig_449	316	317	264.0
contig_449	317	318	264.0
contig_449	318	319	264.0
contig_449	319	320	264.0
contig_449	320	321	268.0
contig_449	321	322	272.0
contig_449	322	323	272.0
contig_449	323	324	273.0
contig_449	324	325	276.0
contig_449	325	326	269.0
contig_449	326	327	276.0
contig_449	327	328	277.0
contig_449	328	329	277.0
contig_449	329	330	290.0
contig_449	330	331	280.0
contig_449	331	332	280.0
contig_449	332	333	288.0
contig_449	333	334	289.0
contig_449	334	335	289.0
contig_449	335	336	285.0
contig_449	336	337	292.0
contig_449	337	338	292.0
contig_449	338	339	292.0
contig_449	339	340	292.0
contig_449	340	341	292.0
contig_449	341	342	292.0
contig_449	342	343	292.0
contig_449	343	344	292.0
contig_449	344	345	308.0
contig_449	345	346	318.0
contig_449	346	347	318.0
contig_449	347	348	318.0
contig_449	348	349	317.0
contig_449	349	350	312.0
contig_449	350	351	316.0
contig_449	351	352	318.0
contig_449	352	353	319.0
contig_449	353	354	319.0
contig_449	354	355	318.0
contig_449	355	356	307.0
contig_449	356	357	307.0
contig_449	357	358	293.0
contig_449	358	359	293.0
contig_449	359	360	293.0
contig_449	360	361	293.0
contig_449	361	362	300.0
contig_449	362	363	300.0
contig_449	363	364	297.0
contig_449	364	365	296.0
contig_449	365	366	308.0
contig_449	366	367	308.0
contig_449	367	368	306.0
contig_449	368	369	303.0
contig_449	369	370	305.0
contig_449	370	371	308.0
contig_449	371	372	303.0
contig_449	372	373	297.0
contig_449	373	374	296.0
contig_449	374	375	296.0
contig_449	375	376	317.0
contig_449	376	377	314.0
contig_449	377	378	322.0
contig_449	378	379	322.0
contig_449	379	380	322.0
contig_449	380	381	322.0
contig_449	381	382	322.0
contig_449	382	383	322.0
contig_449	383	384	322.0
contig_449	384	385	328.0
contig_449	385	386	320.0
contig_449	386	387	326.0
contig_449	387	388	322.0
contig_449	388	389	322.0
contig_449	389	390	329.0
contig_449	390	391	324.0
contig_449	391	392	312.0
contig_449	392	393	317.0
contig_449	393	394	333.0
contig_449	394	395	333.0
contig_449	395	396	328.0
contig_449	396	397	331.0
contig_449	397	398	328.0
contig_449	398	399	324.0
contig_449	399	400	338.0
contig_449	400	401	338.0
contig_449	401	402	335.0
contig_449	402	403	340.0
contig_449	403	404	340.0
contig_449	404	405	348.0
contig_449	405	406	348.0
contig_449	406	407	348.0
contig_449	407	408	341.0
contig_449	408	409	334.0
contig_449	409	410	337.0
contig_449	410	411	329.0
contig_449	411	412	328.0
contig_449	412	413	333.0
contig_449	413	414	336.0
contig_449	414	415	339.0
contig_449	415	416	339.0
contig_449	416	417	342.0
contig_449	417	418	335.0
contig_449	418	419	358.0
contig_449	419	420	364.0
contig_449	420	421	369.0
contig_449	421	422	369.0
contig_449	422	423	380.0
contig_449	423	424	378.0
contig_449	424	425	385.0
contig_449	425	426	382.0
contig_449	426	427	380.0
contig_449	427	428	390.0
contig_449	428	429	381.0
contig_449	429	430	387.0
contig_449	430	431	387.0
contig_449	431	432	384.0
contig_449	432	433	384.0
contig_449	433	434	391.0
contig_449	434	435	391.0
contig_449	435	436	391.0
contig_449	436	437	391.0
contig_449	437	438	391.0
contig_449	438	439	394.0
contig_449	439	440	393.0
contig_449	440	441	390.0
contig_449	441	442	387.0
contig_449	442	443	387.0
contig_449	443	444	387.0
contig_449	444	445	387.0
contig_449	445	446	387.0
contig_449	446	447	390.0
contig_449	447	448	390.0
contig_449	448	449	390.0
contig_449	449	450	391.0
contig_449	450	451	391.0
contig_449	451	452	391.0
contig_449	452	453	389.0
contig_449	453	454	389.0
contig_449	454	455	405.0
contig_449	455	456	405.0
contig_449	456	457	406.0
contig_449	457	458	405.0
contig_449	458	459	413.0
contig_449	459	460	425.0
contig_449	460	461	448.0
contig_449	461	462	446.0
contig_449	462	463	446.0
contig_449	463	464	446.0
contig_449	464	465	440.0
contig_449	465	466	449.0
contig_449	466	467	445.0
contig_449	467	468	453.0
contig_449	468	469	453.0
contig_449	469	470	459.0
contig_449	470	471	468.0
contig_449	471	472	475.0
contig_449	472	473	475.0
contig_449	473	474	475.0
contig_449	474	475	472.0
contig_449	475	476	481.0
contig_449	476	477	493.0
contig_449	477	478	493.0
contig_449	478	479	493.0
contig_449	479	480	480.0
contig_449	480	481	490.0
contig_449	481	482	490.0
contig_449	482	483	495.0
contig_449	483	484	495.0
contig_449	484	485	499.0
contig_449	485	486	505.0
contig_449	486	487	498.0
contig_449	487	488	498.0
contig_449	488	489	506.0
contig_449	489	490	506.0
contig_449	490	491	506.0
contig_449	491	492	523.0
contig_449	492	493	523.0
contig_449	493	494	523.0
contig_449	494	495	530.0
contig_449	495	496	517.0
contig_449	496	497	517.0
contig_449	497	498	514.0
contig_449	498	499	514.0
contig_449	499	500	514.0
contig_449	500	501	513.0
contig_449	501	502	510.0
contig_449	502	503	519.0
contig_449	503	504	519.0
contig_449	504	505	519.0
contig_449	505	506	523.0
contig_449	506	507	523.0
contig_449	507	508	523.0
contig_449	508	509	565.0
contig_449	509	510	570.0
contig_449	510	511	563.0
contig_449	511	512	562.0
contig_449	512	513	565.0
contig_449	513	514	574.0
contig_449	514	515	592.0
contig_449	515	516	598.0
contig_449	516	517	599.0
contig_449	517	518	602.0
contig_449	518	519	602.0
contig_449	519	520	602.0
contig_449	520	521	592.0
contig_449	521	522	595.0
contig_449	522	523	595.0
contig_449	523	524	599.0
contig_449	524	525	599.0
contig_449	525	526	582.0
contig_449	526	527	583.0
contig_449	527	528	587.0
contig_449	528	529	586.0
contig_449	529	530	599.0
contig_449	530	531	604.0
contig_449	531	532	604.0
contig_449	532	533	604.0
contig_449	533	534	595.0
contig_449	534	535	585.0
contig_449	535	536	585.0
contig_449	536	537	582.0
contig_449	537	538	582.0
contig_449	538	539	582.0
contig_449	539	540	582.0
contig_449	540	541	582.0
contig_449	541	542	584.0
contig_449	542	543	575.0
contig_449	543	544	553.0
contig_449	544	545	563.0
contig_449	545	546	563.0
contig_449	546	547	561.0
contig_449	547	548	565.0
contig_449	548	549	564.0
contig_449	549	550	545.0
contig_449	550	551	541.0
contig_449	551	552	541.0
contig_449	552	553	536.0
contig_449	553	554	539.0
contig_449	554	555	540.0
contig_449	555	556	552.0
contig_449	556	557	554.0
contig_449	557	558	554.0
contig_449	558	559	554.0
contig_449	559	560	551.0
contig_449	560	561	551.0
contig_449	561	562	547.0
contig_449	562	563	550.0
contig_449	563	564	547.0
contig_449	564	565	542.0
contig_449	565	566	542.0
contig_449	566	567	544.0
contig_449	567	568	555.0
contig_449	568	569	548.0
contig_449	569	570	548.0
contig_449	570	571	548.0
contig_449	571	572	548.0
contig_449	572	573	548.0
contig_449	573	574	549.0
contig_449	574	575	541.0
contig_449	575	576	542.0
contig_449	576	577	541.0
contig_449	577	578	533.0
contig_449	578	579	533.0
contig_449	579	580	527.0
contig_449	580	581	525.0
contig_449	581	582	523.0
contig_449	582	583	523.0
contig_449	583	584	518.0
contig_449	584	585	510.0
contig_449	585	586	512.0
contig_449	586	587	517.0
contig_449	587	588	520.0
contig_449	588	589	520.0
contig_449	589	590	530.0
contig_449	590	591	526.0
contig_449	591	592	527.0
contig_449	592	593	527.0
contig_449	593	594	527.0
contig_449	594	595	540.0
contig_449	595	596	540.0
contig_449	596	597	541.0
contig_449	597	598	562.0
contig_449	598	599	562.0
contig_449	599	600	559.0
contig_449	600	601	559.0
contig_449	601	602	555.0
contig_449	602	603	551.0
contig_449	603	604	551.0
contig_449	604	605	537.0
contig_449	605	606	537.0
contig_449	606	607	536.0
contig_449	607	608	536.0
contig_449	608	609	532.0
contig_449	609	610	518.0
contig_449	610	611	496.0
contig_449	611	612	495.0
contig_449	612	613	496.0
contig_449	613	614	504.0
contig_449	614	615	504.0
contig_449	615	616	490.0
contig_449	616	617	490.0
contig_449	617	618	493.0
contig_449	618	619	493.0
contig_449	619	620	496.0
contig_449	620	621	483.0
contig_449	621	622	476.0
contig_449	622	623	476.0
contig_449	623	624	476.0
contig_449	624	625	476.0
contig_449	625	626	459.0
contig_449	626	627	447.0
contig_449	627	628	440.0
contig_449	628	629	450.0
contig_449	629	630	450.0
contig_449	630	631	437.0
contig_449	631	632	444.0
contig_449	632	633	439.0
contig_449	633	634	439.0
contig_449	634	635	435.0
contig_449	635	636	437.0
contig_449	636	637	437.0
contig_449	637	638	456.0
contig_449	638	639	456.0
contig_449	639	640	457.0
contig_449	640	641	457.0
contig_449	641	642	456.0
contig_449	642	643	447.0
contig_449	643	644	451.0
contig_449	644	645	451.0
contig_449	645	646	451.0
contig_449	646	647	449.0
contig_449	647	648	449.0
contig_449	648	649	453.0
contig_449	649	650	453.0
contig_449	650	651	450.0
contig_449	651	652	450.0
contig_449	652	653	451.0
contig_449	653	654	451.0
contig_449	654	655	453.0
contig_449	655	656	448.0
contig_449	656	657	448.0
contig_449	657	658	442.0
contig_449	658	659	412.0
contig_449	659	660	394.0
contig_449	660	661	393.0
contig_449	661	662	393.0
contig_449	662	663	400.0
contig_449	663	664	406.0
contig_449	664	665	406.0
contig_449	665	666	400.0
contig_449	666	667	390.0
contig_449	667	668	417.0
contig_449	668	669	417.0
contig_449	669	670	417.0
contig_449	670	671	416.0
contig_449	671	672	413.0
contig_449	672	673	413.0
contig_449	673	674	417.0
contig_449	674	675	417.0
contig_449	675	676	417.0
contig_449	676	677	423.0
contig_449	677	678	413.0
contig_449	678	679	415.0
contig_449	679	680	413.0
contig_449	680	681	413.0
contig_449	681	682	413.0
contig_449	682	683	413.0
contig_449	683	684	418.0
contig_449	684	685	418.0
contig_449	685	686	418.0
contig_449	686	687	409.0
contig_449	687	688	418.0
contig_449	688	689	401.0
contig_449	689	690	391.0
contig_449	690	691	391.0
contig_449	691	692	391.0
contig_449	692	693	384.0
contig_449	693	694	385.0
contig_449	694	695	384.0
contig_449	695	696	384.0
contig_449	696	697	385.0
contig_449	697	698	379.0
contig_449	698	699	380.0
contig_449	699	700	380.0
contig_449	700	701	383.0
contig_449	701	702	386.0
contig_449	702	703	387.0
contig_449	703	704	384.0
contig_449	704	705	384.0
contig_449	705	706	384.0
contig_449	706	707	399.0
contig_449	707	708	399.0
contig_449	708	709	399.0
contig_449	709	710	399.0
contig_449	710	711	388.0
contig_449	711	712	395.0
contig_449	712	713	391.0
contig_449	713	714	396.0
contig_449	714	715	396.0
contig_449	715	716	396.0
contig_449	716	717	395.0
contig_449	717	718	382.0
contig_449	718	719	382.0
contig_449	719	720	376.0
contig_449	720	721	376.0
contig_449	721	722	381.0
contig_449	722	723	381.0
contig_449	723	724	380.0
contig_449	724	725	384.0
contig_449	725	726	390.0
contig_449	726	727	385.0
contig_449	727	728	387.0
contig_449	728	729	387.0
contig_449	729	730	390.0
contig_449	730	731	392.0
contig_449	731	732	392.0
contig_449	732	733	393.0
contig_449	733	734	391.0
contig_449	734	735	391.0
contig_449	735	736	386.0
contig_449	736	737	386.0
contig_449	737	738	386.0
contig_449	738	739	386.0
contig_449	739	740	376.0
contig_449	740	741	376.0
contig_449	741	742	376.0
contig_449	742	743	377.0
contig_449	743	744	377.0
contig_449	744	745	364.0
contig_449	745	746	364.0
contig_449	746	747	363.0
contig_449	747	748	344.0
contig_449	748	749	347.0
contig_449	749	750	352.0
contig_449	750	751	352.0
contig_449	751	752	352.0
contig_449	752	753	365.0
contig_449	753	754	366.0
contig_449	754	755	365.0
contig_449	755	756	365.0
contig_449	756	757	369.0
contig_449	757	758	369.0
contig_449	758	759	365.0
contig_449	759	760	371.0
contig_449	760	761	373.0
contig_449	761	762	376.0
contig_449	762	763	376.0
contig_449	763	764	357.0
contig_449	764	765	357.0
contig_449	765	766	347.0
contig_449	766	767	338.0
contig_449	767	768	335.0
contig_449	768	769	335.0
contig_449	769	770	332.0
contig_449	770	771	337.0
contig_449	771	772	339.0
contig_449	772	773	337.0
contig_449	773	774	340.0
contig_449	774	775	335.0
contig_449	775	776	338.0
contig_449	776	777	341.0
contig_449	777	778	342.0
contig_449	778	779	342.0
contig_449	779	780	342.0
contig_449	780	781	342.0
contig_449	781	782	335.0
contig_449	782	783	336.0
contig_449	783	784	337.0
contig_449	784	785	336.0
contig_449	785	786	341.0
contig_449	786	787	341.0
contig_449	787	788	332.0
contig_449	788	789	327.0
contig_449	789	790	326.0
contig_449	790	791	326.0
contig_449	791	792	332.0
contig_449	792	793	333.0
contig_449	793	794	333.0
contig_449	794	795	333.0
contig_449	795	796	333.0
contig_449	796	797	332.0
contig_449	797	798	332.0
contig_449	798	799	331.0
contig_449	799	800	331.0
contig_449	800	801	331.0
contig_449	801	802	332.0
contig_449	802	803	326.0
contig_449	803	804	326.0
contig_449	804	805	324.0
contig_449	805	806	325.0
contig_449	806	807	325.0
contig_449	807	808	325.0
contig_449	808	809	327.0
contig_449	809	810	332.0
contig_449	810	811	318.0
contig_449	811	812	318.0
contig_449	812	813	311.0
contig_449	813	814	311.0
contig_449	814	815	311.0
contig_449	815	816	311.0
contig_449	816	817	311.0
contig_449	817	818	283.0
contig_449	818	819	283.0
contig_449	819	820	288.0
contig_449	820	821	288.0
contig_449	821	822	288.0
contig_449	822	823	276.0
contig_449	823	824	276.0
contig_449	824	825	276.0
contig_449	825	826	268.0
contig_449	826	827	269.0
contig_449	827	828	269.0
contig_449	828	829	268.0
contig_449	829	830	273.0
contig_449	830	831	266.0
contig_449	831	832	266.0
contig_449	832	833	266.0
contig_449	833	834	266.0
contig_449	834	835	266.0
contig_449	835	836	266.0
contig_449	836	837	266.0
contig_449	837	838	255.0
contig_449	838	839	257.0
contig_449	839	840	257.0
contig_449	840	841	257.0
contig_449	841	842	257.0
contig_449	842	843	257.0
contig_449	843	844	257.0
contig_449	844	845	260.0
contig_449	845	846	261.0
contig_449	846	847	263.0
contig_449	847	848	267.0
contig_449	848	849	266.0
contig_449	849	850	266.0
contig_449	850	851	263.0
contig_449	851	852	263.0
contig_449	852	853	264.0
contig_449	853	854	247.0
contig_449	854	855	247.0
contig_449	855	856	247.0
contig_449	856	857	232.0
contig_449	857	858	232.0
contig_449	858	859	232.0
contig_449	859	860	244.0
contig_449	860	861	244.0
contig_449	861	862	237.0
contig_449	862	863	238.0
contig_449	863	864	233.0
contig_449	864	865	233.0
contig_449	865	866	237.0
contig_449	866	867	237.0
contig_449	867	868	237.0
contig_449	868	869	234.0
contig_449	869	870	234.0
contig_449	870	871	234.0
contig_449	871	872	233.0
contig_449	872	873	236.0
contig_449	873	874	236.0
contig_449	874	875	239.0
contig_449	875	876	237.0
contig_449	876	877	237.0
contig_449	877	878	235.0
contig_449	878	879	235.0
contig_449	879	880	232.0
contig_449	880	881	232.0
contig_449	881	882	232.0
contig_449	882	883	232.0
contig_449	883	884	237.0
contig_449	884	885	236.0
contig_449	885	886	232.0
contig_449	886	887	229.0
contig_449	887	888	223.0
contig_449	888	889	223.0
contig_449	889	890	225.0
contig_449	890	891	229.0
contig_449	891	892	229.0
contig_449	892	893	229.0
contig_449	893	894	229.0
contig_449	894	895	229.0
contig_449	895	896	229.0
contig_449	896	897	232.0
contig_449	897	898	232.0
contig_449	898	899	232.0
contig_449	899	900	228.0
contig_449	900	901	231.0
contig_449	901	902	230.0
contig_449	902	903	221.0
contig_449	903	904	220.0
contig_449	904	905	225.0
contig_449	905	906	227.0
contig_449	906	907	223.0
contig_449	907	908	217.0
contig_449	908	909	217.0
contig_449	909	910	217.0
contig_449	910	911	217.0
contig_449	911	912	230.0
contig_449	912	913	229.0
contig_449	913	914	231.0
contig_449	914	915	229.0
contig_449	915	916	233.0
contig_449	916	917	226.0
contig_449	917	918	226.0
contig_449	918	919	226.0
contig_449	919	920	226.0
contig_449	920	921	226.0
contig_449	921	922	225.0
contig_449	922	923	225.0
contig_449	923	924	225.0
contig_449	924	925	229.0
contig_449	925	926	234.0
contig_449	926	927	235.0
contig_449	927	928	233.0
contig_449	928	929	233.0
contig_449	929	930	233.0
contig_449	930	931	221.0
contig_449	931	932	228.0
contig_449	932	933	224.0
contig_449	933	934	223.0
contig_449	934	935	223.0
contig_449	935	936	219.0
contig_449	936	937	219.0
contig_449	937	938	222.0
contig_449	938	939	222.0
contig_449	939	940	222.0
contig_449	940	941	222.0
contig_449	941	942	211.0
contig_449	942	943	207.0
contig_449	943	944	207.0
contig_449	944	945	207.0
contig_449	945	946	207.0
contig_449	946	947	217.0
contig_449	947	948	217.0
contig_449	948	949	214.0
contig_449	949	950	214.0
contig_449	950	951	224.0
contig_449	951	952	224.0
contig_449	952	953	224.0
contig_449	953	954	224.0
contig_449	954	955	232.0
contig_449	955	956	236.0
contig_449	956	957	237.0
contig_449	957	958	237.0
contig_449	958	959	238.0
contig_449	959	960	239.0
contig_449	960	961	239.0
contig_449	961	962	236.0
contig_449	962	963	238.0
contig_449	963	964	243.0
contig_449	964	965	243.0
contig_449	965	966	243.0
contig_449	966	967	261.0
contig_449	967	968	259.0
contig_449	968	969	257.0
contig_449	969	970	253.0
contig_449	970	971	253.0
contig_449	971	972	253.0
contig_449	972	973	251.0
contig_449	973	974	253.0
contig_449	974	975	254.0
contig_449	975	976	245.0
contig_449	976	977	246.0
contig_449	977	978	246.0
contig_449	978	979	249.0
contig_449	979	980	242.0
contig_449	980	981	242.0
contig_449	981	982	246.0
contig_449	982	983	246.0
contig_449	983	984	257.0
contig_449	984	985	257.0
contig_449	985	986	261.0
contig_449	986	987	261.0
contig_449	987	988	261.0
contig_449	988	989	264.0
contig_449	989	990	262.0
contig_449	990	991	263.0
contig_449	991	992	262.0
contig_449	992	993	263.0
contig_449	993	994	263.0
contig_449	994	995	263.0
contig_449	995	996	259.0
contig_449	996	997	259.0
contig_449	997	998	254.0
contig_449	998	999	254.0
contig_449	999	1000	254.0
contig_449	1000	1001	254.0
contig_449	1001	1002	256.0
contig_449	1002	1003	256.0
contig_449	1003	1004	260.0
contig_449	1004	1005	258.0
contig_449	1005	1006	258.0
contig_449	1006	1007	258.0
contig_449	1007	1008	258.0
contig_449	1008	1009	261.0
contig_449	1009	1010	263.0
contig_449	1010	1011	260.0
contig_449	1011	1012	267.0
contig_449	1012	1013	268.0
contig_449	1013	1014	268.0
contig_449	1014	1015	268.0
contig_449	1015	1016	264.0
contig_449	1016	1017	264.0
contig_449	1017	1018	265.0
contig_449	1018	1019	265.0
contig_449	1019	1020	265.0
contig_449	1020	1021	265.0
contig_449	1021	1022	265.0
contig_449	1022	1023	263.0
contig_449	1023	1024	263.0
contig_449	1024	1025	256.0
contig_449	1025	1026	251.0
contig_449	1026	1027	252.0
contig_449	1027	1028	252.0
contig_449	1028	1029	252.0
contig_449	1029	1030	251.0
contig_449	1030	1031	251.0
contig_449	1031	1032	260.0
contig_449	1032	1033	262.0
contig_449	1033	1034	260.0
contig_449	1034	1035	259.0
contig_449	1035	1036	267.0
contig_449	1036	1037	271.0
contig_449	1037	1038	271.0
contig_449	1038	1039	275.0
contig_449	1039	1040	274.0
contig_449	1040	1041	273.0
contig_449	1041	1042	278.0
contig_449	1042	1043	275.0
contig_449	1043	1044	274.0
contig_449	1044	1045	275.0
contig_449	1045	1046	282.0
contig_449	1046	1047	279.0
contig_449	1047	1048	279.0
contig_449	1048	1049	279.0
contig_449	1049	1050	277.0
contig_449	1050	1051	268.0
contig_449	1051	1052	270.0
contig_449	1052	1053	270.0
contig_449	1053	1054	275.0
contig_449	1054	1055	270.0
contig_449	1055	1056	273.0
contig_449	1056	1057	273.0
contig_449	1057	1058	261.0
contig_449	1058	1059	262.0
contig_449	1059	1060	262.0
contig_449	1060	1061	262.0
contig_449	1061	1062	275.0
contig_449	1062	1063	275.0
contig_449	1063	1064	276.0
contig_449	1064	1065	278.0
contig_449	1065	1066	274.0
contig_449	1066	1067	275.0
contig_449	1067	1068	275.0
contig_449	1068	1069	282.0
contig_449	1069	1070	282.0
contig_449	1070	1071	286.0
contig_449	1071	1072	286.0
contig_449	1072	1073	286.0
contig_449	1073	1074	288.0
contig_449	1074	1075	285.0
contig_449	1075	1076	275.0
contig_449	1076	1077	270.0
contig_449	1077	1078	270.0
contig_449	1078	1079	270.0
contig_449	1079	1080	270.0
contig_449	1080	1081	271.0
contig_449	1081	1082	269.0
contig_449	1082	1083	269.0
contig_449	1083	1084	269.0
contig_449	1084	1085	269.0
contig_449	1085	1086	269.0
contig_449	1086	1087	269.0
contig_449	1087	1088	269.0
contig_449	1088	1089	269.0
contig_449	1089	1090	269.0
contig_449	1090	1091	269.0
contig_449	1091	1092	267.0
contig_449	1092	1093	267.0
contig_449	1093	1094	268.0
contig_449	1094	1095	264.0
contig_449	1095	1096	264.0
contig_449	1096	1097	253.0
contig_449	1097	1098	251.0
contig_449	1098	1099	252.0
contig_449	1099	1100	252.0
contig_449	1100	1101	252.0
contig_449	1101	1102	252.0
contig_449	1102	1103	252.0
contig_449	1103	1104	256.0
contig_449	1104	1105	251.0
contig_449	1105	1106	248.0
contig_449	1106	1107	248.0
contig_449	1107	1108	248.0
contig_449	1108	1109	253.0
contig_449	1109	1110	257.0
contig_449	1110	1111	262.0
contig_449	1111	1112	262.0
contig_449	1112	1113	260.0
contig_449	1113	1114	255.0
contig_449	1114	1115	268.0
contig_449	1115	1116	268.0
contig_449	1116	1117	256.0
contig_449	1117	1118	256.0
contig_449	1118	1119	256.0
contig_449	1119	1120	253.0
contig_449	1120	1121	253.0
contig_449	1121	1122	249.0
contig_449	1122	1123	249.0
contig_449	1123	1124	247.0
contig_449	1124	1125	245.0
contig_449	1125	1126	245.0
contig_449	1126	1127	249.0
contig_449	1127	1128	252.0
contig_449	1128	1129	242.0
contig_449	1129	1130	240.0
contig_449	1130	1131	240.0
contig_449	1131	1132	237.0
contig_449	1132	1133	237.0
contig_449	1133	1134	226.0
contig_449	1134	1135	226.0
contig_449	1135	1136	232.0
contig_449	1136	1137	232.0
contig_449	1137	1138	246.0
contig_449	1138	1139	253.0
contig_449	1139	1140	253.0
contig_449	1140	1141	273.0
contig_449	1141	1142	280.0
contig_449	1142	1143	280.0
contig_449	1143	1144	280.0
contig_449	1144	1145	280.0
contig_449	1145	1146	280.0
contig_449	1146	1147	280.0
contig_449	1147	1148	280.0
contig_449	1148	1149	280.0
contig_449	1149	1150	280.0
contig_449	1150	1151	280.0
contig_449	1151	1152	278.0
contig_449	1152	1153	282.0
contig_449	1153	1154	277.0
contig_449	1154	1155	277.0
contig_449	1155	1156	272.0
contig_449	1156	1157	276.0
contig_449	1157	1158	276.0
contig_449	1158	1159	279.0
contig_449	1159	1160	277.0
contig_449	1160	1161	277.0
contig_449	1161	1162	276.0
contig_449	1162	1163	285.0
contig_449	1163	1164	290.0
contig_449	1164	1165	290.0
contig_449	1165	1166	290.0
contig_449	1166	1167	290.0
contig_449	1167	1168	293.0
contig_449	1168	1169	295.0
contig_449	1169	1170	295.0
contig_449	1170	1171	288.0
contig_449	1171	1172	291.0
contig_449	1172	1173	288.0
contig_449	1173	1174	288.0
contig_449	1174	1175	293.0
contig_449	1175	1176	294.0
contig_449	1176	1177	294.0
contig_449	1177	1178	294.0
contig_449	1178	1179	294.0
contig_449	1179	1180	292.0
contig_449	1180	1181	292.0
contig_449	1181	1182	291.0
contig_449	1182	1183	289.0
contig_449	1183	1184	301.0
contig_449	1184	1185	297.0
contig_449	1185	1186	299.0
contig_449	1186	1187	318.0
contig_449	1187	1188	318.0
contig_449	1188	1189	312.0
contig_449	1189	1190	312.0
contig_449	1190	1191	309.0
contig_449	1191	1192	304.0
contig_449	1192	1193	308.0
contig_449	1193	1194	312.0
contig_449	1194	1195	311.0
contig_449	1195	1196	303.0
contig_449	1196	1197	303.0
contig_449	1197	1198	305.0
contig_449	1198	1199	305.0
contig_449	1199	1200	305.0
contig_449	1200	1201	331.0
contig_449	1201	1202	344.0
contig_449	1202	1203	344.0
contig_449	1203	1204	362.0
contig_449	1204	1205	364.0
contig_449	1205	1206	393.0
contig_449	1206	1207	400.0
contig_449	1207	1208	400.0
contig_449	1208	1209	400.0
contig_449	1209	1210	400.0
contig_449	1210	1211	400.0
contig_449	1211	1212	400.0
contig_449	1212	1213	400.0
contig_449	1213	1214	397.0
contig_449	1214	1215	394.0
contig_449	1215	1216	396.0
contig_449	1216	1217	396.0
contig_449	1217	1218	396.0
contig_449	1218	1219	389.0
contig_449	1219	1220	396.0
contig_449	1220	1221	392.0
contig_449	1221	1222	392.0
contig_449	1222	1223	392.0
contig_449	1223	1224	392.0
contig_449	1224	1225	391.0
contig_449	1225	1226	391.0
contig_449	1226	1227	393.0
contig_449	1227	1228	398.0
contig_449	1228	1229	398.0
contig_449	1229	1230	398.0
contig_449	1230	1231	404.0
contig_449	1231	1232	404.0
contig_449	1232	1233	404.0
contig_449	1233	1234	404.0
contig_449	1234	1235	410.0
contig_449	1235	1236	415.0
contig_449	1236	1237	421.0
contig_449	1237	1238	418.0
contig_449	1238	1239	418.0
contig_449	1239	1240	418.0
contig_449	1240	1241	418.0
contig_449	1241	1242	427.0
contig_449	1242	1243	427.0
contig_449	1243	1244	430.0
contig_449	1244	1245	430.0
contig_449	1245	1246	433.0
contig_449	1246	1247	438.0
contig_449	1247	1248	439.0
contig_449	1248	1249	438.0
contig_449	1249	1250	438.0
contig_449	1250	1251	432.0
contig_449	1251	1252	432.0
contig_449	1252	1253	432.0
contig_449	1253	1254	428.0
contig_449	1254	1255	428.0
contig_449	1255	1256	428.0
contig_449	1256	1257	433.0
contig_449	1257	1258	433.0
contig_449	1258	1259	434.0
contig_449	1259	1260	448.0
contig_449	1260	1261	444.0
contig_449	1261	1262	444.0
contig_449	1262	1263	450.0
contig_449	1263	1264	450.0
contig_449	1264	1265	444.0
contig_449	1265	1266	444.0
contig_449	1266	1267	454.0
contig_449	1267	1268	454.0
contig_449	1268	1269	457.0
contig_449	1269	1270	457.0
contig_449	1270	1271	457.0
contig_449	1271	1272	455.0
contig_449	1272	1273	455.0
contig_449	1273	1274	460.0
contig_449	1274	1275	460.0
contig_449	1275	1276	460.0
contig_449	1276	1277	468.0
contig_449	1277	1278	469.0
contig_449	1278	1279	479.0
contig_449	1279	1280	479.0
contig_449	1280	1281	479.0
contig_449	1281	1282	479.0
contig_449	1282	1283	473.0
contig_449	1283	1284	473.0
contig_449	1284	1285	473.0
contig_449	1285	1286	473.0
contig_449	1286	1287	473.0
contig_449	1287	1288	459.0
contig_449	1288	1289	450.0
contig_449	1289	1290	450.0
contig_449	1290	1291	451.0
contig_449	1291	1292	444.0
contig_449	1292	1293	443.0
contig_449	1293	1294	450.0
contig_449	1294	1295	450.0
contig_449	1295	1296	450.0
contig_449	1296	1297	446.0
contig_449	1297	1298	447.0
contig_449	1298	1299	447.0
contig_449	1299	1300	447.0
contig_449	1300	1301	447.0
contig_449	1301	1302	447.0
contig_449	1302	1303	434.0
contig_449	1303	1304	434.0
contig_449	1304	1305	440.0
contig_449	1305	1306	445.0
contig_449	1306	1307	441.0
contig_449	1307	1308	441.0
contig_449	1308	1309	438.0
contig_449	1309	1310	435.0
contig_449	1310	1311	435.0
contig_449	1311	1312	435.0
contig_449	1312	1313	433.0
contig_449	1313	1314	428.0
contig_449	1314	1315	425.0
contig_449	1315	1316	425.0
contig_449	1316	1317	414.0
contig_449	1317	1318	410.0
contig_449	1318	1319	411.0
contig_449	1319	1320	411.0
contig_449	1320	1321	411.0
contig_449	1321	1322	408.0
contig_449	1322	1323	400.0
contig_449	1323	1324	425.0
contig_449	1324	1325	422.0
contig_449	1325	1326	415.0
contig_449	1326	1327	424.0
contig_449	1327	1328	426.0
contig_449	1328	1329	427.0
contig_449	1329	1330	427.0
contig_449	1330	1331	427.0
contig_449	1331	1332	413.0
contig_449	1332	1333	413.0
contig_449	1333	1334	413.0
contig_449	1334	1335	408.0
contig_449	1335	1336	398.0
contig_449	1336	1337	361.0
contig_449	1337	1338	351.0
contig_449	1338	1339	341.0
contig_449	1339	1340	341.0
contig_449	1340	1341	340.0
contig_449	1341	1342	340.0
contig_449	1342	1343	336.0
contig_449	1343	1344	323.0
contig_449	1344	1345	326.0
contig_449	1345	1346	326.0
contig_449	1346	1347	327.0
contig_449	1347	1348	325.0
contig_449	1348	1349	325.0
contig_449	1349	1350	325.0
contig_449	1350	1351	315.0
contig_449	1351	1352	312.0
contig_449	1352	1353	329.0
contig_449	1353	1354	311.0
contig_449	1354	1355	309.0
contig_449	1355	1356	303.0
contig_449	1356	1357	302.0
contig_449	1357	1358	294.0
contig_449	1358	1359	296.0
contig_449	1359	1360	307.0
contig_449	1360	1361	307.0
contig_449	1361	1362	310.0
contig_449	1362	1363	310.0
contig_449	1363	1364	310.0
contig_449	1364	1365	311.0
contig_449	1365	1366	312.0
contig_449	1366	1367	314.0
contig_449	1367	1368	327.0
contig_449	1368	1369	327.0
contig_449	1369	1370	317.0
contig_449	1370	1371	320.0
contig_449	1371	1372	320.0
contig_449	1372	1373	320.0
contig_449	1373	1374	328.0
contig_449	1374	1375	328.0
contig_449	1375	1376	328.0
contig_449	1376	1377	329.0
contig_449	1377	1378	323.0
contig_449	1378	1379	319.0
contig_449	1379	1380	319.0
contig_449	1380	1381	317.0
contig_449	1381	1382	331.0
contig_449	1382	1383	337.0
contig_449	1383	1384	337.0
contig_449	1384	1385	331.0
contig_449	1385	1386	332.0
contig_449	1386	1387	336.0
contig_449	1387	1388	336.0
contig_449	1388	1389	329.0
contig_449	1389	1390	329.0
contig_449	1390	1391	329.0
contig_449	1391	1392	319.0
contig_449	1392	1393	319.0
contig_449	1393	1394	317.0
contig_449	1394	1395	317.0
contig_449	1395	1396	314.0
contig_449	1396	1397	309.0
contig_449	1397	1398	307.0
contig_449	1398	1399	314.0
contig_449	1399	1400	320.0
contig_449	1400	1401	319.0
contig_449	1401	1402	319.0
contig_449	1402	1403	322.0
contig_449	1403	1404	322.0
contig_449	1404	1405	311.0
contig_449	1405	1406	311.0
contig_449	1406	1407	306.0
contig_449	1407	1408	306.0
contig_449	1408	1409	306.0
contig_449	1409	1410	302.0
contig_449	1410	1411	302.0
contig_449	1411	1412	315.0
contig_449	1412	1413	309.0
contig_449	1413	1414	309.0
contig_449	1414	1415	324.0
contig_449	1415	1416	326.0
contig_449	1416	1417	339.0
contig_449	1417	1418	352.0
contig_449	1418	1419	365.0
contig_449	1419	1420	365.0
contig_449	1420	1421	365.0
contig_449	1421	1422	366.0
contig_449	1422	1423	378.0
contig_449	1423	1424	373.0
contig_449	1424	1425	373.0
contig_449	1425	1426	373.0
contig_449	1426	1427	382.0
contig_449	1427	1428	378.0
contig_449	1428	1429	368.0
contig_449	1429	1430	368.0
contig_449	1430	1431	373.0
contig_449	1431	1432	376.0
contig_449	1432	1433	376.0
contig_449	1433	1434	382.0
contig_449	1434	1435	392.0
contig_449	1435	1436	394.0
contig_449	1436	1437	406.0
contig_449	1437	1438	415.0
contig_449	1438	1439	415.0
contig_449	1439	1440	416.0
contig_449	1440	1441	403.0
contig_449	1441	1442	403.0
contig_449	1442	1443	403.0
contig_449	1443	1444	417.0
contig_449	1444	1445	431.0
contig_449	1445	1446	431.0
contig_449	1446	1447	434.0
contig_449	1447	1448	434.0
contig_449	1448	1449	437.0
contig_449	1449	1450	437.0
contig_449	1450	1451	437.0
contig_449	1451	1452	429.0
contig_449	1452	1453	443.0
contig_449	1453	1454	443.0
contig_449	1454	1455	437.0
contig_449	1455	1456	432.0
contig_449	1456	1457	432.0
contig_449	1457	1458	432.0
contig_449	1458	1459	429.0
contig_449	1459	1460	434.0
contig_449	1460	1461	435.0
contig_449	1461	1462	425.0
contig_449	1462	1463	428.0
contig_449	1463	1464	428.0
contig_449	1464	1465	423.0
contig_449	1465	1466	423.0
contig_449	1466	1467	433.0
contig_449	1467	1468	433.0
contig_449	1468	1469	429.0
contig_449	1469	1470	429.0
contig_449	1470	1471	419.0
contig_449	1471	1472	415.0
contig_449	1472	1473	412.0
contig_449	1473	1474	405.0
contig_449	1474	1475	405.0
contig_449	1475	1476	412.0
contig_449	1476	1477	395.0
contig_449	1477	1478	391.0
contig_449	1478	1479	390.0
contig_449	1479	1480	390.0
contig_449	1480	1481	387.0
contig_449	1481	1482	387.0
contig_449	1482	1483	387.0
contig_449	1483	1484	387.0
contig_449	1484	1485	387.0
contig_449	1485	1486	387.0
contig_449	1486	1487	387.0
contig_449	1487	1488	387.0
contig_449	1488	1489	387.0
contig_449	1489	1490	387.0
contig_449	1490	1491	384.0
contig_449	1491	1492	384.0
contig_449	1492	1493	384.0
contig_449	1493	1494	384.0
contig_449	1494	1495	377.0
contig_449	1495	1496	377.0
contig_449	1496	1497	376.0
contig_449	1497	1498	376.0
contig_449	1498	1499	375.0
contig_449	1499	1500	376.0
contig_449	1500	1501	376.0
contig_449	1501	1502	376.0
contig_449	1502	1503	359.0
contig_449	1503	1504	359.0
contig_449	1504	1505	359.0
contig_449	1505	1506	359.0
contig_449	1506	1507	359.0
contig_449	1507	1508	359.0
contig_449	1508	1509	359.0
contig_449	1509	1510	358.0
contig_449	1510	1511	358.0
contig_449	1511	1512	355.0
contig_449	1512	1513	355.0
contig_449	1513	1514	355.0
contig_449	1514	1515	354.0
contig_449	1515	1516	352.0
contig_449	1516	1517	350.0
contig_449	1517	1518	337.0
contig_449	1518	1519	337.0
contig_449	1519	1520	336.0
contig_449	1520	1521	333.0
contig_449	1521	1522	332.0
contig_449	1522	1523	329.0
contig_449	1523	1524	329.0
contig_449	1524	1525	329.0
contig_449	1525	1526	329.0
contig_449	1526	1527	329.0
contig_449	1527	1528	329.0
contig_449	1528	1529	329.0
contig_449	1529	1530	329.0
contig_449	1530	1531	328.0
contig_449	1531	1532	314.0
contig_449	1532	1533	308.0
contig_449	1533	1534	298.0
contig_449	1534	1535	298.0
contig_449	1535	1536	293.0
contig_449	1536	1537	293.0
contig_449	1537	1538	293.0
contig_449	1538	1539	289.0
contig_449	1539	1540	289.0
contig_449	1540	1541	289.0
contig_449	1541	1542	289.0
contig_449	1542	1543	289.0
contig_449	1543	1544	289.0
contig_449	1544	1545	289.0
contig_449	1545	1546	289.0
contig_449	1546	1547	289.0
contig_449	1547	1548	289.0
contig_449	1548	1549	276.0
contig_449	1549	1550	270.0
contig_449	1550	1551	270.0
contig_449	1551	1552	270.0
contig_449	1552	1553	267.0
contig_449	1553	1554	267.0
contig_449	1554	1555	267.0
contig_449	1555	1556	267.0
contig_449	1556	1557	267.0
contig_449	1557	1558	267.0
contig_449	1558	1559	267.0
contig_449	1559	1560	267.0
contig_449	1560	1561	267.0
contig_449	1561	1562	242.0
contig_449	1562	1563	242.0
contig_449	1563	1564	242.0
contig_449	1564	1565	225.0
contig_449	1565	1566	223.0
contig_449	1566	1567	210.0
contig_449	1567	1568	197.0
contig_449	1568	1569	189.0
contig_449	1569	1570	189.0
contig_449	1570	1571	189.0
contig_449	1571	1572	188.0
contig_449	1572	1573	176.0
contig_449	1573	1574	176.0
contig_449	1574	1575	176.0
contig_449	1575	1576	176.0
contig_449	1576	1577	176.0
contig_449	1577	1578	164.0
contig_449	1578	1579	164.0
contig_449	1579	1580	164.0
contig_449	1580	1581	153.0
contig_449	1581	1582	150.0
contig_449	1582	1583	150.0
contig_449	1583	1584	144.0
contig_449	1584	1585	120.0
contig_449	1585	1586	119.0
contig_449	1586	1587	119.0
contig_449	1587	1588	110.0
contig_449	1588	1589	106.0
contig_449	1589	1590	105.0
contig_449	1590	1591	105.0
contig_449	1591	1592	105.0
contig_95	1592	1593	886.0
contig_95	1593	1594	885.0
contig_95	1594	1595	884.0
contig_95	1595	1596	878.0
contig_95	1596	1597	903.0
contig_95	1597	1598	899.0
contig_95	1598	1599	894.0
contig_95	1599	1600	894.0
contig_95	1600	1601	888.0
contig_95	1601	1602	888.0
contig_95	1602	1603	887.0
contig_95	1603	1604	876.0
contig_95	1604	1605	872.0
contig_95	1605	1606	878.0
contig_95	1606	1607	878.0
contig_95	1607	1608	878.0
contig_95	1608	1609	878.0
contig_95	1609	1610	888.0
contig_95	1610	1611	889.0
contig_95	1611	1612	899.0
contig_95	1612	1613	904.0
contig_95	1613	1614	911.0
contig_95	1614	1615	906.0
contig_95	1615	1616	895.0
contig_95	1616	1617	910.0
contig_95	1617	1618	907.0
contig_95	1618	1619	911.0
contig_95	1619	1620	908.0
contig_95	1620	1621	911.0
contig_95	1621	1622	897.0
contig_95	1622	1623	899.0
contig_95	1623	1624	899.0
contig_95	1624	1625	899.0
contig_95	1625	1626	897.0
contig_95	1626	1627	900.0
contig_95	1627	1628	886.0
contig_95	1628	1629	872.0
contig_95	1629	1630	872.0
contig_95	1630	1631	837.0
contig_95	1631	1632	846.0
contig_95	1632	1633	851.0
contig_95	1633	1634	851.0
contig_95	1634	1635	858.0
contig_95	1635	1636	849.0
contig_95	1636	1637	849.0
contig_95	1637	1638	861.0
contig_95	1638	1639	861.0
contig_95	1639	1640	863.0
contig_95	1640	1641	856.0
contig_95	1641	1642	856.0
contig_95	1642	1643	878.0
contig_95	1643	1644	880.0
contig_95	1644	1645	904.0
contig_95	1645	1646	904.0
contig_95	1646	1647	912.0
contig_95	1647	1648	913.0
contig_95	1648	1649	911.0
contig_95	1649	1650	917.0
contig_95	1650	1651	917.0
contig_95	1651	1652	921.0
contig_95	1652	1653	930.0
contig_95	1653	1654	942.0
contig_95	1654	1655	940.0
contig_95	1655	1656	946.0
contig_95	1656	1657	921.0
contig_95	1657	1658	926.0
contig_95	1658	1659	927.0
contig_95	1659	1660	927.0
contig_95	1660	1661	921.0
contig_95	1661	1662	938.0
contig_95	1662	1663	935.0
contig_95	1663	1664	919.0
contig_95	1664	1665	930.0
contig_95	1665	1666	938.0
contig_95	1666	1667	946.0
contig_95	1667	1668	946.0
contig_95	1668	1669	960.0
contig_95	1669	1670	965.0
contig_95	1670	1671	967.0
contig_95	1671	1672	973.0
contig_95	1672	1673	966.0
contig_95	1673	1674	980.0
contig_95	1674	1675	986.0
contig_95	1675	1676	996.0
contig_95	1676	1677	997.0
contig_95	1677	1678	989.0
contig_95	1678	1679	988.0
contig_95	1679	1680	988.0
contig_95	1680	1681	985.0
contig_95	1681	1682	996.0
contig_95	1682	1683	1014.0
contig_95	1683	1684	1014.0
contig_95	1684	1685	1030.0
contig_95	1685	1686	1049.0
contig_95	1686	1687	1051.0
contig_95	1687	1688	1051.0
contig_95	1688	1689	1052.0
contig_95	1689	1690	1034.0
contig_95	1690	1691	1046.0
contig_95	1691	1692	1046.0
contig_95	1692	1693	1053.0
contig_95	1693	1694	1087.0
contig_95	1694	1695	1067.0
contig_95	1695	1696	1070.0
contig_95	1696	1697	1068.0
contig_95	1697	1698	1068.0
contig_95	1698	1699	1060.0
contig_95	1699	1700	1055.0
contig_95	1700	1701	1054.0
contig_95	1701	1702	1060.0
contig_95	1702	1703	1069.0
contig_95	1703	1704	1069.0
contig_95	1704	1705	1071.0
contig_95	1705	1706	1060.0
contig_95	1706	1707	1049.0
contig_95	1707	1708	1052.0
contig_95	1708	1709	1039.0
contig_95	1709	1710	1045.0
contig_95	1710	1711	1046.0
contig_95	1711	1712	1055.0
contig_95	1712	1713	1047.0
contig_95	1713	1714	1068.0
contig_95	1714	1715	1084.0
contig_95	1715	1716	1078.0
contig_95	1716	1717	1076.0
contig_95	1717	1718	1073.0
contig_95	1718	1719	1076.0
contig_95	1719	1720	1097.0
contig_95	1720	1721	1099.0
contig_95	1721	1722	1084.0
contig_95	1722	1723	1087.0
contig_95	1723	1724	1089.0
contig_95	1724	1725	1089.0
contig_95	1725	1726	1092.0
contig_95	1726	1727	1102.0
contig_95	1727	1728	1104.0
contig_95	1728	1729	1110.0
contig_95	1729	1730	1111.0
contig_95	1730	1731	1110.0
contig_95	1731	1732	1099.0
contig_95	1732	1733	1090.0
contig_95	1733	1734	1112.0
contig_95	1734	1735	1112.0
contig_95	1735	1736	1122.0
contig_95	1736	1737	1125.0
contig_95	1737	1738	1125.0
contig_95	1738	1739	1150.0
contig_95	1739	1740	1150.0
contig_95	1740	1741	1142.0
contig_95	1741	1742	1114.0
contig_95	1742	1743	1104.0
contig_95	1743	1744	1105.0
contig_95	1744	1745	1108.0
contig_95	1745	1746	1109.0
contig_95	1746	1747	1089.0
contig_95	1747	1748	1086.0
contig_95	1748	1749	1080.0
contig_95	1749	1750	1077.0
contig_95	1750	1751	1077.0
contig_95	1751	1752	1074.0
contig_95	1752	1753	1067.0
contig_95	1753	1754	1075.0
contig_95	1754	1755	1081.0
contig_95	1755	1756	1068.0
contig_95	1756	1757	1063.0
contig_95	1757	1758	1063.0
contig_95	1758	1759	1080.0
contig_95	1759	1760	1075.0
contig_95	1760	1761	1074.0
contig_95	1761	1762	1054.0
contig_95	1762	1763	1054.0
contig_95	1763	1764	1051.0
contig_95	1764	1765	1046.0
contig_95	1765	1766	1053.0
contig_95	1766	1767	1045.0
contig_95	1767	1768	1046.0
contig_95	1768	1769	1054.0
contig_95	1769	1770	1055.0
contig_95	1770	1771	1055.0
contig_95	1771	1772	1048.0
contig_95	1772	1773	1074.0
contig_95	1773	1774	1082.0
contig_95	1774	1775	1078.0
contig_95	1775	1776	1078.0
contig_95	1776	1777	1081.0
contig_95	1777	1778	1082.0
contig_95	1778	1779	1092.0
contig_95	1779	1780	1115.0
contig_95	1780	1781	1113.0
contig_95	1781	1782	1145.0
contig_95	1782	1783	1136.0
contig_95	1783	1784	1127.0
contig_95	1784	1785	1131.0
contig_95	1785	1786	1131.0
contig_95	1786	1787	1143.0
contig_95	1787	1788	1143.0
contig_95	1788	1789	1140.0
contig_95	1789	1790	1138.0
contig_95	1790	1791	1138.0
contig_95	1791	1792	1162.0
contig_95	1792	1793	1152.0
contig_95	1793	1794	1153.0
contig_95	1794	1795	1124.0
contig_95	1795	1796	1137.0
contig_95	1796	1797	1145.0
contig_95	1797	1798	1168.0
contig_95	1798	1799	1175.0
contig_95	1799	1800	1156.0
contig_95	1800	1801	1153.0
contig_95	1801	1802	1149.0
contig_95	1802	1803	1143.0
contig_95	1803	1804	1157.0
contig_95	1804	1805	1163.0
contig_95	1805	1806	1162.0
contig_95	1806	1807	1169.0
contig_95	1807	1808	1163.0
contig_95	1808	1809	1143.0
contig_95	1809	1810	1152.0
contig_95	1810	1811	1147.0
contig_95	1811	1812	1148.0
contig_95	1812	1813	1171.0
contig_95	1813	1814	1166.0
contig_95	1814	1815	1149.0
contig_95	1815	1816	1143.0
contig_95	1816	1817	1140.0
contig_95	1817	1818	1141.0
contig_95	1818	1819	1129.0
contig_95	1819	1820	1122.0
contig_95	1820	1821	1122.0
contig_95	1821	1822	1116.0
contig_95	1822	1823	1105.0
contig_95	1823	1824	1117.0
contig_95	1824	1825	1132.0
contig_95	1825	1826	1120.0
contig_95	1826	1827	1129.0
contig_95	1827	1828	1129.0
contig_95	1828	1829	1136.0
contig_95	1829	1830	1140.0
contig_95	1830	1831	1143.0
contig_95	1831	1832	1143.0
contig_95	1832	1833	1136.0
contig_95	1833	1834	1140.0
contig_95	1834	1835	1118.0
contig_95	1835	1836	1098.0
contig_95	1836	1837	1096.0
contig_95	1837	1838	1073.0
contig_95	1838	1839	1074.0
contig_95	1839	1840	1078.0
contig_95	1840	1841	1094.0
contig_95	1841	1842	1098.0
contig_95	1842	1843	1091.0
contig_95	1843	1844	1020.0
contig_95	1844	1845	1019.0
contig_95	1845	1846	1023.0
contig_95	1846	1847	1033.0
contig_95	1847	1848	1040.0
contig_95	1848	1849	1040.0
contig_95	1849	1850	1058.0
contig_95	1850	1851	1111.0
contig_95	1851	1852	1122.0
contig_95	1852	1853	1106.0
contig_95	1853	1854	1115.0
contig_95	1854	1855	1099.0
contig_95	1855	1856	1101.0
contig_95	1856	1857	1100.0
contig_95	1857	1858	1097.0
contig_95	1858	1859	1107.0
contig_95	1859	1860	1099.0
contig_95	1860	1861	1098.0
contig_95	1861	1862	1103.0
contig_95	1862	1863	1098.0
contig_95	1863	1864	1101.0
contig_95	1864	1865	1085.0
contig_95	1865	1866	1103.0
contig_95	1866	1867	1112.0
contig_95	1867	1868	1105.0
contig_95	1868	1869	1105.0
contig_95	1869	1870	1078.0
contig_95	1870	1871	1078.0
contig_95	1871	1872	1107.0
contig_95	1872	1873	1108.0
contig_95	1873	1874	1109.0
contig_95	1874	1875	1109.0
contig_95	1875	1876	1112.0
contig_95	1876	1877	1105.0
contig_95	1877	1878	1110.0
contig_95	1878	1879	1103.0
contig_95	1879	1880	1109.0
contig_95	1880	1881	1108.0
contig_95	1881	1882	1109.0
contig_95	1882	1883	1110.0
contig_95	1883	1884	1106.0
contig_95	1884	1885	1102.0
contig_95	1885	1886	1085.0
contig_95	1886	1887	1052.0
contig_95	1887	1888	1050.0
contig_95	1888	1889	1054.0
contig_95	1889	1890	1054.0
contig_95	1890	1891	1051.0
contig_95	1891	1892	1055.0
contig_95	1892	1893	1053.0
contig_95	1893	1894	1064.0
contig_95	1894	1895	1074.0
contig_95	1895	1896	1073.0
contig_95	1896	1897	1071.0
contig_95	1897	1898	1069.0
contig_95	1898	1899	1090.0
contig_95	1899	1900	1090.0
contig_95	1900	1901	1092.0
contig_95	1901	1902	1096.0
contig_95	1902	1903	1096.0
contig_95	1903	1904	1095.0
contig_95	1904	1905	1095.0
contig_95	1905	1906	1116.0
contig_95	1906	1907	1128.0
contig_95	1907	1908	1133.0
contig_95	1908	1909	1120.0
contig_95	1909	1910	1115.0
contig_95	1910	1911	1110.0
contig_95	1911	1912	1114.0
contig_95	1912	1913	1114.0
contig_95	1913	1914	1106.0
contig_95	1914	1915	1111.0
contig_95	1915	1916	1103.0
contig_95	1916	1917	1117.0
contig_95	1917	1918	1117.0
contig_95	1918	1919	1106.0
contig_95	1919	1920	1105.0
contig_95	1920	1921	1117.0
contig_95	1921	1922	1123.0
contig_95	1922	1923	1103.0
contig_95	1923	1924	1101.0
contig_95	1924	1925	1112.0
contig_95	1925	1926	1123.0
contig_95	1926	1927	1113.0
contig_95	1927	1928	1111.0
contig_95	1928	1929	1097.0
contig_95	1929	1930	1085.0
contig_95	1930	1931	1086.0
contig_95	1931	1932	1056.0
contig_95	1932	1933	1062.0
contig_95	1933	1934	1068.0
contig_95	1934	1935	1055.0
contig_95	1935	1936	1064.0
contig_95	1936	1937	1062.0
contig_95	1937	1938	1070.0
contig_95	1938	1939	1070.0
contig_95	1939	1940	1068.0
contig_95	1940	1941	1068.0
contig_95	1941	1942	1056.0
contig_95	1942	1943	1059.0
contig_95	1943	1944	1079.0
contig_95	1944	1945	1079.0
contig_95	1945	1946	1047.0
contig_95	1946	1947	1058.0
contig_95	1947	1948	1073.0
contig_95	1948	1949	1067.0
contig_95	1949	1950	1065.0
contig_95	1950	1951	1072.0
contig_95	1951	1952	1072.0
contig_95	1952	1953	1084.0
contig_95	1953	1954	1069.0
contig_95	1954	1955	1063.0
contig_95	1955	1956	1050.0
contig_95	1956	1957	1041.0
contig_95	1957	1958	1051.0
contig_95	1958	1959	1046.0
contig_95	1959	1960	1046.0
contig_95	1960	1961	1049.0
contig_95	1961	1962	1067.0
contig_95	1962	1963	1067.0
contig_95	1963	1964	1070.0
contig_95	1964	1965	1059.0
contig_95	1965	1966	1060.0
contig_95	1966	1967	1053.0
contig_95	1967	1968	1059.0
contig_95	1968	1969	1061.0
contig_95	1969	1970	1049.0
contig_95	1970	1971	1037.0
contig_95	1971	1972	1049.0
contig_95	1972	1973	1070.0
contig_95	1973	1974	1066.0
contig_95	1974	1975	1105.0
contig_95	1975	1976	1100.0
contig_95	1976	1977	1106.0
contig_95	1977	1978	1104.0
contig_95	1978	1979	1106.0
contig_95	1979	1980	1120.0
contig_95	1980	1981	1112.0
contig_95	1981	1982	1109.0
contig_95	1982	1983	1119.0
contig_95	1983	1984	1112.0
contig_95	1984	1985	1127.0
contig_95	1985	1986	1126.0
contig_95	1986	1987	1142.0
contig_95	1987	1988	1144.0
contig_95	1988	1989	1143.0
contig_95	1989	1990	1139.0
contig_95	1990	1991	1141.0
contig_95	1991	1992	1145.0
contig_95	1992	1993	1145.0
contig_95	1993	1994	1118.0
contig_95	1994	1995	1112.0
contig_95	1995	1996	1090.0
contig_95	1996	1997	1088.0
contig_95	1997	1998	1090.0
contig_95	1998	1999	1073.0
contig_95	1999	2000	1064.0
contig_95	2000	2001	1066.0
contig_95	2001	2002	1052.0
contig_95	2002	2003	1057.0
contig_95	2003	2004	1069.0
contig_95	2004	2005	1069.0
contig_95	2005	2006	1068.0
contig_95	2006	2007	1077.0
contig_95	2007	2008	1077.0
contig_95	2008	2009	1070.0
contig_95	2009	2010	1071.0
contig_95	2010	2011	1073.0
contig_95	2011	2012	1052.0
contig_95	2012	2013	1054.0
contig_95	2013	2014	1058.0
contig_95	2014	2015	1053.0
contig_95	2015	2016	1029.0
contig_95	2016	2017	1035.0
contig_95	2017	2018	1037.0
contig_95	2018	2019	1023.0
contig_95	2019	2020	1008.0
contig_95	2020	2021	1002.0
contig_95	2021	2022	1000.0
contig_95	2022	2023	1003.0
contig_95	2023	2024	1003.0
contig_95	2024	2025	1003.0
contig_95	2025	2026	1003.0
contig_95	2026	2027	999.0
contig_95	2027	2028	992.0
contig_95	2028	2029	1004.0
contig_95	2029	2030	983.0
contig_95	2030	2031	985.0
contig_95	2031	2032	991.0
contig_95	2032	2033	982.0
contig_95	2033	2034	983.0
contig_95	2034	2035	979.0
contig_95	2035	2036	977.0
contig_95	2036	2037	969.0
contig_95	2037	2038	959.0
contig_95	2038	2039	966.0
contig_95	2039	2040	966.0
contig_95	2040	2041	967.0
contig_95	2041	2042	951.0
contig_95	2042	2043	947.0
contig_95	2043	2044	939.0
contig_95	2044	2045	939.0
contig_95	2045	2046	939.0
contig_95	2046	2047	950.0
contig_95	2047	2048	946.0
contig_95	2048	2049	941.0
contig_95	2049	2050	945.0
contig_95	2050	2051	948.0
contig_95	2051	2052	948.0
contig_95	2052	2053	968.0
contig_95	2053	2054	975.0
contig_95	2054	2055	972.0
contig_95	2055	2056	952.0
contig_95	2056	2057	942.0
contig_95	2057	2058	944.0
contig_95	2058	2059	944.0
contig_95	2059	2060	944.0
contig_95	2060	2061	944.0
contig_95	2061	2062	945.0
contig_95	2062	2063	954.0
contig_95	2063	2064	957.0
contig_95	2064	2065	959.0
contig_95	2065	2066	959.0
contig_95	2066	2067	941.0
contig_95	2067	2068	941.0
contig_95	2068	2069	941.0
contig_95	2069	2070	929.0
contig_95	2070	2071	902.0
contig_95	2071	2072	892.0
contig_95	2072	2073	896.0
contig_95	2073	2074	895.0
contig_95	2074	2075	884.0
contig_95	2075	2076	874.0
contig_95	2076	2077	870.0
contig_95	2077	2078	866.0
contig_95	2078	2079	866.0
contig_95	2079	2080	848.0
contig_95	2080	2081	853.0
contig_95	2081	2082	839.0
contig_95	2082	2083	837.0
contig_95	2083	2084	837.0
contig_95	2084	2085	835.0
contig_95	2085	2086	835.0
contig_95	2086	2087	832.0
contig_95	2087	2088	825.0
contig_95	2088	2089	825.0
contig_95	2089	2090	830.0
contig_95	2090	2091	829.0
contig_95	2091	2092	824.0
contig_95	2092	2093	816.0
contig_95	2093	2094	801.0
contig_95	2094	2095	800.0
contig_95	2095	2096	800.0
contig_95	2096	2097	780.0
contig_95	2097	2098	755.0
contig_95	2098	2099	755.0
contig_95	2099	2100	760.0
contig_95	2100	2101	756.0
contig_95	2101	2102	754.0
contig_95	2102	2103	735.0
contig_95	2103	2104	747.0
contig_95	2104	2105	752.0
contig_95	2105	2106	753.0
contig_95	2106	2107	753.0
contig_95	2107	2108	751.0
contig_95	2108	2109	743.0
contig_95	2109	2110	743.0
contig_95	2110	2111	740.0
contig_95	2111	2112	726.0
contig_95	2112	2113	725.0
contig_95	2113	2114	721.0
contig_95	2114	2115	722.0
contig_95	2115	2116	721.0
contig_95	2116	2117	718.0
contig_95	2117	2118	711.0
contig_95	2118	2119	724.0
contig_95	2119	2120	720.0
contig_95	2120	2121	721.0
contig_95	2121	2122	711.0
contig_95	2122	2123	685.0
contig_95	2123	2124	694.0
contig_95	2124	2125	675.0
contig_95	2125	2126	668.0
contig_95	2126	2127	659.0
contig_95	2127	2128	662.0
contig_95	2128	2129	660.0
contig_95	2129	2130	634.0
contig_95	2130	2131	639.0
contig_95	2131	2132	645.0
contig_95	2132	2133	632.0
contig_95	2133	2134	633.0
contig_95	2134	2135	605.0
contig_95	2135	2136	603.0
contig_95	2136	2137	581.0
contig_95	2137	2138	582.0
contig_95	2138	2139	582.0
contig_95	2139	2140	582.0
contig_95	2140	2141	582.0
contig_95	2141	2142	582.0
contig_95	2142	2143	582.0
contig_95	2143	2144	582.0
contig_95	2144	2145	592.0
contig_95	2145	2146	597.0
contig_95	2146	2147	598.0
contig_95	2147	2148	589.0
contig_95	2148	2149	591.0
contig_95	2149	2150	580.0
contig_95	2150	2151	579.0
contig_95	2151	2152	575.0
contig_95	2152	2153	576.0
contig_95	2153	2154	563.0
contig_95	2154	2155	563.0
contig_95	2155	2156	558.0
contig_95	2156	2157	549.0
contig_95	2157	2158	549.0
contig_95	2158	2159	546.0
contig_95	2159	2160	546.0
contig_95	2160	2161	544.0
contig_95	2161	2162	540.0
contig_95	2162	2163	541.0
contig_95	2163	2164	529.0
contig_95	2164	2165	529.0
contig_95	2165	2166	526.0
contig_95	2166	2167	534.0
contig_95	2167	2168	547.0
contig_95	2168	2169	547.0
contig_95	2169	2170	547.0
contig_95	2170	2171	550.0
contig_95	2171	2172	549.0
contig_95	2172	2173	549.0
contig_95	2173	2174	552.0
contig_95	2174	2175	552.0
contig_95	2175	2176	552.0
contig_95	2176	2177	552.0
contig_95	2177	2178	552.0
contig_95	2178	2179	552.0
contig_95	2179	2180	554.0
contig_95	2180	2181	558.0
contig_95	2181	2182	557.0
contig_95	2182	2183	555.0
contig_95	2183	2184	560.0
contig_95	2184	2185	553.0
contig_95	2185	2186	551.0
contig_95	2186	2187	550.0
contig_95	2187	2188	548.0
contig_95	2188	2189	541.0
contig_95	2189	2190	530.0
contig_95	2190	2191	528.0
contig_95	2191	2192	528.0
contig_95	2192	2193	528.0
contig_95	2193	2194	534.0
contig_95	2194	2195	523.0
contig_95	2195	2196	522.0
contig_95	2196	2197	511.0
contig_95	2197	2198	524.0
contig_95	2198	2199	524.0
contig_95	2199	2200	517.0
contig_95	2200	2201	511.0
contig_95	2201	2202	511.0
contig_95	2202	2203	492.0
contig_95	2203	2204	477.0
contig_95	2204	2205	476.0
contig_95	2205	2206	476.0
contig_95	2206	2207	475.0
contig_95	2207	2208	468.0
contig_95	2208	2209	468.0
contig_95	2209	2210	475.0
contig_95	2210	2211	480.0
contig_95	2211	2212	487.0
contig_95	2212	2213	477.0
contig_95	2213	2214	472.0
contig_95	2214	2215	465.0
contig_95	2215	2216	471.0
contig_95	2216	2217	476.0
contig_95	2217	2218	474.0
contig_95	2218	2219	482.0
contig_95	2219	2220	476.0
contig_95	2220	2221	476.0
contig_95	2221	2222	479.0
contig_95	2222	2223	473.0
contig_95	2223	2224	474.0
contig_95	2224	2225	468.0
contig_95	2225	2226	468.0
contig_95	2226	2227	470.0
contig_95	2227	2228	468.0
contig_95	2228	2229	467.0
contig_95	2229	2230	468.0
contig_95	2230	2231	468.0
contig_95	2231	2232	471.0
contig_95	2232	2233	467.0
contig_95	2233	2234	462.0
contig_95	2234	2235	463.0
contig_95	2235	2236	458.0
contig_95	2236	2237	438.0
contig_95	2237	2238	438.0
contig_95	2238	2239	438.0
contig_95	2239	2240	442.0
contig_95	2240	2241	442.0
contig_95	2241	2242	440.0
contig_95	2242	2243	433.0
contig_95	2243	2244	441.0
contig_95	2244	2245	440.0
contig_95	2245	2246	435.0
contig_95	2246	2247	440.0
contig_95	2247	2248	432.0
contig_95	2248	2249	430.0
contig_95	2249	2250	424.0
contig_95	2250	2251	429.0
contig_95	2251	2252	430.0
contig_95	2252	2253	422.0
contig_95	2253	2254	417.0
contig_95	2254	2255	415.0
contig_95	2255	2256	408.0
contig_95	2256	2257	408.0
contig_95	2257	2258	399.0
contig_95	2258	2259	410.0
contig_95	2259	2260	414.0
contig_95	2260	2261	416.0
contig_95	2261	2262	415.0
contig_95	2262	2263	405.0
contig_95	2263	2264	400.0
contig_95	2264	2265	399.0
contig_95	2265	2266	399.0
contig_95	2266	2267	389.0
contig_95	2267	2268	389.0
contig_95	2268	2269	375.0
contig_95	2269	2270	375.0
contig_95	2270	2271	374.0
contig_95	2271	2272	374.0
contig_95	2272	2273	372.0
contig_95	2273	2274	362.0
contig_95	2274	2275	366.0
contig_95	2275	2276	364.0
contig_95	2276	2277	364.0
contig_95	2277	2278	361.0
contig_95	2278	2279	360.0
contig_95	2279	2280	363.0
contig_95	2280	2281	348.0
contig_95	2281	2282	340.0
contig_95	2282	2283	340.0
contig_95	2283	2284	340.0
contig_95	2284	2285	340.0
contig_95	2285	2286	336.0
contig_95	2286	2287	343.0
contig_95	2287	2288	342.0
contig_95	2288	2289	354.0
contig_95	2289	2290	359.0
contig_95	2290	2291	359.0
contig_95	2291	2292	357.0
contig_95	2292	2293	357.0
contig_95	2293	2294	365.0
contig_95	2294	2295	357.0
contig_95	2295	2296	359.0
contig_95	2296	2297	368.0
contig_95	2297	2298	368.0
contig_95	2298	2299	371.0
contig_95	2299	2300	371.0
contig_95	2300	2301	371.0
contig_95	2301	2302	375.0
contig_95	2302	2303	370.0
contig_95	2303	2304	371.0
contig_95	2304	2305	371.0
contig_95	2305	2306	372.0
contig_95	2306	2307	377.0
contig_95	2307	2308	377.0
contig_95	2308	2309	377.0
contig_95	2309	2310	378.0
contig_95	2310	2311	378.0
contig_95	2311	2312	378.0
contig_95	2312	2313	377.0
contig_95	2313	2314	379.0
contig_95	2314	2315	379.0
contig_95	2315	2316	379.0
contig_95	2316	2317	372.0
contig_95	2317	2318	367.0
contig_95	2318	2319	367.0
contig_95	2319	2320	362.0
contig_95	2320	2321	358.0
contig_95	2321	2322	359.0
contig_95	2322	2323	364.0
contig_95	2323	2324	366.0
contig_95	2324	2325	373.0
contig_95	2325	2326	371.0
contig_95	2326	2327	371.0
contig_95	2327	2328	373.0
contig_95	2328	2329	379.0
contig_95	2329	2330	375.0
contig_95	2330	2331	373.0
contig_95	2331	2332	373.0
contig_95	2332	2333	373.0
contig_95	2333	2334	361.0
contig_95	2334	2335	360.0
contig_95	2335	2336	361.0
contig_95	2336	2337	362.0
contig_95	2337	2338	365.0
contig_95	2338	2339	365.0
contig_95	2339	2340	367.0
contig_95	2340	2341	378.0
contig_95	2341	2342	381.0
contig_95	2342	2343	381.0
contig_95	2343	2344	375.0
contig_95	2344	2345	380.0
contig_95	2345	2346	380.0
contig_95	2346	2347	380.0
contig_95	2347	2348	369.0
contig_95	2348	2349	373.0
contig_95	2349	2350	370.0
contig_95	2350	2351	376.0
contig_95	2351	2352	371.0
contig_95	2352	2353	370.0
contig_95	2353	2354	375.0
contig_95	2354	2355	374.0
contig_95	2355	2356	385.0
contig_95	2356	2357	381.0
contig_95	2357	2358	383.0
contig_95	2358	2359	383.0
contig_95	2359	2360	376.0
contig_95	2360	2361	376.0
contig_95	2361	2362	371.0
contig_95	2362	2363	387.0
contig_95	2363	2364	384.0
contig_95	2364	2365	378.0
contig_95	2365	2366	375.0
contig_95	2366	2367	369.0
contig_95	2367	2368	369.0
contig_95	2368	2369	353.0
contig_95	2369	2370	354.0
contig_95	2370	2371	354.0
contig_95	2371	2372	353.0
contig_95	2372	2373	348.0
contig_95	2373	2374	347.0
contig_95	2374	2375	347.0
contig_95	2375	2376	346.0
contig_95	2376	2377	346.0
contig_95	2377	2378	346.0
contig_95	2378	2379	342.0
contig_95	2379	2380	353.0
contig_95	2380	2381	353.0
contig_95	2381	2382	351.0
contig_95	2382	2383	375.0
contig_95	2383	2384	369.0
contig_95	2384	2385	375.0
contig_95	2385	2386	376.0
contig_95	2386	2387	378.0
contig_95	2387	2388	378.0
contig_95	2388	2389	378.0
contig_95	2389	2390	374.0
contig_95	2390	2391	378.0
contig_95	2391	2392	378.0
contig_95	2392	2393	375.0
contig_95	2393	2394	375.0
contig_95	2394	2395	375.0
contig_95	2395	2396	377.0
contig_95	2396	2397	389.0
contig_95	2397	2398	392.0
contig_95	2398	2399	392.0
contig_95	2399	2400	392.0
contig_95	2400	2401	389.0
contig_95	2401	2402	395.0
contig_95	2402	2403	402.0
contig_95	2403	2404	402.0
contig_95	2404	2405	399.0
contig_95	2405	2406	399.0
contig_95	2406	2407	397.0
contig_95	2407	2408	397.0
contig_95	2408	2409	386.0
contig_95	2409	2410	389.0
contig_95	2410	2411	413.0
contig_95	2411	2412	430.0
contig_95	2412	2413	430.0
contig_95	2413	2414	430.0
contig_95	2414	2415	434.0
contig_95	2415	2416	432.0
contig_95	2416	2417	430.0
contig_95	2417	2418	440.0
contig_95	2418	2419	439.0
contig_95	2419	2420	439.0
contig_95	2420	2421	448.0
contig_95	2421	2422	448.0
contig_95	2422	2423	446.0
contig_95	2423	2424	447.0
contig_95	2424	2425	444.0
contig_95	2425	2426	445.0
contig_95	2426	2427	445.0
contig_95	2427	2428	453.0
contig_95	2428	2429	453.0
contig_95	2429	2430	451.0
contig_95	2430	2431	451.0
contig_95	2431	2432	456.0
contig_95	2432	2433	458.0
contig_95	2433	2434	457.0
contig_95	2434	2435	466.0
contig_95	2435	2436	469.0
contig_95	2436	2437	462.0
contig_95	2437	2438	461.0
contig_95	2438	2439	449.0
contig_95	2439	2440	445.0
contig_95	2440	2441	445.0
contig_95	2441	2442	445.0
contig_95	2442	2443	445.0
contig_95	2443	2444	441.0
contig_95	2444	2445	438.0
contig_95	2445	2446	450.0
contig_95	2446	2447	461.0
contig_95	2447	2448	469.0
contig_95	2448	2449	470.0
contig_95	2449	2450	475.0
contig_95	2450	2451	473.0
contig_95	2451	2452	473.0
contig_95	2452	2453	473.0
contig_95	2453	2454	472.0
contig_95	2454	2455	478.0
contig_95	2455	2456	486.0
contig_95	2456	2457	482.0
contig_95	2457	2458	482.0
contig_95	2458	2459	493.0
contig_95	2459	2460	503.0
contig_95	2460	2461	503.0
contig_95	2461	2462	503.0
contig_95	2462	2463	501.0
contig_95	2463	2464	499.0
contig_95	2464	2465	498.0
contig_95	2465	2466	498.0
contig_95	2466	2467	518.0
contig_95	2467	2468	510.0
contig_95	2468	2469	510.0
contig_95	2469	2470	510.0
contig_95	2470	2471	514.0
contig_95	2471	2472	519.0
contig_95	2472	2473	519.0
contig_95	2473	2474	524.0
contig_95	2474	2475	525.0
contig_95	2475	2476	529.0
contig_95	2476	2477	529.0
contig_95	2477	2478	527.0
contig_95	2478	2479	531.0
contig_95	2479	2480	534.0
contig_95	2480	2481	530.0
contig_95	2481	2482	531.0
contig_95	2482	2483	528.0
contig_95	2483	2484	528.0
contig_95	2484	2485	528.0
contig_95	2485	2486	528.0
contig_95	2486	2487	527.0
contig_95	2487	2488	556.0
contig_95	2488	2489	562.0
contig_95	2489	2490	560.0
contig_95	2490	2491	539.0
contig_95	2491	2492	543.0
contig_95	2492	2493	543.0
contig_95	2493	2494	542.0
contig_95	2494	2495	536.0
contig_95	2495	2496	541.0
contig_95	2496	2497	540.0
contig_95	2497	2498	535.0
contig_95	2498	2499	531.0
contig_95	2499	2500	537.0
contig_95	2500	2501	536.0
contig_95	2501	2502	534.0
contig_95	2502	2503	535.0
contig_95	2503	2504	534.0
contig_95	2504	2505	534.0
contig_95	2505	2506	523.0
contig_95	2506	2507	523.0
contig_95	2507	2508	521.0
contig_95	2508	2509	521.0
contig_95	2509	2510	522.0
contig_95	2510	2511	512.0
contig_95	2511	2512	513.0
contig_95	2512	2513	497.0
contig_95	2513	2514	507.0
contig_95	2514	2515	506.0
contig_95	2515	2516	509.0
contig_95	2516	2517	505.0
contig_95	2517	2518	514.0
contig_95	2518	2519	517.0
contig_95	2519	2520	518.0
contig_95	2520	2521	523.0
contig_95	2521	2522	528.0
contig_95	2522	2523	528.0
contig_95	2523	2524	544.0
contig_95	2524	2525	552.0
contig_95	2525	2526	566.0
contig_95	2526	2527	572.0
contig_95	2527	2528	577.0
contig_95	2528	2529	583.0
contig_95	2529	2530	579.0
contig_95	2530	2531	580.0
contig_95	2531	2532	575.0
contig_95	2532	2533	571.0
contig_95	2533	2534	571.0
contig_95	2534	2535	574.0
contig_95	2535	2536	560.0
contig_95	2536	2537	558.0
contig_95	2537	2538	570.0
contig_95	2538	2539	570.0
contig_95	2539	2540	574.0
contig_95	2540	2541	582.0
contig_95	2541	2542	582.0
contig_95	2542	2543	582.0
contig_95	2543	2544	585.0
contig_95	2544	2545	589.0
contig_95	2545	2546	584.0
contig_95	2546	2547	583.0
contig_95	2547	2548	575.0
contig_95	2548	2549	588.0
contig_95	2549	2550	589.0
contig_95	2550	2551	587.0
contig_95	2551	2552	574.0
contig_95	2552	2553	566.0
contig_95	2553	2554	574.0
contig_95	2554	2555	585.0
contig_95	2555	2556	585.0
contig_95	2556	2557	585.0
contig_95	2557	2558	585.0
contig_95	2558	2559	585.0
contig_95	2559	2560	589.0
contig_95	2560	2561	568.0
contig_95	2561	2562	555.0
contig_95	2562	2563	575.0
contig_95	2563	2564	575.0
contig_95	2564	2565	584.0
contig_95	2565	2566	581.0
contig_95	2566	2567	587.0
contig_95	2567	2568	593.0
contig_95	2568	2569	592.0
contig_95	2569	2570	608.0
contig_95	2570	2571	608.0
contig_95	2571	2572	607.0
contig_95	2572	2573	633.0
contig_95	2573	2574	630.0
contig_95	2574	2575	627.0
contig_95	2575	2576	629.0
contig_95	2576	2577	644.0
contig_95	2577	2578	644.0
contig_95	2578	2579	644.0
contig_95	2579	2580	642.0
contig_95	2580	2581	644.0
contig_95	2581	2582	633.0
contig_95	2582	2583	633.0
contig_95	2583	2584	633.0
contig_95	2584	2585	638.0
contig_95	2585	2586	646.0
contig_95	2586	2587	646.0
contig_95	2587	2588	648.0
contig_95	2588	2589	672.0
contig_95	2589	2590	684.0
contig_95	2590	2591	692.0
contig_95	2591	2592	692.0
contig_95	2592	2593	692.0
contig_95	2593	2594	688.0
contig_95	2594	2595	684.0
contig_95	2595	2596	671.0
contig_95	2596	2597	687.0
contig_95	2597	2598	701.0
contig_95	2598	2599	698.0
contig_95	2599	2600	694.0
contig_95	2600	2601	713.0
contig_95	2601	2602	713.0
contig_95	2602	2603	743.0
contig_95	2603	2604	757.0
contig_95	2604	2605	771.0
contig_95	2605	2606	762.0
contig_95	2606	2607	762.0
contig_95	2607	2608	759.0
contig_95	2608	2609	757.0
contig_95	2609	2610	753.0
contig_95	2610	2611	754.0
contig_95	2611	2612	754.0
contig_95	2612	2613	755.0
contig_95	2613	2614	755.0
contig_95	2614	2615	755.0
contig_95	2615	2616	759.0
contig_95	2616	2617	749.0
contig_95	2617	2618	771.0
contig_95	2618	2619	774.0
contig_95	2619	2620	777.0
contig_95	2620	2621	767.0
contig_95	2621	2622	761.0
contig_95	2622	2623	764.0
contig_95	2623	2624	749.0
contig_95	2624	2625	744.0
contig_95	2625	2626	740.0
contig_95	2626	2627	741.0
contig_95	2627	2628	736.0
contig_95	2628	2629	727.0
contig_95	2629	2630	727.0
contig_95	2630	2631	718.0
contig_95	2631	2632	717.0
contig_95	2632	2633	723.0
contig_95	2633	2634	723.0
contig_95	2634	2635	723.0
contig_95	2635	2636	722.0
contig_95	2636	2637	719.0
contig_95	2637	2638	717.0
contig_95	2638	2639	712.0
contig_95	2639	2640	714.0
contig_95	2640	2641	717.0
contig_95	2641	2642	710.0
contig_95	2642	2643	710.0
contig_95	2643	2644	711.0
contig_95	2644	2645	712.0
contig_95	2645	2646	707.0
contig_95	2646	2647	716.0
contig_95	2647	2648	716.0
contig_95	2648	2649	712.0
contig_95	2649	2650	716.0
contig_95	2650	2651	716.0
contig_95	2651	2652	716.0
contig_95	2652	2653	716.0
contig_95	2653	2654	712.0
contig_95	2654	2655	711.0
contig_95	2655	2656	719.0
contig_95	2656	2657	719.0
contig_95	2657	2658	719.0
contig_95	2658	2659	723.0
contig_95	2659	2660	720.0
contig_95	2660	2661	716.0
contig_95	2661	2662	718.0
contig_95	2662	2663	721.0
contig_95	2663	2664	726.0
contig_95	2664	2665	726.0
contig_95	2665	2666	724.0
contig_95	2666	2667	724.0
contig_95	2667	2668	707.0
contig_95	2668	2669	704.0
contig_95	2669	2670	684.0
contig_95	2670	2671	676.0
contig_95	2671	2672	683.0
contig_95	2672	2673	683.0
contig_95	2673	2674	695.0
contig_95	2674	2675	687.0
contig_95	2675	2676	694.0
contig_95	2676	2677	678.0
contig_95	2677	2678	680.0
contig_95	2678	2679	678.0
contig_95	2679	2680	680.0
contig_95	2680	2681	679.0
contig_95	2681	2682	686.0
contig_95	2682	2683	686.0
contig_95	2683	2684	686.0
contig_95	2684	2685	678.0
contig_95	2685	2686	678.0
contig_95	2686	2687	678.0
contig_95	2687	2688	666.0
contig_95	2688	2689	666.0
contig_95	2689	2690	667.0
contig_95	2690	2691	663.0
contig_95	2691	2692	679.0
contig_95	2692	2693	688.0
contig_95	2693	2694	688.0
contig_95	2694	2695	689.0
contig_95	2695	2696	687.0
contig_95	2696	2697	676.0
contig_95	2697	2698	686.0
contig_95	2698	2699	673.0
contig_95	2699	2700	671.0
contig_95	2700	2701	680.0
contig_95	2701	2702	686.0
contig_95	2702	2703	691.0
contig_95	2703	2704	683.0
contig_95	2704	2705	684.0
contig_95	2705	2706	687.0
contig_95	2706	2707	687.0
contig_95	2707	2708	687.0
contig_95	2708	2709	695.0
contig_95	2709	2710	700.0
contig_95	2710	2711	700.0
contig_95	2711	2712	700.0
contig_95	2712	2713	680.0
contig_95	2713	2714	680.0
contig_95	2714	2715	678.0
contig_95	2715	2716	678.0
contig_95	2716	2717	688.0
contig_95	2717	2718	668.0
contig_95	2718	2719	662.0
contig_95	2719	2720	689.0
contig_95	2720	2721	691.0
contig_95	2721	2722	686.0
contig_95	2722	2723	669.0
contig_95	2723	2724	663.0
contig_95	2724	2725	663.0
contig_95	2725	2726	678.0
contig_95	2726	2727	667.0
contig_95	2727	2728	667.0
contig_95	2728	2729	669.0
contig_95	2729	2730	677.0
contig_95	2730	2731	680.0
contig_95	2731	2732	678.0
contig_95	2732	2733	678.0
contig_95	2733	2734	710.0
contig_95	2734	2735	701.0
contig_95	2735	2736	693.0
contig_95	2736	2737	695.0
contig_95	2737	2738	692.0
contig_95	2738	2739	676.0
contig_95	2739	2740	661.0
contig_95	2740	2741	656.0
contig_95	2741	2742	657.0
contig_95	2742	2743	671.0
contig_95	2743	2744	674.0
contig_95	2744	2745	681.0
contig_95	2745	2746	670.0
contig_95	2746	2747	663.0
contig_95	2747	2748	657.0
contig_95	2748	2749	657.0
contig_95	2749	2750	652.0
contig_95	2750	2751	646.0
contig_95	2751	2752	646.0
contig_95	2752	2753	617.0
contig_95	2753	2754	603.0
contig_95	2754	2755	599.0
contig_95	2755	2756	599.0
contig_95	2756	2757	599.0
contig_95	2757	2758	601.0
contig_95	2758	2759	601.0
contig_95	2759	2760	605.0
contig_95	2760	2761	604.0
contig_95	2761	2762	604.0
contig_95	2762	2763	607.0
contig_95	2763	2764	607.0
contig_95	2764	2765	602.0
contig_95	2765	2766	598.0
contig_95	2766	2767	597.0
contig_95	2767	2768	576.0
contig_95	2768	2769	573.0
contig_95	2769	2770	573.0
contig_95	2770	2771	586.0
contig_95	2771	2772	581.0
contig_95	2772	2773	587.0
contig_95	2773	2774	587.0
contig_95	2774	2775	598.0
contig_95	2775	2776	598.0
contig_95	2776	2777	598.0
contig_95	2777	2778	589.0
contig_95	2778	2779	595.0
contig_95	2779	2780	595.0
contig_95	2780	2781	597.0
contig_95	2781	2782	615.0
contig_95	2782	2783	610.0
contig_95	2783	2784	611.0
contig_95	2784	2785	621.0
contig_95	2785	2786	614.0
contig_95	2786	2787	613.0
contig_95	2787	2788	609.0
contig_95	2788	2789	620.0
contig_95	2789	2790	620.0
contig_95	2790	2791	617.0
contig_95	2791	2792	619.0
contig_95	2792	2793	620.0
contig_95	2793	2794	606.0
contig_95	2794	2795	608.0
contig_95	2795	2796	613.0
contig_95	2796	2797	598.0
contig_95	2797	2798	600.0
contig_95	2798	2799	600.0
contig_95	2799	2800	602.0
contig_95	2800	2801	603.0
contig_95	2801	2802	607.0
contig_95	2802	2803	618.0
contig_95	2803	2804	610.0
contig_95	2804	2805	610.0
contig_95	2805	2806	612.0
contig_95	2806	2807	612.0
contig_95	2807	2808	612.0
contig_95	2808	2809	608.0
contig_95	2809	2810	618.0
contig_95	2810	2811	614.0
contig_95	2811	2812	618.0
contig_95	2812	2813	620.0
contig_95	2813	2814	621.0
contig_95	2814	2815	621.0
contig_95	2815	2816	616.0
contig_95	2816	2817	629.0
contig_95	2817	2818	628.0
contig_95	2818	2819	631.0
contig_95	2819	2820	631.0
contig_95	2820	2821	639.0
contig_95	2821	2822	628.0
contig_95	2822	2823	628.0
contig_95	2823	2824	634.0
contig_95	2824	2825	634.0
contig_95	2825	2826	628.0
contig_95	2826	2827	623.0
contig_95	2827	2828	613.0
contig_95	2828	2829	601.0
contig_95	2829	2830	601.0
contig_95	2830	2831	608.0
contig_95	2831	2832	602.0
contig_95	2832	2833	579.0
contig_95	2833	2834	582.0
contig_95	2834	2835	580.0
contig_95	2835	2836	579.0
contig_95	2836	2837	582.0
contig_95	2837	2838	581.0
contig_95	2838	2839	581.0
contig_95	2839	2840	579.0
contig_95	2840	2841	583.0
contig_95	2841	2842	578.0
contig_95	2842	2843	583.0
contig_95	2843	2844	593.0
contig_95	2844	2845	593.0
contig_95	2845	2846	588.0
contig_95	2846	2847	600.0
contig_95	2847	2848	601.0
contig_95	2848	2849	605.0
contig_95	2849	2850	629.0
contig_95	2850	2851	613.0
contig_95	2851	2852	617.0
contig_95	2852	2853	612.0
contig_95	2853	2854	615.0
contig_95	2854	2855	613.0
contig_95	2855	2856	612.0
contig_95	2856	2857	612.0
contig_95	2857	2858	612.0
contig_95	2858	2859	618.0
contig_95	2859	2860	596.0
contig_95	2860	2861	606.0
contig_95	2861	2862	606.0
contig_95	2862	2863	598.0
contig_95	2863	2864	598.0
contig_95	2864	2865	592.0
contig_95	2865	2866	610.0
contig_95	2866	2867	598.0
contig_95	2867	2868	588.0
contig_95	2868	2869	595.0
contig_95	2869	2870	569.0
contig_95	2870	2871	567.0
contig_95	2871	2872	559.0
contig_95	2872	2873	559.0
contig_95	2873	2874	559.0
contig_95	2874	2875	559.0
contig_95	2875	2876	559.0
contig_95	2876	2877	559.0
contig_95	2877	2878	559.0
contig_95	2878	2879	558.0
contig_95	2879	2880	559.0
contig_95	2880	2881	555.0
contig_95	2881	2882	563.0
contig_95	2882	2883	563.0
contig_95	2883	2884	529.0
contig_95	2884	2885	526.0
contig_95	2885	2886	525.0
contig_95	2886	2887	514.0
contig_95	2887	2888	517.0
contig_95	2888	2889	529.0
contig_95	2889	2890	529.0
contig_95	2890	2891	538.0
contig_95	2891	2892	537.0
contig_95	2892	2893	515.0
contig_95	2893	2894	525.0
contig_95	2894	2895	534.0
contig_95	2895	2896	543.0
contig_95	2896	2897	557.0
contig_95	2897	2898	562.0
contig_95	2898	2899	562.0
contig_95	2899	2900	562.0
contig_95	2900	2901	557.0
contig_95	2901	2902	560.0
contig_95	2902	2903	564.0
contig_95	2903	2904	564.0
contig_95	2904	2905	555.0
contig_95	2905	2906	557.0
contig_95	2906	2907	557.0
contig_95	2907	2908	561.0
contig_95	2908	2909	561.0
contig_95	2909	2910	561.0
contig_95	2910	2911	564.0
contig_95	2911	2912	564.0
contig_95	2912	2913	560.0
contig_95	2913	2914	560.0
contig_95	2914	2915	561.0
contig_95	2915	2916	561.0
contig_95	2916	2917	577.0
contig_95	2917	2918	590.0
contig_95	2918	2919	591.0
contig_95	2919	2920	597.0
contig_95	2920	2921	583.0
contig_95	2921	2922	583.0
contig_95	2922	2923	583.0
contig_95	2923	2924	590.0
contig_95	2924	2925	591.0
contig_95	2925	2926	591.0
contig_95	2926	2927	594.0
contig_95	2927	2928	579.0
contig_95	2928	2929	600.0
contig_95	2929	2930	600.0
contig_95	2930	2931	600.0
contig_95	2931	2932	588.0
contig_95	2932	2933	587.0
contig_95	2933	2934	582.0
contig_95	2934	2935	580.0
contig_95	2935	2936	581.0
contig_95	2936	2937	581.0
contig_95	2937	2938	590.0
contig_95	2938	2939	573.0
contig_95	2939	2940	573.0
contig_95	2940	2941	569.0
contig_95	2941	2942	567.0
contig_95	2942	2943	562.0
contig_95	2943	2944	563.0
contig_95	2944	2945	561.0
contig_95	2945	2946	559.0
contig_95	2946	2947	574.0
contig_95	2947	2948	575.0
contig_95	2948	2949	582.0
contig_95	2949	2950	578.0
contig_95	2950	2951	580.0
contig_95	2951	2952	601.0
contig_95	2952	2953	592.0
contig_95	2953	2954	592.0
contig_95	2954	2955	588.0
contig_95	2955	2956	588.0
contig_95	2956	2957	588.0
contig_95	2957	2958	596.0
contig_95	2958	2959	596.0
contig_95	2959	2960	586.0
contig_95	2960	2961	580.0
contig_95	2961	2962	573.0
contig_95	2962	2963	577.0
contig_95	2963	2964	571.0
contig_95	2964	2965	583.0
contig_95	2965	2966	583.0
contig_95	2966	2967	572.0
contig_95	2967	2968	563.0
contig_95	2968	2969	563.0
contig_95	2969	2970	557.0
contig_95	2970	2971	550.0
contig_95	2971	2972	553.0
contig_95	2972	2973	553.0
contig_95	2973	2974	555.0
contig_95	2974	2975	558.0
contig_95	2975	2976	565.0
contig_95	2976	2977	565.0
contig_95	2977	2978	565.0
contig_95	2978	2979	562.0
contig_95	2979	2980	569.0
contig_95	2980	2981	571.0
contig_95	2981	2982	571.0
contig_95	2982	2983	570.0
contig_95	2983	2984	573.0
contig_95	2984	2985	573.0
contig_95	2985	2986	569.0
contig_95	2986	2987	566.0
contig_95	2987	2988	569.0
contig_95	2988	2989	581.0
contig_95	2989	2990	581.0
contig_95	2990	2991	579.0
contig_95	2991	2992	561.0
contig_95	2992	2993	556.0
contig_95	2993	2994	546.0
contig_95	2994	2995	546.0
contig_95	2995	2996	546.0
contig_95	2996	2997	551.0
contig_95	2997	2998	550.0
contig_95	2998	2999	546.0
contig_95	2999	3000	524.0
contig_95	3000	3001	556.0
contig_95	3001	3002	551.0
contig_95	3002	3003	561.0
contig_95	3003	3004	561.0
contig_95	3004	3005	561.0
contig_95	3005	3006	561.0
contig_95	3006	3007	563.0
contig_95	3007	3008	558.0
contig_95	3008	3009	549.0
contig_95	3009	3010	549.0
contig_95	3010	3011	567.0
contig_95	3011	3012	574.0
contig_95	3012	3013	574.0
contig_95	3013	3014	580.0
contig_95	3014	3015	580.0
contig_95	3015	3016	565.0
contig_95	3016	3017	572.0
contig_95	3017	3018	572.0
contig_95	3018	3019	570.0
contig_95	3019	3020	567.0
contig_95	3020	3021	566.0
contig_95	3021	3022	566.0
contig_95	3022	3023	563.0
contig_95	3023	3024	558.0
contig_95	3024	3025	552.0
contig_95	3025	3026	554.0
contig_95	3026	3027	557.0
contig_95	3027	3028	566.0
contig_95	3028	3029	565.0
contig_95	3029	3030	564.0
contig_95	3030	3031	564.0
contig_95	3031	3032	560.0
contig_95	3032	3033	560.0
contig_95	3033	3034	560.0
contig_95	3034	3035	558.0
contig_95	3035	3036	558.0
contig_95	3036	3037	557.0
contig_95	3037	3038	558.0
contig_95	3038	3039	545.0
contig_95	3039	3040	546.0
contig_95	3040	3041	544.0
contig_95	3041	3042	544.0
contig_95	3042	3043	544.0
contig_95	3043	3044	531.0
contig_95	3044	3045	530.0
contig_95	3045	3046	522.0
contig_95	3046	3047	519.0
contig_95	3047	3048	515.0
contig_95	3048	3049	515.0
contig_95	3049	3050	524.0
contig_95	3050	3051	511.0
contig_95	3051	3052	509.0
contig_95	3052	3053	508.0
contig_95	3053	3054	505.0
contig_95	3054	3055	509.0
contig_95	3055	3056	519.0
contig_95	3056	3057	521.0
contig_95	3057	3058	519.0
contig_95	3058	3059	523.0
contig_95	3059	3060	532.0
contig_95	3060	3061	524.0
contig_95	3061	3062	524.0
contig_95	3062	3063	537.0
contig_95	3063	3064	537.0
contig_95	3064	3065	547.0
contig_95	3065	3066	553.0
contig_95	3066	3067	542.0
contig_95	3067	3068	541.0
contig_95	3068	3069	540.0
contig_95	3069	3070	540.0
contig_95	3070	3071	532.0
contig_95	3071	3072	534.0
contig_95	3072	3073	534.0
contig_95	3073	3074	534.0
contig_95	3074	3075	534.0
contig_95	3075	3076	550.0
contig_95	3076	3077	550.0
contig_95	3077	3078	550.0
contig_95	3078	3079	556.0
contig_95	3079	3080	562.0
contig_95	3080	3081	559.0
contig_95	3081	3082	562.0
contig_95	3082	3083	562.0
contig_95	3083	3084	563.0
contig_95	3084	3085	568.0
contig_95	3085	3086	567.0
contig_95	3086	3087	567.0
contig_95	3087	3088	558.0
contig_95	3088	3089	558.0
contig_95	3089	3090	558.0
contig_95	3090	3091	553.0
contig_95	3091	3092	553.0
contig_95	3092	3093	558.0
contig_95	3093	3094	558.0
contig_95	3094	3095	558.0
contig_95	3095	3096	559.0
contig_95	3096	3097	550.0
contig_95	3097	3098	559.0
contig_95	3098	3099	556.0
contig_95	3099	3100	554.0
contig_95	3100	3101	554.0
contig_95	3101	3102	542.0
contig_95	3102	3103	547.0
contig_95	3103	3104	547.0
contig_95	3104	3105	562.0
contig_95	3105	3106	579.0
contig_95	3106	3107	589.0
contig_95	3107	3108	580.0
contig_95	3108	3109	589.0
contig_95	3109	3110	589.0
contig_95	3110	3111	593.0
contig_95	3111	3112	595.0
contig_95	3112	3113	594.0
contig_95	3113	3114	600.0
contig_95	3114	3115	604.0
contig_95	3115	3116	594.0
contig_95	3116	3117	613.0
contig_95	3117	3118	618.0
contig_95	3118	3119	616.0
contig_95	3119	3120	616.0
contig_95	3120	3121	610.0
contig_95	3121	3122	622.0
contig_95	3122	3123	622.0
contig_95	3123	3124	620.0
contig_95	3124	3125	626.0
contig_95	3125	3126	616.0
contig_95	3126	3127	616.0
contig_95	3127	3128	616.0
contig_95	3128	3129	593.0
contig_95	3129	3130	587.0
contig_95	3130	3131	576.0
contig_95	3131	3132	576.0
contig_95	3132	3133	576.0
contig_95	3133	3134	575.0
contig_95	3134	3135	575.0
contig_95	3135	3136	576.0
contig_95	3136	3137	576.0
contig_95	3137	3138	572.0
contig_95	3138	3139	567.0
contig_95	3139	3140	573.0
contig_95	3140	3141	575.0
contig_95	3141	3142	576.0
contig_95	3142	3143	573.0
contig_95	3143	3144	573.0
contig_95	3144	3145	573.0
contig_95	3145	3146	576.0
contig_95	3146	3147	575.0
contig_95	3147	3148	575.0
contig_95	3148	3149	593.0
contig_95	3149	3150	593.0
contig_95	3150	3151	583.0
contig_95	3151	3152	574.0
contig_95	3152	3153	575.0
contig_95	3153	3154	576.0
contig_95	3154	3155	578.0
contig_95	3155	3156	584.0
contig_95	3156	3157	582.0
contig_95	3157	3158	582.0
contig_95	3158	3159	597.0
contig_95	3159	3160	597.0
contig_95	3160	3161	601.0
contig_95	3161	3162	590.0
contig_95	3162	3163	590.0
contig_95	3163	3164	584.0
contig_95	3164	3165	590.0
contig_95	3165	3166	599.0
contig_95	3166	3167	595.0
contig_95	3167	3168	599.0
contig_95	3168	3169	597.0
contig_95	3169	3170	594.0
contig_95	3170	3171	594.0
contig_95	3171	3172	594.0
contig_95	3172	3173	594.0
contig_95	3173	3174	596.0
contig_95	3174	3175	596.0
contig_95	3175	3176	599.0
contig_95	3176	3177	599.0
contig_95	3177	3178	592.0
contig_95	3178	3179	582.0
contig_95	3179	3180	585.0
contig_95	3180	3181	592.0
contig_95	3181	3182	581.0
contig_95	3182	3183	583.0
contig_95	3183	3184	583.0
contig_95	3184	3185	582.0
contig_95	3185	3186	582.0
contig_95	3186	3187	594.0
contig_95	3187	3188	601.0
contig_95	3188	3189	603.0
contig_95	3189	3190	597.0
contig_95	3190	3191	591.0
contig_95	3191	3192	592.0
contig_95	3192	3193	602.0
contig_95	3193	3194	602.0
contig_95	3194	3195	602.0
contig_95	3195	3196	603.0
contig_95	3196	3197	597.0
contig_95	3197	3198	609.0
contig_95	3198	3199	614.0
contig_95	3199	3200	619.0
contig_95	3200	3201	619.0
contig_95	3201	3202	617.0
contig_95	3202	3203	603.0
contig_95	3203	3204	604.0
contig_95	3204	3205	593.0
contig_95	3205	3206	589.0
contig_95	3206	3207	586.0
contig_95	3207	3208	584.0
contig_95	3208	3209	582.0
contig_95	3209	3210	574.0
contig_95	3210	3211	570.0
contig_95	3211	3212	568.0
contig_95	3212	3213	558.0
contig_95	3213	3214	558.0
contig_95	3214	3215	550.0
contig_95	3215	3216	545.0
contig_95	3216	3217	547.0
contig_95	3217	3218	535.0
contig_95	3218	3219	532.0
contig_95	3219	3220	535.0
contig_95	3220	3221	538.0
contig_95	3221	3222	533.0
contig_95	3222	3223	533.0
contig_95	3223	3224	540.0
contig_95	3224	3225	540.0
contig_95	3225	3226	537.0
contig_95	3226	3227	542.0
contig_95	3227	3228	543.0
contig_95	3228	3229	523.0
contig_95	3229	3230	528.0
contig_95	3230	3231	528.0
contig_95	3231	3232	525.0
contig_95	3232	3233	525.0
contig_95	3233	3234	535.0
contig_95	3234	3235	529.0
contig_95	3235	3236	529.0
contig_95	3236	3237	529.0
contig_95	3237	3238	537.0
contig_95	3238	3239	542.0
contig_95	3239	3240	542.0
contig_95	3240	3241	541.0
contig_95	3241	3242	544.0
contig_95	3242	3243	532.0
contig_95	3243	3244	532.0
contig_95	3244	3245	544.0
contig_95	3245	3246	548.0
contig_95	3246	3247	548.0
contig_95	3247	3248	540.0
contig_95	3248	3249	547.0
contig_95	3249	3250	560.0
contig_95	3250	3251	560.0
contig_95	3251	3252	563.0
contig_95	3252	3253	558.0
contig_95	3253	3254	568.0
contig_95	3254	3255	552.0
contig_95	3255	3256	538.0
contig_95	3256	3257	531.0
contig_95	3257	3258	532.0
contig_95	3258	3259	527.0
contig_95	3259	3260	527.0
contig_95	3260	3261	522.0
contig_95	3261	3262	521.0
contig_95	3262	3263	506.0
contig_95	3263	3264	500.0
contig_95	3264	3265	488.0
contig_95	3265	3266	485.0
contig_95	3266	3267	454.0
contig_95	3267	3268	444.0
contig_95	3268	3269	459.0
contig_95	3269	3270	459.0
contig_95	3270	3271	459.0
contig_95	3271	3272	466.0
contig_95	3272	3273	466.0
contig_95	3273	3274	459.0
contig_95	3274	3275	456.0
contig_95	3275	3276	464.0
contig_95	3276	3277	468.0
contig_95	3277	3278	463.0
contig_95	3278	3279	458.0
contig_95	3279	3280	457.0
contig_95	3280	3281	459.0
contig_95	3281	3282	462.0
contig_95	3282	3283	462.0
contig_95	3283	3284	477.0
contig_95	3284	3285	481.0
contig_95	3285	3286	482.0
contig_95	3286	3287	483.0
contig_95	3287	3288	483.0
contig_95	3288	3289	483.0
contig_95	3289	3290	484.0
contig_95	3290	3291	494.0
contig_95	3291	3292	489.0
contig_95	3292	3293	489.0
contig_95	3293	3294	493.0
contig_95	3294	3295	493.0
contig_95	3295	3296	503.0
contig_95	3296	3297	503.0
contig_95	3297	3298	512.0
contig_95	3298	3299	499.0
contig_95	3299	3300	500.0
contig_95	3300	3301	490.0
contig_95	3301	3302	507.0
contig_95	3302	3303	506.0
contig_95	3303	3304	506.0
contig_95	3304	3305	510.0
contig_95	3305	3306	513.0
contig_95	3306	3307	533.0
contig_95	3307	3308	558.0
contig_95	3308	3309	548.0
contig_95	3309	3310	546.0
contig_95	3310	3311	540.0
contig_95	3311	3312	539.0
contig_95	3312	3313	539.0
contig_95	3313	3314	544.0
contig_95	3314	3315	534.0
contig_95	3315	3316	526.0
contig_95	3316	3317	530.0
contig_95	3317	3318	535.0
contig_95	3318	3319	536.0
contig_95	3319	3320	542.0
contig_95	3320	3321	540.0
contig_95	3321	3322	540.0
contig_95	3322	3323	542.0
contig_95	3323	3324	543.0
contig_95	3324	3325	545.0
contig_95	3325	3326	550.0
contig_95	3326	3327	550.0
contig_95	3327	3328	559.0
contig_95	3328	3329	559.0
contig_95	3329	3330	561.0
contig_95	3330	3331	556.0
contig_95	3331	3332	560.0
contig_95	3332	3333	557.0
contig_95	3333	3334	558.0
contig_95	3334	3335	558.0
contig_95	3335	3336	558.0
contig_95	3336	3337	543.0
contig_95	3337	3338	535.0
contig_95	3338	3339	533.0
contig_95	3339	3340	539.0
contig_95	3340	3341	539.0
contig_95	3341	3342	539.0
contig_95	3342	3343	530.0
contig_95	3343	3344	533.0
contig_95	3344	3345	533.0
contig_95	3345	3346	529.0
contig_95	3346	3347	529.0
contig_95	3347	3348	511.0
contig_95	3348	3349	507.0
contig_95	3349	3350	499.0
contig_95	3350	3351	506.0
contig_95	3351	3352	510.0
contig_95	3352	3353	538.0
contig_95	3353	3354	541.0
contig_95	3354	3355	544.0
contig_95	3355	3356	547.0
contig_95	3356	3357	547.0
contig_95	3357	3358	552.0
contig_95	3358	3359	547.0
contig_95	3359	3360	543.0
contig_95	3360	3361	543.0
contig_95	3361	3362	562.0
contig_95	3362	3363	559.0
contig_95	3363	3364	568.0
contig_95	3364	3365	568.0
contig_95	3365	3366	575.0
contig_95	3366	3367	574.0
contig_95	3367	3368	569.0
contig_95	3368	3369	575.0
contig_95	3369	3370	572.0
contig_95	3370	3371	569.0
contig_95	3371	3372	568.0
contig_95	3372	3373	568.0
contig_95	3373	3374	565.0
contig_95	3374	3375	572.0
contig_95	3375	3376	587.0
contig_95	3376	3377	582.0
contig_95	3377	3378	581.0
contig_95	3378	3379	585.0
contig_95	3379	3380	575.0
contig_95	3380	3381	581.0
contig_95	3381	3382	591.0
contig_95	3382	3383	591.0
contig_95	3383	3384	584.0
contig_95	3384	3385	592.0
contig_95	3385	3386	592.0
contig_95	3386	3387	592.0
contig_95	3387	3388	590.0
contig_95	3388	3389	582.0
contig_95	3389	3390	594.0
contig_95	3390	3391	594.0
contig_95	3391	3392	591.0
contig_95	3392	3393	591.0
contig_95	3393	3394	589.0
contig_95	3394	3395	590.0
contig_95	3395	3396	590.0
contig_95	3396	3397	599.0
contig_95	3397	3398	629.0
contig_95	3398	3399	621.0
contig_95	3399	3400	630.0
contig_95	3400	3401	665.0
contig_95	3401	3402	664.0
contig_95	3402	3403	677.0
contig_95	3403	3404	675.0
contig_95	3404	3405	692.0
contig_95	3405	3406	690.0
contig_95	3406	3407	698.0
contig_95	3407	3408	698.0
contig_95	3408	3409	711.0
contig_95	3409	3410	711.0
contig_95	3410	3411	717.0
contig_95	3411	3412	725.0
contig_95	3412	3413	726.0
contig_95	3413	3414	726.0
contig_95	3414	3415	726.0
contig_95	3415	3416	731.0
contig_95	3416	3417	733.0
contig_95	3417	3418	734.0
contig_95	3418	3419	727.0
contig_95	3419	3420	732.0
contig_95	3420	3421	735.0
contig_95	3421	3422	721.0
contig_95	3422	3423	724.0
contig_95	3423	3424	724.0
contig_95	3424	3425	724.0
contig_95	3425	3426	713.0
contig_95	3426	3427	707.0
contig_95	3427	3428	706.0
contig_95	3428	3429	707.0
contig_95	3429	3430	721.0
contig_95	3430	3431	724.0
contig_95	3431	3432	716.0
contig_95	3432	3433	716.0
contig_95	3433	3434	708.0
contig_95	3434	3435	738.0
contig_95	3435	3436	745.0
contig_95	3436	3437	744.0
contig_95	3437	3438	745.0
contig_95	3438	3439	764.0
contig_95	3439	3440	762.0
contig_95	3440	3441	755.0
contig_95	3441	3442	763.0
contig_95	3442	3443	769.0
contig_95	3443	3444	763.0
contig_95	3444	3445	770.0
contig_95	3445	3446	756.0
contig_95	3446	3447	764.0
contig_95	3447	3448	764.0
contig_95	3448	3449	778.0
contig_95	3449	3450	777.0
contig_95	3450	3451	782.0
contig_95	3451	3452	765.0
contig_95	3452	3453	764.0
contig_95	3453	3454	767.0
contig_95	3454	3455	763.0
contig_95	3455	3456	754.0
contig_95	3456	3457	762.0
contig_95	3457	3458	760.0
contig_95	3458	3459	776.0
contig_95	3459	3460	776.0
contig_95	3460	3461	787.0
contig_95	3461	3462	799.0
contig_95	3462	3463	799.0
contig_95	3463	3464	818.0
contig_95	3464	3465	818.0
contig_95	3465	3466	818.0
contig_95	3466	3467	828.0
contig_95	3467	3468	820.0
contig_95	3468	3469	820.0
contig_95	3469	3470	841.0
contig_95	3470	3471	841.0
contig_95	3471	3472	840.0
contig_95	3472	3473	835.0
contig_95	3473	3474	835.0
contig_95	3474	3475	843.0
contig_95	3475	3476	841.0
contig_95	3476	3477	847.0
contig_95	3477	3478	837.0
contig_95	3478	3479	837.0
contig_95	3479	3480	840.0
contig_95	3480	3481	840.0
contig_95	3481	3482	833.0
contig_95	3482	3483	831.0
contig_95	3483	3484	830.0
contig_95	3484	3485	824.0
contig_95	3485	3486	811.0
contig_95	3486	3487	812.0
contig_95	3487	3488	812.0
contig_95	3488	3489	812.0
contig_95	3489	3490	797.0
contig_95	3490	3491	807.0
contig_95	3491	3492	811.0
contig_95	3492	3493	810.0
contig_95	3493	3494	809.0
contig_95	3494	3495	816.0
contig_95	3495	3496	816.0
contig_95	3496	3497	815.0
contig_95	3497	3498	819.0
contig_95	3498	3499	817.0
contig_95	3499	3500	814.0
contig_95	3500	3501	807.0
contig_95	3501	3502	805.0
contig_95	3502	3503	777.0
contig_95	3503	3504	782.0
contig_95	3504	3505	785.0
contig_95	3505	3506	785.0
contig_95	3506	3507	793.0
contig_95	3507	3508	781.0
contig_95	3508	3509	781.0
contig_95	3509	3510	800.0
contig_95	3510	3511	800.0
contig_95	3511	3512	786.0
contig_95	3512	3513	786.0
contig_95	3513	3514	780.0
contig_95	3514	3515	778.0
contig_95	3515	3516	770.0
contig_95	3516	3517	773.0
contig_95	3517	3518	771.0
contig_95	3518	3519	788.0
contig_95	3519	3520	789.0
contig_95	3520	3521	789.0
contig_95	3521	3522	802.0
contig_95	3522	3523	805.0
contig_95	3523	3524	809.0
contig_95	3524	3525	827.0
contig_95	3525	3526	825.0
contig_95	3526	3527	841.0
contig_95	3527	3528	841.0
contig_95	3528	3529	841.0
contig_95	3529	3530	857.0
contig_95	3530	3531	848.0
contig_95	3531	3532	839.0
contig_95	3532	3533	840.0
contig_95	3533	3534	853.0
contig_95	3534	3535	845.0
contig_95	3535	3536	846.0
contig_95	3536	3537	846.0
contig_95	3537	3538	858.0
contig_95	3538	3539	858.0
contig_95	3539	3540	876.0
contig_95	3540	3541	882.0
contig_95	3541	3542	888.0
contig_95	3542	3543	890.0
contig_95	3543	3544	922.0
contig_95	3544	3545	964.0
contig_95	3545	3546	968.0
contig_95	3546	3547	953.0
contig_95	3547	3548	942.0
contig_95	3548	3549	951.0
contig_95	3549	3550	961.0
contig_95	3550	3551	944.0
contig_95	3551	3552	973.0
contig_95	3552	3553	966.0
contig_95	3553	3554	966.0
contig_95	3554	3555	970.0
contig_95	3555	3556	984.0
contig_95	3556	3557	994.0
contig_95	3557	3558	1002.0
contig_95	3558	3559	980.0
contig_95	3559	3560	985.0
contig_95	3560	3561	979.0
contig_95	3561	3562	978.0
contig_95	3562	3563	977.0
contig_95	3563	3564	977.0
contig_95	3564	3565	1009.0
contig_95	3565	3566	996.0
contig_95	3566	3567	1010.0
contig_95	3567	3568	1010.0
contig_95	3568	3569	1013.0
contig_95	3569	3570	1005.0
contig_95	3570	3571	1002.0
contig_95	3571	3572	1019.0
contig_95	3572	3573	1010.0
contig_95	3573	3574	1021.0
contig_95	3574	3575	1025.0
contig_95	3575	3576	1027.0
contig_95	3576	3577	1027.0
contig_95	3577	3578	1035.0
contig_95	3578	3579	1031.0
contig_95	3579	3580	1036.0
contig_95	3580	3581	1059.0
contig_95	3581	3582	1073.0
contig_95	3582	3583	1081.0
contig_95	3583	3584	1092.0
contig_95	3584	3585	1090.0
contig_95	3585	3586	1106.0
contig_95	3586	3587	1106.0
contig_95	3587	3588	1099.0
contig_95	3588	3589	1084.0
contig_95	3589	3590	1084.0
contig_95	3590	3591	1097.0
contig_95	3591	3592	1102.0
contig_95	3592	3593	1111.0
contig_95	3593	3594	1129.0
contig_95	3594	3595	1131.0
contig_95	3595	3596	1126.0
contig_95	3596	3597	1132.0
contig_95	3597	3598	1150.0
contig_95	3598	3599	1160.0
contig_95	3599	3600	1160.0
contig_95	3600	3601	1159.0
contig_95	3601	3602	1164.0
contig_95	3602	3603	1162.0
contig_95	3603	3604	1168.0
contig_95	3604	3605	1174.0
contig_95	3605	3606	1179.0
contig_95	3606	3607	1168.0
contig_95	3607	3608	1158.0
contig_95	3608	3609	1155.0
contig_95	3609	3610	1155.0
contig_95	3610	3611	1163.0
contig_95	3611	3612	1167.0
contig_95	3612	3613	1175.0
contig_95	3613	3614	1184.0
contig_95	3614	3615	1186.0
contig_95	3615	3616	1189.0
contig_95	3616	3617	1188.0
contig_95	3617	3618	1202.0
contig_95	3618	3619	1197.0
contig_95	3619	3620	1180.0
contig_95	3620	3621	1181.0
contig_95	3621	3622	1175.0
contig_95	3622	3623	1175.0
contig_95	3623	3624	1176.0
contig_95	3624	3625	1168.0
contig_95	3625	3626	1163.0
contig_95	3626	3627	1158.0
contig_95	3627	3628	1158.0
contig_95	3628	3629	1166.0
contig_95	3629	3630	1176.0
contig_95	3630	3631	1176.0
contig_95	3631	3632	1176.0
contig_95	3632	3633	1165.0
contig_95	3633	3634	1165.0
contig_95	3634	3635	1150.0
contig_95	3635	3636	1154.0
contig_95	3636	3637	1148.0
contig_95	3637	3638	1142.0
contig_95	3638	3639	1149.0
contig_95	3639	3640	1149.0
contig_95	3640	3641	1127.0
contig_95	3641	3642	1116.0
contig_95	3642	3643	1122.0
contig_95	3643	3644	1126.0
contig_95	3644	3645	1121.0
contig_95	3645	3646	1149.0
contig_95	3646	3647	1150.0
contig_95	3647	3648	1153.0
contig_95	3648	3649	1152.0
contig_95	3649	3650	1136.0
contig_95	3650	3651	1136.0
contig_95	3651	3652	1136.0
contig_95	3652	3653	1137.0
contig_95	3653	3654	1091.0
contig_95	3654	3655	1085.0
contig_95	3655	3656	1090.0
contig_95	3656	3657	1098.0
contig_95	3657	3658	1107.0
contig_95	3658	3659	1107.0
contig_95	3659	3660	1107.0
contig_95	3660	3661	1107.0
contig_95	3661	3662	1108.0
contig_95	3662	3663	1124.0
contig_95	3663	3664	1121.0
contig_95	3664	3665	1122.0
contig_95	3665	3666	1122.0
contig_95	3666	3667	1128.0
contig_95	3667	3668	1138.0
contig_95	3668	3669	1114.0
contig_95	3669	3670	1113.0
contig_95	3670	3671	1118.0
contig_95	3671	3672	1111.0
contig_95	3672	3673	1115.0
contig_95	3673	3674	1115.0
contig_95	3674	3675	1122.0
contig_95	3675	3676	1106.0
contig_95	3676	3677	1087.0
contig_95	3677	3678	1097.0
contig_95	3678	3679	1082.0
contig_95	3679	3680	1092.0
contig_95	3680	3681	1096.0
contig_95	3681	3682	1095.0
contig_95	3682	3683	1102.0
contig_95	3683	3684	1101.0
contig_95	3684	3685	1081.0
contig_95	3685	3686	1081.0
contig_95	3686	3687	1107.0
contig_95	3687	3688	1095.0
contig_95	3688	3689	1092.0
contig_95	3689	3690	1104.0
contig_95	3690	3691	1093.0
contig_95	3691	3692	1090.0
contig_95	3692	3693	1087.0
contig_95	3693	3694	1046.0
contig_95	3694	3695	1047.0
contig_95	3695	3696	1051.0
contig_95	3696	3697	1050.0
contig_95	3697	3698	1058.0
contig_95	3698	3699	1044.0
contig_95	3699	3700	1034.0
contig_95	3700	3701	1037.0
contig_95	3701	3702	1041.0
contig_95	3702	3703	1038.0
contig_95	3703	3704	1036.0
contig_95	3704	3705	1031.0
contig_95	3705	3706	1024.0
contig_95	3706	3707	1004.0
contig_95	3707	3708	996.0
contig_95	3708	3709	979.0
contig_95	3709	3710	982.0
contig_95	3710	3711	981.0
contig_95	3711	3712	1003.0
contig_95	3712	3713	1001.0
contig_95	3713	3714	1005.0
contig_95	3714	3715	1004.0
contig_95	3715	3716	1006.0
contig_95	3716	3717	989.0
contig_95	3717	3718	991.0
contig_95	3718	3719	1000.0
contig_95	3719	3720	1002.0
contig_95	3720	3721	1003.0
contig_95	3721	3722	986.0
contig_95	3722	3723	986.0
contig_95	3723	3724	974.0
contig_95	3724	3725	984.0
contig_95	3725	3726	984.0
contig_95	3726	3727	998.0
contig_95	3727	3728	999.0
contig_95	3728	3729	995.0
contig_95	3729	3730	986.0
contig_95	3730	3731	968.0
contig_95	3731	3732	961.0
contig_95	3732	3733	945.0
contig_95	3733	3734	939.0
contig_95	3734	3735	940.0
contig_95	3735	3736	936.0
contig_95	3736	3737	940.0
contig_95	3737	3738	938.0
contig_95	3738	3739	931.0
contig_95	3739	3740	937.0
contig_95	3740	3741	925.0
contig_95	3741	3742	944.0
