Men-IGTΩcontig_164_1	UniRef100_A1KSF4~K03529	97.8	1161	25	0	22	1182	1	1161	0.0	1826
Men-IGTΩcontig_56_3	UniRef100_X5F7I3~K03529	100	1161	0	0	1	1161	1	1161	0.0	1850
Men-IGTΩcontig_182_1	UniRef100_A0A0E0TNP6~K02337	98.5	1114	17	0	1	1114	1	1114	0.0	2196
Men-IGTΩcontig_159_1	UniRef100_X5F4U0~K02674	83.3	1005	156	6	28	1027	2	999	0.0	1645
Men-IGTΩcontig_132_2	UniRef100_Q9JUS4~K03701	99.6	948	4	0	1	948	1	948	0.0	1888
Men-IGTΩcontig_86_2	UniRef100_Q06379~K16087	98.1	943	18	0	1	943	1	943	0.0	1871
Men-IGTΩcontig_108_3	UniRef100_A9M1J7~K01870	100	929	0	0	1	929	1	929	0.0	1883
Men-IGTΩcontig_21_1	UniRef100_B8P1W5~K01952	50.4	956	432	17	4	918	1	955	2.61e-291	845
Men-IGTΩcontig_154_1	UniRef100_B9M4M3~K03582	31.8	914	563	26	4	889	182	1063	8.08e-101	345
Men-IGTΩcontig_140_1	UniRef100_Q9JX72~K00982	94.3	896	51	0	1	896	1	896	0.0	1681
Men-IGTΩcontig_95_1	UniRef100_C6S8K3~K16087	97.0	894	26	1	1	894	1	893	0.0	1755
Men-IGTΩcontig_2_2	UniRef100_X5F7K5~K00163	99.7	887	3	0	1	887	1	887	0.0	1816
Men-IGTΩcontig_11_4	UniRef100_A9M162~K01869	100	876	0	0	3	878	1	876	0.0	1797
Men-IGTΩcontig_238_1	UniRef100_A9M3F7~K00982	100	869	0	0	1	869	1	869	0.0	1721
Men-IGTΩcontig_27_3	UniRef100_A9M2G4~K20455	100	868	0	0	1	868	1	868	0.0	1738
Men-IGTΩcontig_139_2	UniRef100_E3D1T4~K16087	54.5	824	328	12	6	823	1	783	1.55e-298	845
Men-IGTΩcontig_119_1	UniRef100_A9M0Y0~K16087	100	817	0	0	1	817	1	817	0.0	1642
Men-IGTΩcontig_5_11	UniRef100_A0A1V3SRF7~K03466	100	812	0	0	1	812	1	812	0.0	1547
Men-IGTΩcontig_179_2	UniRef100_Q9JWA2~K16087	99.6	810	3	0	1	810	1	810	0.0	1649
Men-IGTΩcontig_141_3	UniRef100_A1IU30~K04744	99.9	802	1	0	1	802	1	802	0.0	1613
Men-IGTΩcontig_1_7	UniRef100_A9M3S6~K07277	100	797	0	0	1	797	1	797	0.0	1583
Men-IGTΩcontig_14_4	UniRef100_A9M3G9~K02470	100	796	0	0	1	796	19	814	0.0	1558
Men-IGTΩcontig_53_2	UniRef100_A9LZ82~K12573	99.9	794	1	0	1	794	6	799	0.0	1503
Men-IGTΩcontig_247_2	UniRef100_C6S8C3~K00281	97.5	786	20	0	1	786	1	786	0.0	1509
Men-IGTΩcontig_126_1	UniRef100_D6DIC1~K01153	43.2	808	367	16	1	768	141	896	4.81e-184	556
Men-IGTΩcontig_28_3	UniRef100_C6S9H8~K03168	99.9	768	1	0	1	768	1	768	0.0	1493
Men-IGTΩcontig_15_6	UniRef100_A9M1A3~K02621	100	765	0	0	1	765	1	765	0.0	1471
Men-IGTΩcontig_221_2	UniRef100_A9M4E3~K00549	100	758	0	0	1	758	1	758	0.0	1496
Men-IGTΩcontig_176_2	UniRef100_Q9JUT6~K00549	99.3	758	5	0	1	758	1	758	0.0	1488
Men-IGTΩcontig_99_2	UniRef100_Q9JZN9~K02014	98.7	758	10	0	1	758	1	758	0.0	1521
Men-IGTΩcontig_106_4	UniRef100_A9M3Y4~K03694	100	754	0	0	1	754	1	754	0.0	1457
Men-IGTΩcontig_4_11	UniRef100_A9M3D5~K00336	100	753	0	0	1	753	1	753	0.0	1475
Men-IGTΩcontig_12_9	UniRef100_A0A0G4BWM7~K00691	100	752	0	0	1	752	1	752	0.0	1533
Men-IGTΩcontig_75_2	UniRef100_A0A0U1RJX8~K04561	99.5	751	4	0	1	751	1	751	0.0	1524
Men-IGTΩcontig_267_1	UniRef100_A0A0G4C0M5~K00990	98.0	743	15	0	1	743	110	852	0.0	1447
Men-IGTΩcontig_220_2	UniRef100_A0A0Y6E6C6~K03657	99.0	735	7	0	1	735	1	735	0.0	1421
Men-IGTΩcontig_160_2	UniRef100_E3D235~K04066	99.0	729	7	0	1	729	1	729	0.0	1447
Men-IGTΩcontig_187_1	UniRef100_A9M0N1~K16087	100	720	0	0	1	720	1	720	0.0	1444
Men-IGTΩcontig_5_2	UniRef100_A9LZQ5~K17686	100	720	0	0	1	720	51	770	0.0	1358
Men-IGTΩcontig_155_1	UniRef100_A9M231~K00951	100	714	0	0	1	714	1	714	0.0	1432
Men-IGTΩcontig_52_2	UniRef100_A9M3J0~K00962	100	706	0	0	1	706	1	706	0.0	1347
Men-IGTΩcontig_80_5	UniRef100_E0TIP8~K03046	39.6	682	393	6	1	679	107	772	9.11e-168	506
Men-IGTΩcontig_145_2	UniRef100_A0A0B5CPW4~K07289	36.6	703	425	11	9	699	8	701	5.72e-128	401
Men-IGTΩcontig_308_1	UniRef100_A0A0M4L1F5~K01595	44.9	735	372	9	1	702	66	800	5.22e-189	561
Men-IGTΩcontig_80_2	UniRef100_A9M3X0~K02355	100	701	0	0	1	701	1	701	0.0	1362
Men-IGTΩcontig_297_1	UniRef100_A0A220VBY0~K08300	55.9	567	232	6	1	558	1	558	2.28e-206	601
Men-IGTΩcontig_189_3	UniRef100_A9M290~K04066	100	695	0	0	1	695	39	733	0.0	1390
Men-IGTΩcontig_163_2	UniRef100_A0A1D3ES02~K13409	99.4	695	4	0	1	695	1	695	0.0	1309
Men-IGTΩcontig_158_2	UniRef100_A0A1V3SMP4~K06200	100	693	0	0	1	693	1	693	0.0	1329
Men-IGTΩcontig_316_1	UniRef100_A1KS04~K00937	99.3	688	5	0	1	688	29	716	0.0	1368
Men-IGTΩcontig_212_3	UniRef100_A9M327~K03722	100	685	0	0	1	685	32	716	0.0	1356
Men-IGTΩcontig_328_1	UniRef100_A0A0S2EPT5~K13598	30.4	672	437	12	30	685	65	721	6.13e-73	256
Men-IGTΩcontig_229_2	UniRef100_A9M1W8~K03655	100	680	0	0	1	680	1	680	0.0	1325
Men-IGTΩcontig_14_2	UniRef100_A9M3G7~K01414	100	678	0	0	1	678	1	678	0.0	1348
Men-IGTΩcontig_315_1	UniRef100_A0A0G3BKP8~K03555	51.1	681	305	7	2	671	83	746	5.20e-203	595
Men-IGTΩcontig_17_6	UniRef100_A9LZK4~K02168	100	675	0	0	1	675	1	675	0.0	1318
Men-IGTΩcontig_2_10	UniRef100_A9LZQ9~K03702	100	675	0	0	1	675	42	716	0.0	1306
Men-IGTΩcontig_264_2	UniRef100_E4ZD86~K07316	96.7	568	19	0	106	673	1	568	0.0	1119
Men-IGTΩcontig_102_3	UniRef100_A0A112EP60~K04044	98.5	672	10	0	1	672	1	672	0.0	1256
Men-IGTΩcontig_37_1	UniRef100_A0A1L2AZN1~K01952	51.3	579	267	9	7	581	4	571	3.53e-176	522
Men-IGTΩcontig_20_1	UniRef100_E4ZF89~K01322	97.5	671	17	0	1	671	1	671	0.0	1350
Men-IGTΩcontig_13_7	UniRef100_A9LZ01~K07497	100	662	0	0	1	662	1	662	0.0	1313
Men-IGTΩcontig_335_1	UniRef100_A0A0A6ZYR7~K00281	55.6	673	281	7	3	662	5	672	3.05e-247	705
Men-IGTΩcontig_79_8	UniRef100_E5APK9~K03043	71.0	661	169	2	1	660	1	639	0.0	920
Men-IGTΩcontig_3_16	UniRef100_A9LZM6~K08307	100	658	0	0	1	658	1	658	0.0	1265
Men-IGTΩcontig_96_2	UniRef100_A9M3N0~K03798	100	655	0	0	1	655	1	655	0.0	1263
Men-IGTΩcontig_259_1	UniRef100_A9M296~K04043	99.5	642	3	0	1	642	1	642	0.0	1168
Men-IGTΩcontig_233_1	UniRef100_E5APL0~K03043	76.9	642	143	3	1	640	73	711	0.0	974
Men-IGTΩcontig_93_2	UniRef100_Q06IW1~K07316	65.1	717	171	9	1	638	1	717	8.26e-288	808
Men-IGTΩcontig_348_1	UniRef100_T1EGN1~K01873	41.6	681	322	12	1	637	1	649	3.37e-170	510
Men-IGTΩcontig_151_2	UniRef100_A0A0E0TU57~K07278	99.1	635	6	0	1	635	1	635	0.0	1253
Men-IGTΩcontig_89_4	UniRef100_A9M0A4~K03147	100	633	0	0	1	633	1	633	0.0	1291
Men-IGTΩcontig_5_1	UniRef100_A9LZQ6~K03703	100	628	0	0	1	628	1	628	0.0	1258
Men-IGTΩcontig_105_4	UniRef100_A9M332~K01147	100	626	0	0	1	626	1	626	0.0	1224
Men-IGTΩcontig_32_3	UniRef100_A9LZ71~K01687	100	619	0	0	1	619	77	695	0.0	1223
Men-IGTΩcontig_162_3	UniRef100_C0QPP9~K01955	64.4	545	187	3	1	543	1	540	6.96e-245	692
Men-IGTΩcontig_41_4	UniRef100_A0A0G4BY48~K08309	99.5	616	3	0	1	616	1	616	0.0	1206
Men-IGTΩcontig_321_2	UniRef100_A9M0Q8~K03342	100	615	0	0	1	615	19	633	0.0	1234
Men-IGTΩcontig_69_3	UniRef100_A9LZT0~K00820	100	612	0	0	1	612	1	612	0.0	1197
Men-IGTΩcontig_7_2	UniRef100_A9M044~K01690	100	611	0	0	1	611	1	611	0.0	1221
Men-IGTΩcontig_188_1	UniRef100_A9M4B5~K07278	100	609	0	0	1	609	7	615	0.0	1220
Men-IGTΩcontig_53_3	UniRef100_A0A1V3ST40~K06207	100	603	0	0	1	603	1	603	0.0	1190
Men-IGTΩcontig_57_1	UniRef100_A9M3C8~K00341	100	599	0	0	1	599	76	674	0.0	1165
Men-IGTΩcontig_228_2	UniRef100_A1KRY6~K11085	100	598	0	0	1	598	88	685	0.0	1133
Men-IGTΩcontig_76_3	UniRef100_A9M0E5~K01262	100	598	0	0	1	598	79	676	0.0	1197
Men-IGTΩcontig_8_7	UniRef100_Q9JPJ5~K07326	46.5	589	300	7	12	595	2	580	1.78e-181	530
Men-IGTΩcontig_144_2	UniRef100_A9M070~K01947	100	592	0	0	1	592	1	592	0.0	1189
Men-IGTΩcontig_394_1	UniRef100_F7V7Y2~K02469	35.0	594	348	10	1	588	74	635	5.34e-102	330
Men-IGTΩcontig_6_11	UniRef100_A0A0T7L144~K00681	99.8	591	1	0	1	591	1	591	0.0	1155
Men-IGTΩcontig_104_2	UniRef100_P57029~K02316	100	590	0	0	1	590	1	590	0.0	1150
Men-IGTΩcontig_33_7	UniRef100_C6S769~K07673	98.0	590	12	0	1	590	1	590	0.0	1125
Men-IGTΩcontig_32_2	UniRef100_A9LZ72~K00381	100	589	0	0	1	589	1	589	0.0	1188
Men-IGTΩcontig_288_2	UniRef100_A9LZB3~K03581	100	581	0	0	1	581	1	581	0.0	1133
Men-IGTΩcontig_291_1	UniRef100_A9M4J0~K12690	100	580	0	0	1	580	1	580	0.0	1093
Men-IGTΩcontig_382_1	UniRef100_A0A090AK40~K03657	47.9	582	290	4	9	580	5	583	4.96e-169	503
Men-IGTΩcontig_107_1	UniRef100_A9M375~K01868	100	580	0	0	1	580	1	580	0.0	1186
Men-IGTΩcontig_407_1	UniRef100_R4YN17~K01007	62.6	484	176	3	1	483	71	550	3.04e-208	597
Men-IGTΩcontig_406_1	UniRef100_R4YN17~K01007	62.8	484	175	3	1	483	71	550	1.23e-207	595
Men-IGTΩcontig_214_3	UniRef100_A0A2A3LQY2~K07399	100	579	0	0	1	579	22	600	0.0	1137
Men-IGTΩcontig_2_3	UniRef100_A9LZR7~K01881	100	570	0	0	1	570	30	599	0.0	1113
Men-IGTΩcontig_172_3	UniRef100_A0A0G4BZR7~K07462	99.1	566	5	0	1	566	1	566	0.0	1116
Men-IGTΩcontig_178_2	UniRef100_A1KS86~K02666	90.7	485	36	2	88	563	105	589	3.30e-298	826
Men-IGTΩcontig_50_3	UniRef100_A0A1A9AY00~K18218	53.9	512	219	4	58	552	1	512	1.91e-172	504
Men-IGTΩcontig_46_2	UniRef100_A0A1V3SM61~K03777	100	563	0	0	1	563	1	563	0.0	1139
Men-IGTΩcontig_78_4	UniRef100_A9M1X8~K15125	100	562	0	0	1	562	7	568	0.0	947
Men-IGTΩcontig_3_10	UniRef100_E0N8J0~K02945	100	561	0	0	1	561	29	589	0.0	1062
Men-IGTΩcontig_231_3	UniRef100_A9M3Z0~K07462	100	560	0	0	1	560	1	560	0.0	1109
Men-IGTΩcontig_63_3	UniRef100_A9M2K5~K06020	100	558	0	0	1	558	1	558	0.0	1079
Men-IGTΩcontig_51_4	UniRef100_A0A0Y5AAS9~K02652	100	558	0	0	1	558	1	558	0.0	1088
Men-IGTΩcontig_40_1	UniRef100_A0A0Y6I7X8~K03631	100	557	0	0	1	557	1	557	0.0	936
Men-IGTΩcontig_153_2	UniRef100_A9M0Y4~K01897	100	556	0	0	1	556	1	556	0.0	1095
Men-IGTΩcontig_83_2	UniRef100_A0A0A8F7G7~K01897	99.1	556	5	0	1	556	1	556	0.0	1090
Men-IGTΩcontig_55_2	UniRef100_A9LZY8~K06076	100	556	0	0	1	556	1	556	0.0	1043
Men-IGTΩcontig_426_1	UniRef100_I1YT01~K06959	47.1	567	281	5	1	556	22	580	6.16e-150	452
Men-IGTΩcontig_10_1	UniRef100_A0A0Y6NH64~K01585	100	555	0	0	1	555	76	630	0.0	1124
Men-IGTΩcontig_369_2	UniRef100_A9M2C2~K00311	100	553	0	0	2	554	1	553	0.0	1133
Men-IGTΩcontig_428_1	UniRef100_A0A0H3CN18~K00164	52.5	524	237	6	3	522	13	528	1.30e-176	515
Men-IGTΩcontig_7_7	UniRef100_A0A0G4BV41~K01810	100	548	0	0	1	548	1	548	0.0	1122
Men-IGTΩcontig_246_1	UniRef100_A9M0Q6~K04077	99.6	544	2	0	1	544	1	544	0.0	1002
Men-IGTΩcontig_83_1	UniRef100_E4ZC87~K01937	99.6	544	2	0	1	544	1	544	0.0	1077
Men-IGTΩcontig_208_3	UniRef100_A0A181CHW7~K15461	53.7	540	235	5	1	537	1	528	3.31e-203	582
Men-IGTΩcontig_447_1	UniRef100_A0A125WB61~K00615	100	535	0	0	1	535	103	637	0.0	1063
Men-IGTΩcontig_127_3	UniRef100_A9LZD8~K03427	100	533	0	0	1	533	1	533	0.0	1035
Men-IGTΩcontig_74_2	UniRef100_A9LZD8~K03427	97.4	533	14	0	1	533	1	533	0.0	1007
Men-IGTΩcontig_186_2	UniRef100_Q9K0H6~K02837	99.4	531	3	0	1	531	1	531	0.0	1046
Men-IGTΩcontig_240_2	UniRef100_A9LZZ2~K00627	100	530	0	0	1	530	1	530	4.60e-303	834
Men-IGTΩcontig_418_2	UniRef100_A1KW55~K03308	100	523	0	0	1	523	21	543	0.0	1017
Men-IGTΩcontig_401_1	UniRef100_U3TSA3~K02519	65.0	500	175	0	24	523	85	584	2.58e-231	654
Men-IGTΩcontig_400_1	UniRef100_U3TSA3~K02519	65.0	500	175	0	24	523	85	584	9.03e-232	655
Men-IGTΩcontig_255_1	UniRef100_A9M400~K03977	100	523	0	0	1	523	14	536	0.0	1020
Men-IGTΩcontig_258_3	UniRef100_Q9JWM8~K12267	100	522	0	0	1	522	1	522	0.0	1081
Men-IGTΩcontig_97_2	UniRef100_E6MUR3~K12942	99.0	522	5	0	1	522	1	522	0.0	993
Men-IGTΩcontig_147_5	UniRef100_A0A0K2RRJ9~K03070	58.5	513	199	4	2	513	1	500	1.76e-186	540
Men-IGTΩcontig_280_1	UniRef100_A9M257~K01876	100	517	0	0	1	517	86	602	0.0	1025
Men-IGTΩcontig_17_5	UniRef100_A9LZK3~K01897	100	517	0	0	1	517	1	517	0.0	1009
Men-IGTΩcontig_101_6	UniRef100_A9M0V4~K04084	100	517	0	0	1	517	1	517	0.0	1008
Men-IGTΩcontig_412_1	UniRef100_E3EXJ5~K02335	48.0	517	260	8	3	515	96	607	2.12e-143	431
Men-IGTΩcontig_152_3	UniRef100_C6S5W1~K00764	98.8	514	6	0	1	514	1	514	0.0	999
Men-IGTΩcontig_252_1	UniRef100_A9M4H9~K00324	100	513	0	0	1	513	1	513	0.0	956
Men-IGTΩcontig_216_1	UniRef100_A9LZ92~K07497	99.8	513	1	0	1	513	2	514	0.0	1052
Men-IGTΩcontig_34_2	UniRef100_A0A0G4JX88~K18326	38.7	452	274	2	51	499	2	453	4.70e-105	328
Men-IGTΩcontig_24_9	UniRef100_E6MZK3~K02063	99.6	513	2	0	1	513	43	555	0.0	993
Men-IGTΩcontig_202_2	UniRef100_Q9JXS7~K02313	100	512	0	0	1	512	7	518	0.0	994
Men-IGTΩcontig_197_3	UniRef100_A0A0A8F2Z9~K03770	98.0	512	10	0	1	512	1	512	0.0	955
Men-IGTΩcontig_94_4	UniRef100_A0A1V3SMJ8~K03980	100	512	0	0	1	512	1	512	0.0	985
Men-IGTΩcontig_236_1	UniRef100_A0A0A8F3Y8~K01754	99.6	508	2	0	1	508	1	508	0.0	1000
Men-IGTΩcontig_36_4	UniRef100_A9M302~K03446	100	508	0	0	1	508	1	508	0.0	1013
Men-IGTΩcontig_22_1	UniRef100_A9M1W1~K07259	100	508	0	0	1	508	8	515	0.0	1011
Men-IGTΩcontig_60_2	UniRef100_A9M1B2~K01676	100	507	0	0	1	507	1	507	0.0	1013
Men-IGTΩcontig_77_2	UniRef100_A9M2R0~K02011	100	505	0	0	1	505	7	511	0.0	949
Men-IGTΩcontig_15_5	UniRef100_E4ZC41~K02668	94.2	468	27	0	1	468	1	468	0.0	878
Men-IGTΩcontig_169_2	UniRef100_R0W3Z9~K03781	100	504	0	0	1	504	1	504	0.0	1051
Men-IGTΩcontig_76_1	UniRef100_Q9JTT7~K04567	100	503	0	0	1	503	1	503	0.0	1008
Men-IGTΩcontig_12_7	UniRef100_A0A0G4BXC8~K00278	100	502	0	0	1	502	1	502	0.0	1002
Men-IGTΩcontig_77_4	UniRef100_A9M2Q8~K13788	100	500	0	0	1	500	45	544	0.0	931
Men-IGTΩcontig_50_4	UniRef100_X5EHD8~K04771	100	499	0	0	1	499	1	499	0.0	966
Men-IGTΩcontig_368_2	UniRef100_A0A0Y5WMP7~K03820	99.6	499	2	0	1	499	11	509	0.0	1006
Men-IGTΩcontig_57_4	UniRef100_X5F9W1~K00342	99.2	498	4	0	1	498	1	498	0.0	954
Men-IGTΩcontig_22_6	UniRef100_X5F517~K08301	100	497	0	0	1	497	54	550	0.0	969
Men-IGTΩcontig_265_2	UniRef100_O06435~K12246	66.0	485	165	0	1	485	1	485	2.77e-234	657
Men-IGTΩcontig_2_9	UniRef100_A9LZR0~K03797	100	488	0	0	1	488	1	488	0.0	926
Men-IGTΩcontig_397_2	UniRef100_P57000~K01886	99.0	492	5	0	1	492	71	562	0.0	1011
Men-IGTΩcontig_260_2	UniRef100_A0A0Y5R6I8~K01928	96.5	492	17	0	1	492	1	492	0.0	964
Men-IGTΩcontig_230_4	UniRef100_C6S6M1~K00239	100	493	0	0	1	493	1	493	0.0	989
Men-IGTΩcontig_131_2	UniRef100_O06435~K12246	100	492	0	0	1	492	1	492	0.0	971
Men-IGTΩcontig_55_1	UniRef100_X5EM45~K00873	100	490	0	0	1	490	1	490	0.0	916
Men-IGTΩcontig_69_1	UniRef100_A0A0Y6H8F5~K08304	99.4	489	3	0	1	489	1	489	0.0	986
Men-IGTΩcontig_10_3	UniRef100_E0N6Y4~K03319	100	488	0	0	1	488	1	488	0.0	931
Men-IGTΩcontig_464_1	UniRef100_I3UE30~K01682	83.7	453	74	0	35	487	1	453	5.68e-283	778
Men-IGTΩcontig_92_6	UniRef100_A9M2Y7~K01810	100	486	0	0	1	486	59	544	0.0	979
Men-IGTΩcontig_59_1	UniRef100_A9LZG4~K01744	100	481	0	0	5	485	1	481	0.0	948
Men-IGTΩcontig_34_5	UniRef100_A9M0F6~K18929	100	484	0	0	1	484	1	484	0.0	932
Men-IGTΩcontig_14_5	UniRef100_A9M3H0~K01752	100	484	0	0	1	484	1	484	0.0	941
Men-IGTΩcontig_497_1	UniRef100_E4ZEG9~K00764	98.1	483	9	0	1	483	15	497	0.0	929
Men-IGTΩcontig_48_2	UniRef100_A0A0E0TNL0~K00033	98.5	482	7	0	1	482	1	482	0.0	974
Men-IGTΩcontig_7_3	UniRef100_A9M043~K00036	100	481	0	0	1	481	1	481	0.0	961
Men-IGTΩcontig_98_3	UniRef100_A9LZ77~K02302	100	480	0	0	1	480	1	480	0.0	910
Men-IGTΩcontig_84_3	UniRef100_A9M077~K03568	100	480	0	0	1	480	15	494	0.0	937
Men-IGTΩcontig_363_1	UniRef100_A9M3J8~K03596	100	480	0	0	1	480	1	480	0.0	935
Men-IGTΩcontig_17_2	UniRef100_M1WYL1~K19294	31.8	491	288	10	5	478	5	465	5.56e-65	223
Men-IGTΩcontig_439_1	UniRef100_A0A0A8F7N7~K00135	100	477	0	0	1	477	13	489	0.0	924
Men-IGTΩcontig_409_2	UniRef100_A0A1B1WYH5~K00404	100	477	0	0	1	477	5	481	0.0	992
Men-IGTΩcontig_334_1	UniRef100_A9M0S8~K00135	100	477	0	0	1	477	1	477	0.0	926
Men-IGTΩcontig_35_3	UniRef100_Q9K165~K07280	100	477	0	0	1	477	12	488	0.0	958
Men-IGTΩcontig_302_2	UniRef100_A0A1B3BCV1~K02495	48.2	456	231	3	22	476	7	458	1.34e-155	455
Men-IGTΩcontig_157_4	UniRef100_X5ESL6~K11003	100	475	0	0	1	475	1	475	0.0	885
Men-IGTΩcontig_45_7	UniRef100_A0A0X9VRK3~K01139	49.4	447	226	0	27	473	14	460	1.48e-159	467
Men-IGTΩcontig_146_3	UniRef100_F3LRB3~K15738	55.0	480	199	2	1	473	1	470	1.20e-168	491
Men-IGTΩcontig_38_8	UniRef100_A9M2N1~K01915	100	472	0	0	1	472	1	472	0.0	956
Men-IGTΩcontig_243_2	UniRef100_Q9K1P3~K04042	91.4	456	39	0	16	471	1	456	8.72e-286	785
Men-IGTΩcontig_206_3	UniRef100_A9M3M6~K14445	99.8	471	1	0	1	471	117	587	0.0	875
Men-IGTΩcontig_60_1	UniRef100_X5ETG7~K03499	100	470	0	0	1	470	1	470	0.0	912
Men-IGTΩcontig_276_2	UniRef100_A0A112QR34~K11928	100	469	0	0	1	469	40	508	0.0	900
Men-IGTΩcontig_375_1	UniRef100_A0A0E0TT50~K01883	98.9	468	5	0	1	468	6	473	0.0	953
Men-IGTΩcontig_274_1	UniRef100_A0A1V3SMJ5~K02314	99.8	468	1	0	1	468	1	468	0.0	908
Men-IGTΩcontig_2_13	UniRef100_A9LZQ7~K07126	100	467	0	0	1	467	11	477	1.49e-304	833
Men-IGTΩcontig_39_8	UniRef100_Q9JWT4~K01885	99.8	464	1	0	1	464	1	464	0.0	941
Men-IGTΩcontig_43_5	UniRef100_A0A0G4BTN7~K16345	100	463	0	0	1	463	1	463	0.0	878
Men-IGTΩcontig_1_2	UniRef100_A9M3T1~K03310	99.8	463	1	0	1	463	1	463	0.0	874
Men-IGTΩcontig_90_2	UniRef100_Q3A7L6~K11927	52.6	378	173	3	5	379	3	377	5.20e-125	376
Men-IGTΩcontig_91_2	UniRef100_A0A125WDY6~K03327	100	459	0	0	1	459	1	459	0.0	888
Men-IGTΩcontig_65_5	UniRef100_R0U6P2~K03315	100	459	0	0	1	459	1	459	4.17e-316	861
Men-IGTΩcontig_49_10	UniRef100_A9M2U2~K03498	99.8	459	1	0	1	459	27	485	0.0	898
Men-IGTΩcontig_459_2	UniRef100_X5ELB9~K18139	99.3	459	3	0	1	459	17	475	1.86e-304	833
Men-IGTΩcontig_110_2	UniRef100_A9LZ68~K02558	100	458	0	0	1	458	1	458	0.0	927
Men-IGTΩcontig_446_1	UniRef100_A9M0L3~K03578	99.6	458	2	0	1	458	45	502	1.84e-312	854
Men-IGTΩcontig_67_5	UniRef100_A0A1Y0G7M8~K11927	54.2	378	173	0	5	382	3	380	6.06e-134	399
Men-IGTΩcontig_520_1	UniRef100_C6V4L3~K03657	38.5	454	260	6	1	453	25	460	4.98e-95	300
Men-IGTΩcontig_105_2	UniRef100_A9M330~K01756	100	456	0	0	1	456	1	456	0.0	900
Men-IGTΩcontig_85_4	UniRef100_A9LZT7~K04042	99.1	456	4	0	1	456	1	456	1.05e-312	852
Men-IGTΩcontig_250_3	UniRef100_A0A0Y6JMD3~K01961	100	453	0	0	1	453	1	453	0.0	912
Men-IGTΩcontig_44_7	UniRef100_A9M3Z2~K00970	100	453	0	0	1	453	1	453	0.0	872
Men-IGTΩcontig_451_1	UniRef100_A0A0A8F5C5~K07280	99.6	453	2	0	1	453	1	453	0.0	903
Men-IGTΩcontig_18_2	UniRef100_A9M2H9~K01929	100	452	0	0	1	452	12	463	0.0	877
Men-IGTΩcontig_63_4	UniRef100_A9M2K4~K16211	100	451	0	0	1	451	1	451	0.0	888
Men-IGTΩcontig_45_2	UniRef100_A9M1N6~K08303	100	451	0	0	1	451	1	451	0.0	908
Men-IGTΩcontig_293_1	UniRef100_A1KW66~K03650	99.1	448	4	0	1	448	1	448	9.31e-312	849
Men-IGTΩcontig_177_4	UniRef100_E6N0C2~K04485	100	449	0	0	1	449	15	463	0.0	875
Men-IGTΩcontig_29_1	UniRef100_A9M3L6~K04485	100	449	0	0	1	449	1	449	0.0	874
Men-IGTΩcontig_68_5	UniRef100_A1KWJ8~K01940	98.9	447	5	0	1	447	1	447	0.0	894
Men-IGTΩcontig_210_3	UniRef100_A9LZE7~K01733	100	446	0	0	1	446	24	469	0.0	885
Men-IGTΩcontig_1_8	UniRef100_A9M3S5~K11749	99.8	446	1	0	1	446	29	474	0.0	881
Men-IGTΩcontig_534_1	UniRef100_O34609~K03760	100	446	0	0	1	446	81	526	0.0	902
Men-IGTΩcontig_18_6	UniRef100_A9M2H5~K01925	100	445	0	0	1	445	1	445	0.0	880
Men-IGTΩcontig_106_1	UniRef100_A0A0Y6RRY2~K03592	100	443	0	0	1	443	1	443	0.0	875
Men-IGTΩcontig_18_7	UniRef100_E0N6R2~K03588	100	441	0	0	1	441	1	441	5.79e-317	862
Men-IGTΩcontig_331_2	UniRef100_A0A142WT04~K02335	31.6	412	249	5	6	416	4	383	9.26e-54	191
Men-IGTΩcontig_330_1	UniRef100_A0A142WT04~K02335	33.0	412	243	5	6	416	4	383	4.48e-55	194
Men-IGTΩcontig_145_1	UniRef100_A9M1R6~K03182	100	437	0	0	1	437	25	461	0.0	915
Men-IGTΩcontig_22_3	UniRef100_E0NAW8~K03300	100	437	0	0	1	437	2	438	4.10e-296	809
Men-IGTΩcontig_530_1	UniRef100_A0A0U1RJY2~K02600	99.8	436	1	0	1	436	70	505	3.24e-300	822
Men-IGTΩcontig_124_4	UniRef100_X5ESU7~K06901	98.9	436	5	0	1	436	1	436	1.05e-295	808
Men-IGTΩcontig_71_4	UniRef100_A0A1W6MRW7~K05939	38.1	391	231	5	10	394	13	398	8.09e-65	220
Men-IGTΩcontig_20_2	UniRef100_X5F6Z8~K14682	93.8	436	27	0	1	436	1	436	4.08e-293	801
Men-IGTΩcontig_9_24	UniRef100_X5F5K7~K03076	99.8	436	1	0	1	436	1	436	4.65e-299	816
Men-IGTΩcontig_256_3	UniRef100_A0A0G4C293~K00003	99.3	435	3	0	1	435	1	435	1.50e-299	817
Men-IGTΩcontig_549_1	UniRef100_C3KQD1~K17686	38.7	426	246	7	15	430	68	488	2.49e-75	249
Men-IGTΩcontig_222_2	UniRef100_A9M387~K00833	99.8	433	1	0	1	433	51	483	0.0	888
Men-IGTΩcontig_4_8	UniRef100_A9M3D7~K00335	100	433	0	0	1	433	1	433	0.0	901
Men-IGTΩcontig_307_2	UniRef100_X5EP38~K09471	100	431	0	0	1	431	1	431	0.0	885
Men-IGTΩcontig_138_3	UniRef100_A9M402~K01892	100	431	0	0	1	431	1	431	5.33e-316	858
Men-IGTΩcontig_117_2	UniRef100_A9M1L0~K00835	100	430	0	0	1	430	64	493	2.59e-317	864
Men-IGTΩcontig_30_4	UniRef100_A9M184~K00013	100	429	0	0	1	429	1	429	8.79e-305	830
Men-IGTΩcontig_22_5	UniRef100_A0A0G4BYK7~K07645	97.0	429	13	0	1	429	1	429	3.01e-296	808
Men-IGTΩcontig_8_6	UniRef100_E3D290~K07154	98.8	429	5	0	1	429	1	429	3.81e-315	856
Men-IGTΩcontig_31_7	UniRef100_A9LZL4~K01689	100	428	0	0	1	428	1	428	5.12e-308	838
Men-IGTΩcontig_287_2	UniRef100_A0A0Y5MFI9~K01647	99.8	427	1	0	1	427	1	427	0.0	867
Men-IGTΩcontig_153_1	UniRef100_A0A0J0V8X3~K01937	58.9	426	172	2	1	424	1	425	6.59e-181	520
Men-IGTΩcontig_483_1	UniRef100_A0A0A8F469~K02496	99.8	427	1	0	1	427	1	427	3.23e-287	786
Men-IGTΩcontig_359_1	UniRef100_A0A0G4BVY6~K01875	100	426	0	0	1	426	1	426	5.68e-305	830
Men-IGTΩcontig_286_1	UniRef100_A0A112Q9U3~K00835	98.1	425	8	0	1	425	6	430	2.43e-308	839
Men-IGTΩcontig_209_1	UniRef100_E3D3Q0~K03427	97.2	424	12	0	1	424	91	514	1.41e-293	805
Men-IGTΩcontig_387_1	UniRef100_A9M4K8~K01945	100	423	0	0	1	423	1	423	2.00e-307	836
Men-IGTΩcontig_444_1	UniRef100_X5ET06~K00260	99.5	421	2	0	1	421	1	421	4.38e-310	843
Men-IGTΩcontig_85_2	UniRef100_A0A0G4BZ79~K16301	99.5	421	2	0	1	421	1	421	2.88e-315	856
Men-IGTΩcontig_181_2	UniRef100_A9LZZ8~K03500	100	419	0	0	1	419	1	419	2.38e-297	810
Men-IGTΩcontig_48_3	UniRef100_C6S4B6~K02527	97.2	423	8	1	1	419	1	423	9.85e-307	834
Men-IGTΩcontig_556_1	UniRef100_A0A1D3IKT0~K00116	100	419	0	0	1	419	1	419	8.87e-312	850
Men-IGTΩcontig_4_5	UniRef100_A9M3D9~K00333	100	418	0	0	1	418	1	418	1.22e-316	859
Men-IGTΩcontig_3_1	UniRef100_A9LZN8~K03526	100	419	0	0	1	419	1	419	3.01e-298	813
Men-IGTΩcontig_269_2	UniRef100_A1KU50~K00974	99.8	417	1	0	1	417	1	417	5.09e-307	835
Men-IGTΩcontig_194_1	UniRef100_A9M268~K01448	100	416	0	0	1	416	1	416	4.96e-293	799
Men-IGTΩcontig_6_12	UniRef100_A9LYX4~K00600	100	416	0	0	1	416	1	416	1.45e-301	821
Men-IGTΩcontig_513_1	UniRef100_A0A0A8F1N1~K07478	99.3	416	3	0	1	416	1	416	2.84e-299	816
Men-IGTΩcontig_352_2	UniRef100_X5EFG6~K09458	100	415	0	0	1	415	1	415	7.41e-299	814
Men-IGTΩcontig_124_2	UniRef100_Q9K0X8~K03590	100	414	0	0	1	414	1	414	4.43e-295	804
Men-IGTΩcontig_476_1	UniRef100_X5F9C5~K02471	95.2	413	20	0	1	413	1	413	1.53e-274	752
Men-IGTΩcontig_61_6	UniRef100_A0A0Y5PDE9~K03835	100	413	0	0	1	413	1	413	3.28e-301	820
Men-IGTΩcontig_1_9	UniRef100_A9M3S4~K00099	100	411	0	0	1	411	1	411	5.80e-294	801
Men-IGTΩcontig_325_2	UniRef100_X5EM16~K02653	100	410	0	0	1	410	1	410	4.63e-279	763
Men-IGTΩcontig_196_1	UniRef100_D0W739~K00948	98.3	348	6	0	61	408	26	373	3.98e-236	653
Men-IGTΩcontig_190_3	UniRef100_A0A0F7FXM5~K00164	49.2	354	163	6	64	408	1	346	3.58e-110	333
Men-IGTΩcontig_84_2	UniRef100_Q9UZQ3~K03457	35.9	379	225	6	17	385	20	390	2.48e-55	194
Men-IGTΩcontig_213_1	UniRef100_C6S4U0~K01586	99.0	406	4	0	1	406	1	406	2.84e-287	784
Men-IGTΩcontig_16_7	UniRef100_A0A1V3SPT3~K00558	100	406	0	0	1	406	6	411	8.32e-304	826
Men-IGTΩcontig_537_1	UniRef100_A9LZI5~K00790	100	405	0	0	1	405	13	417	9.71e-286	780
Men-IGTΩcontig_457_1	UniRef100_A0A1D7NLV9~K02316	44.6	386	202	6	8	388	9	387	1.69e-96	302
Men-IGTΩcontig_184_2	UniRef100_A9M2A6~K00351	99.5	405	2	0	1	405	1	405	8.67e-302	820
Men-IGTΩcontig_23_8	UniRef100_A9M029~K04487	100	404	0	0	1	404	1	404	1.71e-287	784
Men-IGTΩcontig_19_9	UniRef100_A0A0U1RJP4~K07467	100	404	0	0	1	404	19	422	6.74e-303	824
Men-IGTΩcontig_190_2	UniRef100_A0A0U1RIJ7~K00658	100	403	0	0	1	403	1	403	2.85e-235	652
Men-IGTΩcontig_5_10	UniRef100_A0A0A8F2T3~K02824	100	403	0	0	1	403	1	403	7.36e-277	757
Men-IGTΩcontig_579_1	UniRef100_A0A1L4FRT2~K07316	36.2	392	217	10	25	389	1	386	4.35e-66	223
Men-IGTΩcontig_266_2	UniRef100_A9M0T9~K00763	99.0	402	4	0	1	402	1	402	2.99e-296	806
Men-IGTΩcontig_580_1	UniRef100_A0A127CH89~K08483	35.5	400	252	4	2	401	51	444	3.93e-70	234
Men-IGTΩcontig_582_1	UniRef100_K7SD29~K11004	53.4	380	172	3	24	400	4	381	1.16e-127	380
Men-IGTΩcontig_28_1	UniRef100_A9M457~K04096	96.7	395	13	0	5	399	1	395	8.21e-271	741
Men-IGTΩcontig_161_3	UniRef100_A0A0Y6U7G8~K00832	100	397	0	0	1	397	1	397	4.96e-297	808
Men-IGTΩcontig_589_1	UniRef100_Q9LCK1~K02470	35.1	402	230	11	7	396	86	468	3.63e-62	213
Men-IGTΩcontig_379_2	UniRef100_A9M440~K14267	99.7	395	1	0	1	395	1	395	2.99e-297	808
Men-IGTΩcontig_183_2	UniRef100_X5EIM0~K14267	98.7	395	5	0	1	395	24	418	4.62e-293	798
Men-IGTΩcontig_71_1	UniRef100_Q9JTM0~K00925	100	396	0	0	1	396	1	396	2.91e-282	770
Men-IGTΩcontig_31_3	UniRef100_A0A0Y5V5E8~K01155	100	395	0	0	1	395	1	395	1.91e-284	776
Men-IGTΩcontig_19_2	UniRef100_A0A1V3SR62~K10954	100	395	0	0	1	395	1	395	5.78e-295	802
Men-IGTΩcontig_501_1	UniRef100_C5J6K3~K01153	49.0	406	184	10	6	395	5	403	4.61e-110	336
Men-IGTΩcontig_36_1	UniRef100_G2KMM6~K03185	30.5	394	264	4	6	394	18	406	1.60e-54	191
Men-IGTΩcontig_124_3	UniRef100_P0A0S5~K03531	100	392	0	0	1	392	1	392	7.04e-274	749
Men-IGTΩcontig_39_1	UniRef100_A9LZI3~K00927	100	392	0	0	1	392	1	392	3.90e-271	742
Men-IGTΩcontig_298_1	UniRef100_A0A125WBM4~K00459	100	391	0	0	1	391	1	391	8.64e-279	761
Men-IGTΩcontig_282_2	UniRef100_P0A0V8~K01991	100	391	0	0	1	391	1	391	4.79e-276	754
Men-IGTΩcontig_123_4	UniRef100_R4WY58~K03106	65.5	359	120	1	2	356	59	417	1.90e-160	464
Men-IGTΩcontig_460_1	UniRef100_A4SV40~K09760	51.1	366	174	3	8	373	62	422	7.78e-116	349
Men-IGTΩcontig_438_1	UniRef100_A0A1D3IQY9~K00412	99.7	390	1	0	1	390	60	449	7.52e-287	784
Men-IGTΩcontig_195_3	UniRef100_Q9JX45~K00748	98.2	384	7	0	7	390	1	384	1.79e-269	737
Men-IGTΩcontig_23_10	UniRef100_A0A121SSV8~K00101	100	390	0	0	1	390	1	390	3.85e-286	780
Men-IGTΩcontig_514_1	UniRef100_Q9JYC3~K09157	99.2	389	3	0	1	389	63	451	6.77e-265	728
Men-IGTΩcontig_384_3	UniRef100_A9M1V8~K00789	100	389	0	0	1	389	1	389	9.64e-275	751
Men-IGTΩcontig_27_2	UniRef100_A9M2G3~K09788	100	389	0	0	1	389	1	389	3.14e-280	764
Men-IGTΩcontig_73_9	UniRef100_A9M4F8~K01903	100	388	0	0	1	388	1	388	1.11e-268	735
Men-IGTΩcontig_378_1	UniRef100_A9M0E6~K18132	99.7	387	1	0	1	387	1	387	7.69e-280	763
Men-IGTΩcontig_358_1	UniRef100_A9LZP0~K03545	100	387	0	0	1	387	50	436	1.54e-229	638
Men-IGTΩcontig_75_3	UniRef100_Q9JTB8~K00368	98.4	386	6	0	1	386	1	386	1.02e-247	682
Men-IGTΩcontig_477_2	UniRef100_E3D2V5~K00029	99.7	386	1	0	1	386	1	386	1.20e-276	757
Men-IGTΩcontig_199_3	UniRef100_I7C0Q8~K03695	64.4	362	129	0	25	386	2	363	9.15e-158	456
Men-IGTΩcontig_607_1	UniRef100_A0A1A9AZ51~K01338	71.2	378	99	1	1	378	62	429	5.94e-187	530
Men-IGTΩcontig_403_2	UniRef100_E3D4L2~K00147	99.2	385	3	0	1	385	1	385	1.94e-262	721
Men-IGTΩcontig_295_1	UniRef100_E3D3Z6~K03979	100	384	0	0	1	384	1	384	1.01e-278	760
Men-IGTΩcontig_201_1	UniRef100_A9M2G5~K01659	100	384	0	0	1	384	1	384	1.10e-282	770
Men-IGTΩcontig_36_5	UniRef100_A9M303~K03543	100	384	0	0	1	384	1	384	1.87e-242	669
Men-IGTΩcontig_31_4	UniRef100_A9LZL7~K00526	100	384	0	0	1	384	1	384	3.14e-282	769
Men-IGTΩcontig_91_3	UniRef100_A9M3P6~K02502	100	383	0	0	1	383	1	383	5.17e-276	753
Men-IGTΩcontig_3_5	UniRef100_X5ER47~K06916	100	383	0	0	1	383	1	383	1.44e-282	770
Men-IGTΩcontig_568_1	UniRef100_B7MII6~K06132	45.9	388	201	5	1	382	89	473	2.00e-112	342
Men-IGTΩcontig_148_4	UniRef100_A9M005~K02434	99.7	382	1	0	1	382	95	476	7.11e-262	721
Men-IGTΩcontig_535_2	UniRef100_Q9JRV5~K06954	98.7	381	5	0	1	381	57	437	2.20e-276	756
Men-IGTΩcontig_128_3	UniRef100_A9M0W6~K01439	100	381	0	0	1	381	1	381	2.04e-281	767
Men-IGTΩcontig_613_1	UniRef100_E3D177~K01915	99.0	381	4	0	1	381	77	457	1.16e-277	761
Men-IGTΩcontig_196_3	UniRef100_A9M424~K07258	100	380	0	0	1	380	10	389	2.68e-265	726
Men-IGTΩcontig_10_5	UniRef100_A9M251~K00652	100	380	0	0	1	380	1	380	6.06e-278	758
Men-IGTΩcontig_344_2	UniRef100_A9M4D9~K00641	100	379	0	0	1	379	5	383	6.07e-283	771
Men-IGTΩcontig_175_4	UniRef100_Q9XAY6~K01589	99.5	378	2	0	1	378	1	378	7.67e-280	763
Men-IGTΩcontig_69_4	UniRef100_A0A109ULH6~K01874	65.3	377	119	3	3	379	9	373	7.70e-187	530
Men-IGTΩcontig_3_7	UniRef100_A9LZN2~K00121	100	378	0	0	1	378	1	378	3.80e-280	763
Men-IGTΩcontig_65_1	UniRef100_A9M207~K00813	100	377	0	0	1	377	21	397	1.45e-277	758
Men-IGTΩcontig_360_1	UniRef100_A9M2P4~K03628	100	376	0	0	1	376	1	376	1.05e-268	736
Men-IGTΩcontig_117_1	UniRef100_E8RLB7~K13013	38.8	348	195	4	1	343	42	376	1.42e-67	224
Men-IGTΩcontig_87_6	UniRef100_A9M358~K06180	99.7	374	1	0	1	374	19	392	6.58e-272	743
Men-IGTΩcontig_29_3	UniRef100_A9M3L5~K00558	100	374	0	0	1	374	1	374	1.50e-284	774
Men-IGTΩcontig_465_1	UniRef100_X5EL86~K03808	99.7	374	1	0	1	374	1	374	2.45e-261	718
Men-IGTΩcontig_16_8	UniRef100_Q9JPK9~K07454	98.7	372	5	0	1	372	5	376	3.61e-276	753
Men-IGTΩcontig_107_2	UniRef100_A9M374~K00773	100	371	0	0	1	371	1	371	1.09e-280	764
Men-IGTΩcontig_32_1	UniRef100_B4RLJ2~K00380	95.3	344	16	0	28	371	1	344	3.79e-238	655
Men-IGTΩcontig_26_5	UniRef100_A0A0G4C0L4~K00865	100	371	0	0	1	371	1	371	4.69e-266	727
Men-IGTΩcontig_12_6	UniRef100_A9M2J9~K03517	100	370	0	0	1	370	1	370	8.52e-273	744
Men-IGTΩcontig_329_1	UniRef100_C1D5M9~K02433	69.9	356	106	1	14	368	1	356	1.16e-177	503
Men-IGTΩcontig_115_3	UniRef100_A0A112Q9M5~K11752	97.0	369	11	0	1	369	1	369	3.39e-258	707
Men-IGTΩcontig_380_1	UniRef100_A9M2N0~K08218	100	367	0	0	1	367	61	427	2.01e-259	712
Men-IGTΩcontig_202_1	UniRef100_R0U8M1~K02338	100	367	0	0	1	367	1	367	1.82e-261	715
Men-IGTΩcontig_83_3	UniRef100_A0A0E0TRT5~K00566	98.9	367	4	0	1	367	1	367	3.34e-273	745
Men-IGTΩcontig_569_1	UniRef100_A8DW50~K01649	67.0	361	118	1	1	360	10	370	2.42e-163	467
Men-IGTΩcontig_254_1	UniRef100_A9M2L4~K09001	100	366	0	0	1	366	1	366	2.76e-276	753
Men-IGTΩcontig_122_1	UniRef100_F5Z7C6~K01972	47.3	357	163	5	20	367	2	342	1.24e-100	309
Men-IGTΩcontig_30_3	UniRef100_A9M185~K00817	100	365	0	0	1	365	1	365	6.18e-268	731
Men-IGTΩcontig_3_3	UniRef100_A9LZN6~K06941	100	364	0	0	1	364	1	364	1.40e-268	733
Men-IGTΩcontig_364_1	UniRef100_A0A1V0KQ59~K01928	35.9	351	201	5	26	359	59	402	1.65e-60	206
Men-IGTΩcontig_143_2	UniRef100_A0A125WEP1~K14170	100	362	0	0	1	362	1	362	7.99e-258	706
Men-IGTΩcontig_50_2	UniRef100_A9M1Z4~K01207	100	361	0	0	1	361	1	361	6.61e-261	713
Men-IGTΩcontig_107_3	UniRef100_A9M373~K01772	99.7	360	1	0	1	360	1	360	7.53e-271	738
Men-IGTΩcontig_62_8	UniRef100_A0A0U2WM82~K01255	38.2	340	196	7	1	336	8	337	7.75e-60	202
Men-IGTΩcontig_18_4	UniRef100_A9M2H7~K01000	100	360	0	0	1	360	1	360	6.83e-258	706
Men-IGTΩcontig_15_1	UniRef100_X5FAU3~K10764	100	360	0	0	1	360	54	413	4.76e-255	701
Men-IGTΩcontig_448_1	UniRef100_A9M1U4~K01735	100	359	0	0	1	359	1	359	6.59e-260	711
Men-IGTΩcontig_134_1	UniRef100_A9M2F8~K07234	100	360	0	0	1	360	1	360	5.50e-265	724
Men-IGTΩcontig_120_1	UniRef100_E3D206~K07058	100	360	0	0	1	360	1	360	1.37e-259	712
Men-IGTΩcontig_4_12	UniRef100_A9M3D4~K00337	100	358	0	0	1	358	1	358	6.27e-253	693
Men-IGTΩcontig_565_1	UniRef100_Q9K0U7~K01058	100	357	0	0	1	357	26	382	5.97e-268	732
Men-IGTΩcontig_160_1	UniRef100_E1W3M5~K07234	77.6	357	80	0	1	357	9	365	3.12e-190	535
Men-IGTΩcontig_458_2	UniRef100_A0A0Y6T9V1~K00052	99.2	356	3	0	1	356	1	356	4.41e-252	691
Men-IGTΩcontig_301_2	UniRef100_A9LZG2~K00052	100	356	0	0	1	356	1	356	2.66e-253	694
Men-IGTΩcontig_58_4	UniRef100_A0A0F3MRT8~K03548	30.1	352	220	6	21	354	5	348	8.93e-48	171
Men-IGTΩcontig_345_1	UniRef100_A0A1S6WUS1~K01955	66.1	389	79	1	1	336	1	389	1.78e-177	503
Men-IGTΩcontig_336_2	UniRef100_A9LZW3~K01710	100	355	0	0	1	355	1	355	4.68e-267	728
Men-IGTΩcontig_55_5	UniRef100_C6S9K0~K03312	100	355	0	0	1	355	50	404	3.31e-247	680
Men-IGTΩcontig_18_8	UniRef100_A9M2H3~K02563	99.4	355	2	0	1	355	1	355	2.02e-252	691
Men-IGTΩcontig_570_1	UniRef100_E1AA16~K00406	100	321	0	0	1	321	1	321	2.70e-250	686
Men-IGTΩcontig_402_2	UniRef100_A0A0Y5MVR8~K00004	100	354	0	0	1	354	1	354	6.08e-258	705
Men-IGTΩcontig_177_3	UniRef100_Q9K041~K01599	100	354	0	0	1	354	1	354	4.46e-260	711
Men-IGTΩcontig_174_3	UniRef100_A0A0G4BYJ5~K01409	100	354	0	0	1	354	1	354	3.51e-257	703
Men-IGTΩcontig_29_6	UniRef100_A9M3L2~K01599	100	354	0	0	1	354	1	354	9.00e-260	710
Men-IGTΩcontig_654_1	UniRef100_D1BMZ4~K02004	41.5	359	200	5	1	350	43	400	2.91e-71	233
Men-IGTΩcontig_657_1	UniRef100_Q9JYU1~K00800	98.9	353	4	0	1	353	66	418	8.45e-254	698
Men-IGTΩcontig_343_2	UniRef100_Q9XAZ7~K00558	99.7	352	1	0	1	352	1	352	3.66e-258	706
Men-IGTΩcontig_165_1	UniRef100_A0A0Y5N830~K01669	100	353	0	0	1	353	1	353	2.59e-264	724
Men-IGTΩcontig_77_3	UniRef100_Q9JVH1~K02010	100	352	0	0	1	352	1	352	1.31e-251	689
Men-IGTΩcontig_257_3	UniRef100_A9M2N9~K00616	100	351	0	0	1	351	1	351	3.57e-244	670
Men-IGTΩcontig_184_3	UniRef100_A0A0E0TNY1~K03734	99.7	351	1	0	1	351	1	351	7.02e-251	687
Men-IGTΩcontig_175_2	UniRef100_A9LYW5~K02048	100	351	0	0	1	351	1	351	2.67e-255	698
Men-IGTΩcontig_81_5	UniRef100_A0A0Y5EFQ6~K01626	100	351	0	0	1	351	1	351	1.96e-257	704
Men-IGTΩcontig_584_1	UniRef100_F8GBE0~K07266	39.8	294	164	5	58	347	28	312	1.47e-62	207
Men-IGTΩcontig_312_3	UniRef100_A9M270~K07444	100	349	0	0	1	349	1	349	4.23e-256	701
Men-IGTΩcontig_1_5	UniRef100_A9M3S8~K02536	100	348	0	0	1	348	1	348	2.49e-164	468
Men-IGTΩcontig_322_1	UniRef100_A9M1W9~K00145	100	347	0	0	1	347	1	347	3.23e-254	695
Men-IGTΩcontig_136_5	UniRef100_O85741~K02669	100	347	0	0	1	347	1	347	1.45e-241	663
Men-IGTΩcontig_299_1	UniRef100_Q320I1~K07248	61.2	345	132	1	3	347	6	348	8.04e-138	404
Men-IGTΩcontig_207_3	UniRef100_A1KUL5~K03575	99.7	346	1	0	1	346	4	349	5.02e-265	723
Men-IGTΩcontig_588_1	UniRef100_A0A1D8ITF1~K03320	55.4	352	138	6	1	344	76	416	4.75e-114	343
Men-IGTΩcontig_440_2	UniRef100_A0A112CMH4~K03778	99.1	345	3	0	1	345	1	345	5.99e-249	682
Men-IGTΩcontig_353_2	UniRef100_A9LZD2~K01933	100	344	0	0	1	344	1	344	8.21e-251	686
Men-IGTΩcontig_66_6	UniRef100_C6S5U9~K01465	99.4	344	2	0	1	344	1	344	1.78e-245	673
Men-IGTΩcontig_47_8	UniRef100_A9M2V4~K00912	100	344	0	0	1	344	1	344	4.36e-246	674
Men-IGTΩcontig_511_2	UniRef100_X5H3S5~K06168	42.2	346	194	3	1	341	85	429	7.55e-88	276
Men-IGTΩcontig_129_4	UniRef100_A0A0Y5IV61~K00134	100	343	0	0	1	343	1	343	6.98e-247	676
Men-IGTΩcontig_33_1	UniRef100_A9LZC3~K03551	100	343	0	0	1	343	1	343	1.76e-240	660
Men-IGTΩcontig_70_1	UniRef100_A9LZ94~K00558	100	340	0	0	1	340	1	340	2.37e-257	702
Men-IGTΩcontig_235_1	UniRef100_E6N0A1~K03100	98.5	339	5	0	1	339	1	339	1.25e-247	678
Men-IGTΩcontig_224_2	UniRef100_E3D263~K07218	100	339	0	0	1	339	6	344	2.24e-249	682
Men-IGTΩcontig_408_2	UniRef100_A0A112R1S2~K00347	100	339	0	0	1	339	1	339	4.02e-245	674
Men-IGTΩcontig_273_4	UniRef100_A0A0U1RJE3~K05540	98.2	336	6	0	3	338	1	336	5.56e-250	684
Men-IGTΩcontig_226_4	UniRef100_Q9JTI3~K00053	100	337	0	0	1	337	1	337	1.64e-242	665
Men-IGTΩcontig_150_4	UniRef100_A0A0E0TNL9~K06942	98.8	337	4	0	1	337	27	363	1.62e-237	653
Men-IGTΩcontig_31_2	UniRef100_X5EJV4~K00558	100	337	0	0	1	337	1	337	1.12e-249	683
Men-IGTΩcontig_376_2	UniRef100_X5EPT7~K03593	98.8	337	4	0	1	337	1	337	3.45e-237	653
Men-IGTΩcontig_234_3	UniRef100_A9M2P2~K05539	100	336	0	0	1	336	1	336	7.91e-254	693
Men-IGTΩcontig_225_3	UniRef100_C6S7J2~K00523	99.4	336	2	0	1	336	1	336	1.21e-248	680
Men-IGTΩcontig_199_2	UniRef100_A0A0Y6CS50~K01867	99.1	336	3	0	1	336	1	336	2.93e-240	659
Men-IGTΩcontig_148_3	UniRef100_A9M006~K00523	100	336	0	0	1	336	1	336	3.46e-248	679
Men-IGTΩcontig_67_4	UniRef100_A9M0D6~K05540	100	336	0	0	1	336	39	374	3.85e-252	691
Men-IGTΩcontig_63_5	UniRef100_A9M2K3~K01785	100	336	0	0	1	336	1	336	6.70e-246	673
Men-IGTΩcontig_113_4	UniRef100_A0A0E0TQB5~K07481	96.7	335	11	0	1	335	1	335	3.95e-233	641
Men-IGTΩcontig_300_1	UniRef100_A0A112KEU0~K00134	100	334	0	0	1	334	1	334	3.41e-238	654
Men-IGTΩcontig_141_2	UniRef100_A9M335~K07102	100	334	0	0	1	334	1	334	2.96e-248	679
Men-IGTΩcontig_16_9	UniRef100_A9M3Q7~K03274	100	334	0	0	1	334	1	334	1.26e-249	682
Men-IGTΩcontig_211_2	UniRef100_A1KTR9~K05541	100	333	0	0	1	333	9	341	1.11e-249	683
Men-IGTΩcontig_96_5	UniRef100_A1KT59~K01698	100	333	0	0	1	333	6	338	5.41e-238	653
Men-IGTΩcontig_672_1	UniRef100_A0A0H2Z5D5~K07713	31.4	360	206	7	5	324	7	365	6.40e-36	140
Men-IGTΩcontig_424_1	UniRef100_A9M0B5~K18133	100	332	0	0	1	332	1	332	1.06e-240	660
Men-IGTΩcontig_242_3	UniRef100_A0A075ML07~K03431	47.5	335	170	3	3	333	2	334	1.74e-97	298
Men-IGTΩcontig_92_3	UniRef100_A0A1V3SRG0~K00826	99.7	332	1	0	1	332	1	332	4.51e-242	663
Men-IGTΩcontig_25_11	UniRef100_F0LSR6~K01873	39.7	335	193	4	1	328	62	394	6.74e-75	241
Men-IGTΩcontig_617_1	UniRef100_C6S4R8~K00620	100	332	0	0	1	332	1	332	4.99e-227	628
Men-IGTΩcontig_550_1	UniRef100_P0DH57~K00611	99.7	331	1	0	1	331	1	331	1.34e-238	654
Men-IGTΩcontig_524_2	UniRef100_P13258~K01955	46.7	334	174	2	1	331	64	396	3.41e-100	306
Men-IGTΩcontig_270_1	UniRef100_B8GQE7~K11754	48.6	319	153	5	3	318	5	315	1.73e-86	271
Men-IGTΩcontig_122_4	UniRef100_A9M2V0~K07082	100	331	0	0	1	331	1	331	2.52e-243	666
Men-IGTΩcontig_77_1	UniRef100_P0A0Y4~K02012	100	331	0	0	1	331	1	331	2.66e-229	631
Men-IGTΩcontig_468_3	UniRef100_W5YKZ9~K03572	55.2	339	141	4	1	331	1	336	3.25e-113	340
Men-IGTΩcontig_303_2	UniRef100_X5ER86~K00785	98.5	331	5	0	1	331	1	331	3.46e-239	657
Men-IGTΩcontig_434_2	UniRef100_X5EL99~K01424	98.2	329	6	0	1	329	1	329	2.80e-237	651
Men-IGTΩcontig_168_2	UniRef100_A9M3R2~K00097	100	329	0	0	1	329	1	329	1.10e-236	649
Men-IGTΩcontig_655_1	UniRef100_A0A112R5C8~K01956	99.7	329	1	0	1	329	1	329	9.38e-238	654
Men-IGTΩcontig_25_4	UniRef100_P66703~K03040	100	328	0	0	1	328	1	328	1.04e-229	632
Men-IGTΩcontig_7_5	UniRef100_A9M041~K00845	100	328	0	0	1	328	1	328	1.76e-237	651
Men-IGTΩcontig_17_3	UniRef100_A9LZK0~K09795	100	327	0	0	1	327	1	327	1.45e-240	659
Men-IGTΩcontig_99_4	UniRef100_X5EQ36~K00766	99.1	327	3	0	1	327	7	333	4.77e-219	606
Men-IGTΩcontig_213_4	UniRef100_Q9JWA8~K19239	99.7	326	1	0	1	326	1	326	1.96e-222	613
Men-IGTΩcontig_257_4	UniRef100_A9M2N8~K06041	100	324	0	0	1	324	1	324	1.22e-226	624
Men-IGTΩcontig_51_6	UniRef100_X5F9K4~K02523	100	324	0	0	1	324	1	324	2.02e-225	620
Men-IGTΩcontig_37_5	UniRef100_E4ZA63~K02015	98.8	324	4	0	1	324	1	324	2.74e-223	615
Men-IGTΩcontig_21_5	UniRef100_A9M0M8~K02015	100	324	0	0	1	324	1	324	1.36e-223	616
Men-IGTΩcontig_6_9	UniRef100_A1IRQ3~K03841	96.9	324	10	0	1	324	1	324	2.45e-226	623
Men-IGTΩcontig_16_6	UniRef100_A9M3Q4~K21344	100	323	0	0	1	323	1	323	1.26e-223	616
Men-IGTΩcontig_277_2	UniRef100_A9M1J9~K03527	100	322	0	0	1	322	1	322	4.12e-233	640
Men-IGTΩcontig_37_6	UniRef100_A0A0E0TN84~K02015	99.4	322	2	0	1	322	1	322	1.53e-166	471
Men-IGTΩcontig_21_6	UniRef100_A9M0M9~K02015	100	322	0	0	1	322	1	322	1.61e-168	476
Men-IGTΩcontig_294_3	UniRef100_D0W9R8~K01775	99.1	322	3	0	1	322	1	322	1.80e-234	644
Men-IGTΩcontig_281_1	UniRef100_A0A1D3FZ42~K02016	93.5	322	17	1	1	318	1	322	5.78e-208	576
Men-IGTΩcontig_227_1	UniRef100_R4M2B8~K01939	47.3	315	165	1	1	315	19	332	5.82e-98	298
Men-IGTΩcontig_21_7	UniRef100_Q9JXL2~K02016	99.4	321	2	0	1	321	1	321	1.40e-219	605
Men-IGTΩcontig_285_1	UniRef100_R0VQK0~K00648	100	320	0	0	1	320	1	320	1.88e-228	628
Men-IGTΩcontig_236_2	UniRef100_A0A0Y6RUW0~K02045	99.4	320	2	0	1	320	38	357	6.95e-233	640
Men-IGTΩcontig_173_3	UniRef100_A9M142~K00648	100	320	0	0	1	320	1	320	1.88e-228	628
Men-IGTΩcontig_40_5	UniRef100_A1KSZ9~K06023	100	320	0	0	1	320	1	320	2.98e-225	620
Men-IGTΩcontig_59_8	UniRef100_A9LZH0~K14058	100	319	0	0	1	319	1	319	1.33e-232	638
Men-IGTΩcontig_244_2	UniRef100_A9M4I3~K07486	100	318	0	0	1	318	1	318	1.48e-224	618
Men-IGTΩcontig_94_3	UniRef100_A9M338~K07019	100	318	0	0	1	318	1	318	4.47e-235	644
Men-IGTΩcontig_63_1	UniRef100_C6S8S4~K00946	98.4	318	5	0	1	318	1	318	7.11e-232	636
Men-IGTΩcontig_19_1	UniRef100_A0A1V3SRD3~K07486	100	318	0	0	1	318	1	318	2.30e-212	587
Men-IGTΩcontig_683_1	UniRef100_A0A1J0E6Z3~K02492	46.4	317	167	2	1	316	59	373	5.02e-82	258
Men-IGTΩcontig_350_2	UniRef100_U3U234~K01952	59.2	311	125	1	9	317	44	354	6.32e-127	372
Men-IGTΩcontig_163_3	UniRef100_B4RQ54~K13408	60.4	316	125	0	1	316	22	337	1.91e-124	365
Men-IGTΩcontig_44_5	UniRef100_A9M3Z4~K06217	100	317	0	0	1	317	1	317	5.40e-231	634
Men-IGTΩcontig_5_3	UniRef100_A0A0Y6FCJ0~K00384	100	316	0	0	1	316	1	316	3.10e-225	619
Men-IGTΩcontig_87_5	UniRef100_A0A0A8F8E4~K03453	100	315	0	0	1	315	1	315	4.68e-215	593
Men-IGTΩcontig_223_1	UniRef100_A0A0A8F473~K02340	97.1	315	9	0	1	315	1	315	2.17e-217	600
Men-IGTΩcontig_93_3	UniRef100_A9M022~K03177	100	314	0	0	1	314	3	316	1.17e-224	618
Men-IGTΩcontig_87_1	UniRef100_A9M363~K02340	100	315	0	0	1	315	1	315	1.74e-223	615
Men-IGTΩcontig_309_3	UniRef100_A9M435~K02672	88.9	314	31	2	1	314	1	310	8.61e-194	540
Men-IGTΩcontig_66_1	UniRef100_D0WAD4~K03595	99.4	313	2	0	1	313	6	318	1.76e-217	600
Men-IGTΩcontig_43_1	UniRef100_A9M4D3~K00791	100	313	0	0	1	313	1	313	3.96e-231	634
Men-IGTΩcontig_40_3	UniRef100_A0A0G4C074~K14540	100	313	0	0	1	313	1	313	3.96e-231	634
Men-IGTΩcontig_89_2	UniRef100_A0A142G2D0~K11072	42.3	310	169	3	1	306	10	313	6.31e-69	224
Men-IGTΩcontig_48_5	UniRef100_A0A121V6X4~K05794	99.0	313	3	0	1	313	1	313	4.76e-214	591
Men-IGTΩcontig_198_1	UniRef100_A0A0H2Y488~K01940	79.6	309	62	1	1	309	48	355	3.25e-174	492
Men-IGTΩcontig_65_2	UniRef100_A9M205~K01749	100	311	0	0	1	311	6	316	1.57e-219	605
Men-IGTΩcontig_533_1	UniRef100_B4RJP4~K01755	94.9	311	16	0	1	311	1	311	3.90e-212	588
Men-IGTΩcontig_329_2	UniRef100_A9M004~K09824	100	310	0	0	1	310	8	317	5.54e-229	629
Men-IGTΩcontig_245_3	UniRef100_A0A0G4BZC3~K01738	100	310	0	0	1	310	1	310	1.92e-216	597
Men-IGTΩcontig_485_2	UniRef100_A0A0G4BXV3~K03576	100	309	0	0	1	309	1	309	3.63e-225	619
Men-IGTΩcontig_414_2	UniRef100_A9WRQ9~K00956	39.2	309	175	4	11	307	8	315	2.01e-61	204
Men-IGTΩcontig_248_2	UniRef100_A9M463~K00604	100	308	0	0	1	308	1	308	5.27e-213	588
Men-IGTΩcontig_173_5	UniRef100_A9M140~K00645	100	308	0	0	1	308	1	308	9.56e-200	554
Men-IGTΩcontig_100_1	UniRef100_A9M414~K06177	100	307	0	0	1	307	1	307	1.74e-231	634
Men-IGTΩcontig_48_1	UniRef100_E0NC77~K02535	100	307	0	0	1	307	26	332	1.12e-224	618
Men-IGTΩcontig_10_2	UniRef100_A9M254~K01480	100	307	0	0	1	307	1	307	2.89e-230	631
Men-IGTΩcontig_108_2	UniRef100_A9M1J6~K11753	100	306	0	0	1	306	13	318	1.57e-225	620
Men-IGTΩcontig_25_10	UniRef100_X5ELX8~K04761	100	306	0	0	1	306	1	306	6.41e-213	587
Men-IGTΩcontig_39_3	UniRef100_X5EG05~K09811	100	305	0	0	1	305	1	305	4.17e-213	588
Men-IGTΩcontig_30_2	UniRef100_A9M186~K01693	100	305	0	0	1	305	1	305	4.54e-217	598
Men-IGTΩcontig_573_2	UniRef100_X5F5Y7~K07262	99.7	304	1	0	1	304	13	316	2.25e-208	576
Men-IGTΩcontig_432_2	UniRef100_D2TJ70~K07132	40.5	294	171	2	12	304	7	297	1.57e-63	208
Men-IGTΩcontig_347_3	UniRef100_A9M2B6~K00605	100	304	0	0	1	304	63	366	1.31e-219	607
Men-IGTΩcontig_180_1	UniRef100_A0A0H5QD83~K02077	100	304	0	0	1	304	1	304	1.42e-199	553
Men-IGTΩcontig_82_1	UniRef100_D6CI22~K02077	100	304	0	0	1	304	1	304	3.34e-198	550
Men-IGTΩcontig_13_6	UniRef100_D2TJ70~K07132	41.3	286	164	2	20	304	15	297	8.86e-63	206
Men-IGTΩcontig_326_1	UniRef100_C6S8K9~K07444	97.0	304	9	0	1	304	1	304	5.85e-210	583
Men-IGTΩcontig_165_2	UniRef100_A0A0F2KXP5~K18900	33.2	298	180	2	1	289	1	288	4.50e-48	168
Men-IGTΩcontig_509_1	UniRef100_A9M125~K01878	99.3	301	2	0	1	301	1	301	7.93e-225	617
Men-IGTΩcontig_268_3	UniRef100_A9M125~K01878	100	301	0	0	1	301	1	301	1.67e-226	621
Men-IGTΩcontig_606_1	UniRef100_G2IW26~K03110	77.0	300	68	1	1	300	62	360	1.95e-163	464
Men-IGTΩcontig_228_1	UniRef100_W0BF94~K01951	54.7	300	130	3	6	299	1	300	3.08e-105	314
Men-IGTΩcontig_114_4	UniRef100_A0A0S2W4G6~K03310	42.2	296	155	4	4	283	33	328	1.24e-59	199
Men-IGTΩcontig_626_1	UniRef100_A0A0B6ANK5~K03310	38.9	296	160	4	4	282	34	325	6.07e-57	192
Men-IGTΩcontig_255_2	UniRef100_A9M3Z9~K03554	100	299	0	0	1	299	1	299	5.29e-213	587
Men-IGTΩcontig_30_5	UniRef100_X5ETC4~K09968	100	299	0	0	1	299	1	299	8.41e-210	579
Men-IGTΩcontig_290_3	UniRef100_A9M3C2~K00795	100	298	0	0	1	298	1	298	8.34e-205	566
Men-IGTΩcontig_433_2	UniRef100_D4ZI54~K03601	45.5	279	144	3	25	296	6	283	2.15e-78	246
Men-IGTΩcontig_253_2	UniRef100_E3D3X2~K21029	99.0	297	3	0	1	297	19	315	6.77e-217	597
Men-IGTΩcontig_98_1	UniRef100_A0A0Y5QPA0~K17758	100	296	0	0	1	296	1	296	1.18e-203	563
Men-IGTΩcontig_73_8	UniRef100_X5EIS6~K01902	100	296	0	0	1	296	1	296	3.85e-209	577
Men-IGTΩcontig_349_2	UniRef100_A0A0G4BX82~K03553	100	296	0	0	1	296	1	296	5.10e-208	576
Men-IGTΩcontig_633_1	UniRef100_Q9K0Y0~K01921	100	294	0	0	1	294	11	304	1.28e-213	588
Men-IGTΩcontig_430_1	UniRef100_W7SDL2~K02902	32.3	291	192	4	8	294	2	291	9.31e-41	149
Men-IGTΩcontig_640_2	UniRef100_A5DCF8~K01679	56.5	292	127	0	3	294	2	293	1.21e-104	313
Men-IGTΩcontig_67_1	UniRef100_A9M060~K02517	99.7	293	1	0	1	293	7	299	4.84e-212	584
Men-IGTΩcontig_12_4	UniRef100_A9M2J7~K00767	100	293	0	0	1	293	1	293	1.10e-202	560
Men-IGTΩcontig_404_1	UniRef100_A0A0G4BZB4~K04763	99.0	291	3	0	1	291	1	291	1.06e-208	575
Men-IGTΩcontig_201_2	UniRef100_A0A1V3SQN5~K03417	100	291	0	0	1	291	2	292	2.79e-202	559
Men-IGTΩcontig_180_2	UniRef100_X5EP07~K02075	100	291	0	0	1	291	1	291	9.23e-194	538
Men-IGTΩcontig_82_2	UniRef100_A0A0Y6PIU7~K02075	100	291	0	0	1	291	1	291	1.53e-192	535
Men-IGTΩcontig_52_4	UniRef100_A9M3I8~K00067	100	291	0	0	1	291	1	291	4.33e-208	574
Men-IGTΩcontig_43_6	UniRef100_A9M4C8~K01714	100	291	0	0	1	291	1	291	3.41e-205	566
Men-IGTΩcontig_314_2	UniRef100_A0A0Y5PVE0~K04517	100	290	0	0	1	290	1	290	5.09e-211	581
Men-IGTΩcontig_102_2	UniRef100_A9LZ52~K02291	100	290	0	0	1	290	1	290	2.52e-211	582
Men-IGTΩcontig_32_5	UniRef100_A9LZ69~K01012	100	289	0	0	1	289	62	350	4.70e-212	586
Men-IGTΩcontig_30_1	UniRef100_A9M187~K00020	100	289	0	0	1	289	1	289	1.14e-202	560
Men-IGTΩcontig_415_3	UniRef100_A0A1F1TXE6~K03769	58.5	282	116	1	8	288	9	290	4.03e-105	313
Men-IGTΩcontig_217_1	UniRef100_X5EQT8~K03427	99.3	285	2	0	4	288	30	314	1.82e-191	533
Men-IGTΩcontig_59_7	UniRef100_A9LZG9~K06980	100	288	0	0	1	288	17	304	1.10e-201	558
Men-IGTΩcontig_557_2	UniRef100_X5EQQ0~K03089	100	287	0	0	1	287	4	290	2.11e-200	554
Men-IGTΩcontig_539_1	UniRef100_W0B6W6~K13038	46.0	287	152	2	3	288	7	291	3.90e-68	219
Men-IGTΩcontig_443_2	UniRef100_U3U5U6~K18893	65.8	278	95	0	1	278	66	343	1.18e-124	365
Men-IGTΩcontig_52_3	UniRef100_A9M3I9~K01923	100	287	0	0	1	287	1	287	1.64e-210	580
Men-IGTΩcontig_41_7	UniRef100_Q7BMQ8~K02073	100	287	0	0	1	287	1	287	1.08e-190	530
Men-IGTΩcontig_33_4	UniRef100_A9LZC6~K06923	100	287	0	0	1	287	7	293	2.23e-214	590
Men-IGTΩcontig_491_1	UniRef100_O30836~K01879	46.1	284	150	2	4	284	1	284	9.76e-74	233
Men-IGTΩcontig_51_1	UniRef100_A0A112F5U3~K02654	100	286	0	0	1	286	1	286	2.07e-208	574
Men-IGTΩcontig_47_1	UniRef100_A9M2W2~K01963	100	287	0	0	1	287	1	287	4.84e-208	573
Men-IGTΩcontig_674_1	UniRef100_E4PGQ5~K00325	71.2	274	78	1	11	284	21	293	2.38e-128	372
Men-IGTΩcontig_268_1	UniRef100_W0BB91~K01879	39.2	286	170	3	2	286	1	283	1.83e-47	167
Men-IGTΩcontig_242_2	UniRef100_A9M1R3~K00796	100	285	0	0	1	285	1	285	1.69e-202	559
Men-IGTΩcontig_103_7	UniRef100_W0E507~K00930	30.6	288	174	8	13	281	16	296	2.59e-21	97.4
Men-IGTΩcontig_40_4	UniRef100_A9M393~K06958	100	284	0	0	1	284	1	284	2.82e-205	566
Men-IGTΩcontig_169_1	UniRef100_C6S982~K03092	98.9	283	3	0	1	283	1	283	4.27e-195	540
Men-IGTΩcontig_7_6	UniRef100_X5ERE3~K19337	100	282	0	0	1	282	13	294	9.34e-190	527
Men-IGTΩcontig_237_1	UniRef100_A1KTB5~K00919	99.3	281	2	0	1	281	1	281	1.64e-207	572
Men-IGTΩcontig_134_5	UniRef100_A0A0C4WJZ9~K00925	52.7	277	130	1	1	277	30	305	2.93e-90	276
Men-IGTΩcontig_6_8	UniRef100_A9LYY0~K07115	100	281	0	0	1	281	1	281	5.71e-208	573
Men-IGTΩcontig_284_1	UniRef100_A0A112QQQ8~K07270	97.5	280	7	0	1	280	1	280	3.38e-195	540
Men-IGTΩcontig_405_2	UniRef100_A6VMY7~K01736	65.3	288	92	1	1	280	1	288	2.37e-130	379
Men-IGTΩcontig_313_3	UniRef100_D4ZI54~K03601	45.9	279	143	3	7	278	6	283	2.85e-79	248
Men-IGTΩcontig_129_5	UniRef100_A9M3H2~K03616	100	279	0	0	1	279	1	279	2.37e-174	488
Men-IGTΩcontig_56_4	UniRef100_A9M214~K13953	100	279	0	0	1	279	70	348	5.02e-197	548
Men-IGTΩcontig_16_3	UniRef100_Q5F9J4~K03799	100	279	0	0	1	279	1	279	2.27e-188	523
Men-IGTΩcontig_429_2	UniRef100_A0A0E0TPV0~K02046	98.9	278	3	0	1	278	1	278	2.66e-191	530
Men-IGTΩcontig_286_2	UniRef100_C6S598~K07053	98.6	278	4	0	1	278	1	278	8.41e-204	562
Men-IGTΩcontig_167_2	UniRef100_A9M3B2~K02170	100	278	0	0	1	278	25	302	6.83e-202	558
Men-IGTΩcontig_117_3	UniRef100_A9M1K9~K07053	100	278	0	0	1	278	1	278	2.51e-205	566
Men-IGTΩcontig_100_6	UniRef100_A0A0Y5LYC5~K01918	100	278	0	0	1	278	1	278	3.53e-196	543
Men-IGTΩcontig_420_2	UniRef100_C6S6Q1~K01079	98.9	277	3	0	1	277	1	277	2.57e-193	535
Men-IGTΩcontig_9_7	UniRef100_Q9JX12~K02886	99.6	277	1	0	1	277	1	277	4.14e-199	550
Men-IGTΩcontig_327_3	UniRef100_E0YJC5~K00558	100	276	0	0	1	276	1	276	7.20e-204	562
Men-IGTΩcontig_469_2	UniRef100_A0A160UBG3~K03585	39.4	254	148	4	2	252	46	296	8.91e-44	156
Men-IGTΩcontig_284_3	UniRef100_Q51116~K07270	96.7	275	9	0	1	275	1	275	3.65e-192	532
Men-IGTΩcontig_174_4	UniRef100_A9M1V7~K02517	100	275	0	0	1	275	24	298	1.15e-205	567
Men-IGTΩcontig_3_6	UniRef100_X5EJX0~K01070	99.3	275	2	0	1	275	1	275	1.15e-204	564
Men-IGTΩcontig_436_1	UniRef100_E3D3V8~K10747	98.9	274	3	0	1	274	1	274	3.42e-201	555
Men-IGTΩcontig_94_2	UniRef100_A9M339~K01609	100	274	0	0	1	274	1	274	1.13e-190	528
Men-IGTΩcontig_70_5	UniRef100_A9LZ95~K03644	100	274	0	0	1	274	49	322	6.28e-204	564
Men-IGTΩcontig_65_4	UniRef100_X5F7H3~K06189	100	274	0	0	1	274	1	274	1.96e-191	530
Men-IGTΩcontig_42_7	UniRef100_Q2YCV6~K07391	57.9	273	114	1	1	272	8	280	2.29e-99	298
Men-IGTΩcontig_20_9	UniRef100_G7DIF4~K01624	59.8	224	89	1	48	270	1	224	5.92e-89	269
Men-IGTΩcontig_531_2	UniRef100_Q9JW14~K03733	98.9	273	3	0	1	273	33	305	9.09e-195	540
Men-IGTΩcontig_292_2	UniRef100_A9M448~K16066	100	273	0	0	1	273	1	273	9.36e-194	536
Men-IGTΩcontig_92_5	UniRef100_A9M2Y6~K00674	100	273	0	0	1	273	1	273	3.38e-171	479
Men-IGTΩcontig_84_5	UniRef100_A0A1V3SQY2~K02493	100	273	0	0	1	273	1	273	6.13e-199	549
Men-IGTΩcontig_42_4	UniRef100_A9M2I7~K06153	100	273	0	0	1	273	1	273	1.05e-190	528
Men-IGTΩcontig_627_2	UniRef100_A0A0N0Z4D1~K01875	44.0	275	144	4	1	273	1	267	6.33e-60	197
Men-IGTΩcontig_411_2	UniRef100_A0A2C9ERR1~K06213	70.7	239	70	0	34	272	3	241	3.67e-114	333
Men-IGTΩcontig_74_1	UniRef100_A0A0A1DIY3~K14652	35.9	256	146	5	27	264	10	265	5.14e-38	141
Men-IGTΩcontig_62_6	UniRef100_A9M0Z7~K03772	100	272	0	0	1	272	31	302	1.58e-178	499
Men-IGTΩcontig_600_2	UniRef100_V4MP94~K08869	30.7	238	149	9	36	264	50	280	5.22e-18	87.8
Men-IGTΩcontig_25_8	UniRef100_Q7DDS7~K03609	100	271	0	0	1	271	1	271	3.50e-188	522
Men-IGTΩcontig_518_1	UniRef100_D4JE06~K02835	49.8	267	131	2	7	271	6	271	5.82e-81	252
Men-IGTΩcontig_411_1	UniRef100_Q9JXK1~K04083	98.9	270	3	0	1	270	33	302	5.92e-194	538
Men-IGTΩcontig_314_3	UniRef100_E6MX87~K01501	97.8	270	6	0	1	270	19	288	5.62e-191	530
Men-IGTΩcontig_194_3	UniRef100_A1KVG8~K01776	100	270	0	0	1	270	1	270	6.09e-193	534
Men-IGTΩcontig_101_4	UniRef100_A1K6P5~K02291	55.1	276	115	3	1	268	1	275	1.93e-96	290
Men-IGTΩcontig_629_1	UniRef100_A9M3H7~K00215	100	269	0	0	1	269	1	269	3.26e-192	532
Men-IGTΩcontig_478_1	UniRef100_Q9JX23~K07238	100	269	0	0	1	269	1	269	3.09e-165	464
Men-IGTΩcontig_38_6	UniRef100_A9M2N2~K00014	100	269	0	0	1	269	1	269	9.75e-194	536
Men-IGTΩcontig_251_2	UniRef100_A0A0U1RJR3~K00941	100	268	0	0	1	268	1	268	3.02e-192	532
Men-IGTΩcontig_60_3	UniRef100_A9M1B1~K02030	100	268	0	0	1	268	1	268	6.09e-192	531
Men-IGTΩcontig_5_7	UniRef100_A9LZP7~K07090	100	268	0	0	1	268	1	268	1.96e-188	522
Men-IGTΩcontig_149_1	UniRef100_A5DCJ7~K01758	40.8	228	119	7	49	266	7	228	1.59e-39	143
Men-IGTΩcontig_90_5	UniRef100_Q2RY14~K00821	47.9	267	139	0	1	267	1	267	1.24e-78	246
Men-IGTΩcontig_126_2	UniRef100_X5F8F4~K01153	99.2	250	2	0	1	250	1	250	2.66e-175	490
Men-IGTΩcontig_597_1	UniRef100_A9M122~K02115	100	266	0	0	1	266	1	266	1.51e-183	511
Men-IGTΩcontig_364_2	UniRef100_A0A0H3NSH8~K03587	40.8	238	139	2	16	252	18	254	3.15e-53	179
Men-IGTΩcontig_260_3	UniRef100_A0A0H3NSH8~K03587	40.3	238	140	2	16	252	18	254	2.23e-53	179
Men-IGTΩcontig_132_1	UniRef100_A9M4G3~K01613	100	265	0	0	1	265	1	265	2.11e-186	517
Men-IGTΩcontig_127_2	UniRef100_D5AH30~K01154	39.7	282	136	9	10	265	28	301	1.27e-45	160
Men-IGTΩcontig_74_3	UniRef100_D5AH30~K01154	39.2	283	140	7	9	265	25	301	1.97e-44	157
Men-IGTΩcontig_42_1	UniRef100_A9M2I4~K03438	100	266	0	0	1	266	1	266	1.00e-183	513
Men-IGTΩcontig_1_10	UniRef100_A9M3S3~K00981	100	265	0	0	1	265	1	265	4.38e-179	498
Men-IGTΩcontig_642_1	UniRef100_C6S7N8~K07501	100	264	0	0	1	264	1	264	1.70e-205	565
Men-IGTΩcontig_555_2	UniRef100_G2J2P7~K15270	43.4	249	140	1	2	249	46	294	2.77e-55	185
Men-IGTΩcontig_422_2	UniRef100_A1KVB3~K00560	99.6	264	1	0	1	264	1	264	4.69e-203	559
Men-IGTΩcontig_113_2	UniRef100_A0A0Y5M210~K01082&K01092	100	264	0	0	1	264	1	264	1.98e-195	540
Men-IGTΩcontig_366_1	UniRef100_A9M4C4~K09930	100	263	0	0	1	263	18	280	5.92e-196	541
Men-IGTΩcontig_313_2	UniRef100_A0A0U1RJB1~K01916	100	263	0	0	1	263	11	273	2.73e-188	522
Men-IGTΩcontig_143_3	UniRef100_Q9K0W0~K03584	100	263	0	0	1	263	1	263	1.33e-188	522
Men-IGTΩcontig_136_2	UniRef100_J8WF61~K00286	100	263	0	0	1	263	1	263	1.37e-181	504
Men-IGTΩcontig_126_3	UniRef100_R4QBN2~K01154	34.0	282	137	9	1	259	45	300	4.25e-29	117
Men-IGTΩcontig_100_5	UniRef100_A0A1V3SQ07~K00606	100	263	0	0	1	263	1	263	1.67e-182	507
Men-IGTΩcontig_100_3	UniRef100_A9M416~K00797	100	263	0	0	1	263	1	263	5.03e-193	533
Men-IGTΩcontig_45_3	UniRef100_A0A0D6DZ91~K03768	31.4	261	171	4	5	263	12	266	3.94e-33	127
Men-IGTΩcontig_11_5	UniRef100_A9M163~K01155	100	263	0	0	1	263	30	292	8.23e-199	549
Men-IGTΩcontig_262_4	UniRef100_E4ZAW3~K03149	98.1	262	5	0	1	262	1	262	9.69e-186	515
Men-IGTΩcontig_167_3	UniRef100_A9M3B1~K02169	100	262	0	0	1	262	1	262	5.05e-197	543
Men-IGTΩcontig_340_2	UniRef100_A0A0Y5JNV6~K01092	99.2	261	2	0	1	261	1	261	5.41e-187	518
Men-IGTΩcontig_110_6	UniRef100_A9LZ63~K03437	100	261	0	0	1	261	1	261	4.45e-186	516
Men-IGTΩcontig_92_4	UniRef100_Q9K151~K00208	100	261	0	0	1	261	1	261	2.76e-180	501
Men-IGTΩcontig_68_7	UniRef100_F5S6H6~K04773	59.3	270	101	3	1	262	1	269	1.18e-105	315
Men-IGTΩcontig_47_2	UniRef100_E0NAA5~K01695	99.6	261	1	0	1	261	12	272	7.45e-183	508
Men-IGTΩcontig_10_7	UniRef100_X5FB90~K02169	100	260	0	0	1	260	1	260	1.19e-194	537
Men-IGTΩcontig_680_2	UniRef100_X5F606~K03424	100	259	0	0	1	259	1	259	2.79e-188	521
Men-IGTΩcontig_536_2	UniRef100_A0A112GGW4~K01265	100	259	0	0	1	259	1	259	1.29e-193	535
Men-IGTΩcontig_481_1	UniRef100_A9M352~K02528	100	259	0	0	1	259	1	259	2.57e-184	511
Men-IGTΩcontig_417_1	UniRef100_A0A1P8F5X3~K17686	37.0	219	127	3	47	257	44	259	2.01e-34	130
Men-IGTΩcontig_385_1	UniRef100_E0N811~K00528	100	259	0	0	1	259	21	279	1.43e-188	523
Men-IGTΩcontig_361_3	UniRef100_D5V8M8~K03366	83.5	254	42	0	6	259	11	264	7.65e-153	432
Men-IGTΩcontig_223_3	UniRef100_A0A0Y6RJL0~K05810	98.1	259	5	0	1	259	1	259	1.49e-183	509
Men-IGTΩcontig_183_3	UniRef100_Q9JZU5~K09861	98.8	259	3	0	1	259	1	259	1.05e-183	509
Men-IGTΩcontig_87_3	UniRef100_A0A0A8F2Z5~K05810	99.6	259	1	0	1	259	1	259	1.09e-185	514
Men-IGTΩcontig_34_3	UniRef100_A0A0G4BX23~K18928	100	259	0	0	1	259	9	267	6.54e-198	546
Men-IGTΩcontig_593_2	UniRef100_A0A0E0TQ76~K00348	100	258	0	0	1	258	1	258	3.38e-184	511
Men-IGTΩcontig_455_2	UniRef100_X5ET33~K22132	100	258	0	0	1	258	1	258	4.61e-182	505
Men-IGTΩcontig_203_2	UniRef100_E0NBH9~K02066	100	258	0	0	1	258	1	258	4.55e-173	483
Men-IGTΩcontig_1_3	UniRef100_A9M3T0~K00677	100	258	0	0	1	258	1	258	2.68e-149	422
Men-IGTΩcontig_437_1	UniRef100_A0A112QZI7~K02444	99.6	257	1	0	1	257	1	257	1.94e-178	496
Men-IGTΩcontig_414_1	UniRef100_A0A1D3I583~K00380	84.8	224	31	1	35	255	4	227	1.80e-121	351
Men-IGTΩcontig_306_3	UniRef100_E4ZE56~K09007	98.1	257	5	0	1	257	1	257	5.57e-178	495
Men-IGTΩcontig_149_2	UniRef100_A9M3N5~K09007	100	257	0	0	1	257	42	298	2.72e-181	505
Men-IGTΩcontig_11_11	UniRef100_A0A0G4BYD8~K01803	99.2	257	2	0	1	257	1	257	2.11e-182	506
Men-IGTΩcontig_1_16	UniRef100_A9M3R7~K03496	100	257	0	0	1	257	1	257	2.84e-171	478
Men-IGTΩcontig_605_1	UniRef100_D6HAA9~K02687	96.1	256	10	0	1	256	56	311	3.44e-180	503
Men-IGTΩcontig_112_5	UniRef100_E6MW28~K03118	98.8	256	3	0	1	256	1	256	4.55e-172	480
Men-IGTΩcontig_12_2	UniRef100_X5F9B5~K01142	100	256	0	0	1	256	1	256	1.76e-194	536
Men-IGTΩcontig_3_15	UniRef100_A9LZM7~K06183	100	256	0	0	1	256	1	256	3.15e-188	521
Men-IGTΩcontig_349_1	UniRef100_X5ERL2~K03785	98.0	254	5	0	1	254	12	265	9.01e-176	489
Men-IGTΩcontig_311_3	UniRef100_A9M4L3~K02841	100	254	0	0	1	254	46	299	1.16e-186	518
Men-IGTΩcontig_98_5	UniRef100_C6S719~K00957	100	255	0	0	1	255	1	255	4.25e-184	512
Men-IGTΩcontig_90_1	UniRef100_E6MZD3~K06969	98.4	255	4	0	1	255	1	255	1.03e-186	519
Men-IGTΩcontig_38_4	UniRef100_X5EUF2~K06861	99.2	254	2	0	1	254	1	254	7.03e-175	487
Men-IGTΩcontig_493_2	UniRef100_A0A0Y5QFI0~K07320	99.2	254	2	0	1	254	1	254	1.18e-182	508
Men-IGTΩcontig_102_5	UniRef100_Q9JUF2~K06867	99.6	253	1	0	1	253	1	253	5.68e-194	535
Men-IGTΩcontig_47_5	UniRef100_A9M2V7~K00979	100	253	0	0	1	253	1	253	3.36e-177	493
Men-IGTΩcontig_3_2	UniRef100_A0A0Y5K4T0~K02656	100	253	0	0	1	253	1	253	1.49e-180	501
Men-IGTΩcontig_350_1	UniRef100_A1KW76~K01069	100	252	0	0	1	252	1	252	2.40e-190	526
Men-IGTΩcontig_206_1	UniRef100_A0A0X3BKG2~K15778	31.3	217	138	6	6	215	5	217	2.24e-20	93.2
Men-IGTΩcontig_149_4	UniRef100_A9M3N8~K06182	100	252	0	0	1	252	1	252	6.20e-168	469
Men-IGTΩcontig_37_3	UniRef100_E4ZA65~K02013	96.4	252	9	0	1	252	1	252	1.00e-173	484
Men-IGTΩcontig_398_1	UniRef100_A9M051~K07481	100	251	0	0	1	251	1	251	7.08e-178	494
Men-IGTΩcontig_271_3	UniRef100_A0A0A8F3Z6~K10010	98.8	251	3	0	1	251	1	251	5.82e-177	492
Men-IGTΩcontig_180_3	UniRef100_A0A0U1RHY4~K02074	99.6	251	1	0	1	251	1	251	3.01e-179	498
Men-IGTΩcontig_82_3	UniRef100_A0A0Y5XN66~K02074	100	251	0	0	1	251	1	251	1.49e-179	498
Men-IGTΩcontig_405_1	UniRef100_W0R307~K00557	43.8	256	135	2	1	251	5	256	2.63e-70	223
Men-IGTΩcontig_285_3	UniRef100_A0A0G4BZB7~K00645	100	251	0	0	1	251	1	251	2.51e-166	467
Men-IGTΩcontig_128_1	UniRef100_E0N7S1~K00567	99.2	250	2	0	1	250	20	269	8.62e-183	507
Men-IGTΩcontig_43_4	UniRef100_E4ZDW6~K03218	98.4	249	4	0	1	249	1	249	3.12e-176	490
Men-IGTΩcontig_15_3	UniRef100_A9M1A6~K15984	100	250	0	0	1	250	1	250	5.39e-177	492
Men-IGTΩcontig_443_1	UniRef100_A9M3C0~K06949	100	250	0	0	1	250	1	250	1.54e-171	480
Men-IGTΩcontig_311_2	UniRef100_A0A1V0HC28~K03521	98.8	249	3	0	1	249	1	249	8.74e-162	453
Men-IGTΩcontig_218_2	UniRef100_X5F6L6~K07497	97.2	249	7	0	1	249	1	249	1.37e-174	486
Men-IGTΩcontig_186_4	UniRef100_Q9K0H4~K02500	99.2	249	2	0	1	249	7	255	4.19e-175	487
Men-IGTΩcontig_82_5	UniRef100_A0A0E0TQC5~K00554	99.6	249	1	0	1	249	1	249	2.88e-176	490
Men-IGTΩcontig_21_3	UniRef100_A9M0M6~K02013	100	249	0	0	1	249	1	249	5.20e-179	497
Men-IGTΩcontig_551_2	UniRef100_A0A0E0TRM1~K03787	99.6	248	1	0	1	248	1	248	1.50e-182	506
Men-IGTΩcontig_366_2	UniRef100_X5ENM9~K09929	100	248	0	0	1	248	1	248	2.59e-183	508
Men-IGTΩcontig_5_8	UniRef100_A0A1D3FX35~K17103	100	248	0	0	1	248	1	248	2.78e-178	495
Men-IGTΩcontig_1_11	UniRef100_A9M3S2~K00806	100	248	0	0	1	248	10	257	3.18e-177	493
Men-IGTΩcontig_103_4	UniRef100_A9M1F7~K21929	100	246	0	0	1	246	1	246	9.32e-176	488
Men-IGTΩcontig_98_4	UniRef100_C6S720~K00390	100	246	0	0	1	246	12	257	2.53e-187	518
Men-IGTΩcontig_16_5	UniRef100_A9M3Q3~K01591	100	246	0	0	1	246	1	246	1.22e-171	478
Men-IGTΩcontig_521_2	UniRef100_K0CD46~K01951	74.4	211	48	1	35	245	3	207	4.62e-107	313
Men-IGTΩcontig_41_5	UniRef100_E0NBF9~K02071	100	245	0	0	1	245	5	249	1.85e-171	478
Men-IGTΩcontig_342_2	UniRef100_P13956~K00561	100	244	0	0	1	244	1	244	7.66e-174	483
Men-IGTΩcontig_71_5	UniRef100_A0A0Y5FRD4~K02342	99.2	244	2	0	1	244	1	244	1.88e-174	485
Men-IGTΩcontig_20_5	UniRef100_A9M1F7~K21929	91.9	246	17	1	1	243	1	246	3.27e-157	441
Men-IGTΩcontig_441_1	UniRef100_C1DCX0~K03286	40.3	226	110	4	2	225	4	206	2.45e-38	138
Men-IGTΩcontig_413_3	UniRef100_A0A0U5F1M9~K03621	43.2	243	133	4	1	241	17	256	8.37e-51	172
Men-IGTΩcontig_143_4	UniRef100_Q9RQV9~K03474	99.2	242	2	0	1	242	1	242	9.62e-167	465
Men-IGTΩcontig_33_2	UniRef100_A0A0Y6T7W4~K01783	100	242	0	0	1	242	1	242	1.73e-169	472
Men-IGTΩcontig_171_3	UniRef100_A0A0Y5DRI3~K09765	100	241	0	0	1	241	1	241	1.39e-188	520
Men-IGTΩcontig_129_3	UniRef100_A9M3H4~K00684	100	241	0	0	1	241	1	241	3.03e-183	507
Men-IGTΩcontig_113_1	UniRef100_A9M132~K09761	100	241	0	0	1	241	1	241	2.77e-170	474
Men-IGTΩcontig_94_1	UniRef100_U5RTC9~K03654	43.9	239	132	2	5	242	4	241	1.44e-59	195
Men-IGTΩcontig_11_7	UniRef100_Q9CLN0~K07387	48.7	236	113	4	1	233	27	257	2.48e-71	224
Men-IGTΩcontig_56_2	UniRef100_A9M211~K03269	100	240	0	0	1	240	1	240	6.85e-175	486
Men-IGTΩcontig_278_2	UniRef100_A1KWH8~K09903	100	239	0	0	1	239	1	239	1.72e-163	457
Men-IGTΩcontig_66_2	UniRef100_D0WAD5~K03685	97.5	239	6	0	1	239	29	267	1.78e-158	445
Men-IGTΩcontig_43_2	UniRef100_A0A0U1RII3~K01485	95.8	239	10	0	1	239	1	239	9.17e-159	445
Men-IGTΩcontig_271_2	UniRef100_X5F624~K10009	99.6	238	1	0	1	238	1	238	6.56e-147	415
Men-IGTΩcontig_61_7	UniRef100_A9M0C4~K00568	100	238	0	0	1	238	1	238	2.05e-175	487
Men-IGTΩcontig_2_12	UniRef100_A9LZQ8~K03439	100	238	0	0	1	238	1	238	1.06e-177	493
Men-IGTΩcontig_243_4	UniRef100_A9LZT9~K07025	94.5	237	13	0	1	237	1	237	6.28e-165	460
Men-IGTΩcontig_85_6	UniRef100_A9LZT9~K07025	100	237	0	0	1	237	1	237	6.60e-176	488
Men-IGTΩcontig_25_7	UniRef100_Q9JX17~K03610	100	237	0	0	1	237	1	237	5.16e-164	458
Men-IGTΩcontig_396_1	UniRef100_A0A0U1RHI4~K07056	99.6	236	1	0	1	236	6	241	9.91e-165	460
Men-IGTΩcontig_307_1	UniRef100_A9M2F3~K11074	100	236	0	0	1	236	60	295	2.17e-151	428
Men-IGTΩcontig_486_2	UniRef100_A9M0J6~K01091	99.6	235	1	0	1	235	1	235	9.70e-168	467
Men-IGTΩcontig_272_5	UniRef100_V7CM10~K18204	30.8	234	148	6	8	234	2	228	5.31e-23	99.4
Men-IGTΩcontig_245_1	UniRef100_Q9K060~K01778	99.1	234	2	0	1	234	50	283	2.03e-171	478
Men-IGTΩcontig_33_5	UniRef100_X5F9K5~K00793	98.7	234	3	0	1	234	1	234	3.66e-167	466
Men-IGTΩcontig_207_1	UniRef100_X5EK64~K18369	91.1	247	8	1	1	233	4	250	6.92e-155	435
Men-IGTΩcontig_38_5	UniRef100_A9M2N3~K03814	100	233	0	0	1	233	1	233	1.32e-164	459
Men-IGTΩcontig_34_4	UniRef100_A9M0F5~K00782	100	233	0	0	1	233	1	233	7.12e-169	470
Men-IGTΩcontig_31_1	UniRef100_I3UD62~K00525	76.0	200	48	0	34	233	1	200	1.02e-110	322
Men-IGTΩcontig_123_3	UniRef100_A9M321~K03673	100	231	0	0	1	231	1	231	1.22e-159	446
Men-IGTΩcontig_79_5	UniRef100_A9M3X7~K02863	100	231	0	0	1	231	1	231	2.53e-152	428
Men-IGTΩcontig_7_4	UniRef100_A0A125WCE6~K01057	100	231	0	0	1	231	1	231	6.84e-166	462
Men-IGTΩcontig_494_1	UniRef100_A9M0C0~K07043	100	230	0	0	1	230	1	230	4.14e-171	475
Men-IGTΩcontig_9_10	UniRef100_A9M3W0~K02982	100	230	0	0	1	230	1	230	6.17e-148	417
Men-IGTΩcontig_71_6	UniRef100_A9M0U7~K00991	100	229	0	0	1	229	1	229	7.06e-158	442
Men-IGTΩcontig_523_2	UniRef100_P0A0Z7~K00983	100	228	0	0	1	228	1	228	2.78e-159	445
Men-IGTΩcontig_490_3	UniRef100_L0E3X4~K00057	44.4	214	118	1	10	223	3	215	3.41e-49	166
Men-IGTΩcontig_395_2	UniRef100_A0A0Y5IJ68~K07025	100	228	0	0	1	228	1	228	5.24e-173	480
Men-IGTΩcontig_136_4	UniRef100_A9LZV1~K06997	99.6	228	1	0	1	228	1	228	8.29e-161	449
Men-IGTΩcontig_112_6	UniRef100_Q9K0J6~K03117	98.2	228	4	0	1	228	1	228	6.45e-149	419
Men-IGTΩcontig_62_5	UniRef100_A9M0Z6~K11175	100	228	0	0	1	228	13	240	2.31e-163	456
Men-IGTΩcontig_41_6	UniRef100_A0A1V3SNQ5~K02072	100	228	0	0	1	228	1	228	8.41e-145	409
Men-IGTΩcontig_36_7	UniRef100_A9M305~K09125	100	228	0	0	1	228	1	228	4.28e-163	455
Men-IGTΩcontig_9_1	UniRef100_A0A1A7V428~K02358	78.8	226	48	0	1	226	28	253	3.09e-128	368
Men-IGTΩcontig_326_3	UniRef100_A0A0Y5MHP3~K03574	98.7	227	3	0	1	227	43	269	3.67e-162	454
Men-IGTΩcontig_312_1	UniRef100_A9M272~K03574	100	227	0	0	1	227	43	269	9.41e-165	461
Men-IGTΩcontig_24_3	UniRef100_X5F4C7~K19416	100	227	0	0	1	227	1	227	4.91e-148	417
Men-IGTΩcontig_15_7	UniRef100_A9M1A2~K01834	100	227	0	0	1	227	1	227	3.53e-166	462
Men-IGTΩcontig_653_2	UniRef100_A0A0Y5EGI8~K03981	100	226	0	0	1	226	35	260	6.25e-163	456
Men-IGTΩcontig_602_2	UniRef100_C5D947~K19428	64.0	200	72	0	1	200	1	200	6.22e-86	259
Men-IGTΩcontig_171_2	UniRef100_A9LZF5~K03630	100	225	0	0	1	225	1	225	2.27e-152	427
Men-IGTΩcontig_103_2	UniRef100_A9M1F9~K14742	100	225	0	0	1	225	1	225	3.00e-157	440
Men-IGTΩcontig_20_7	UniRef100_A9M1F9~K14742	94.7	225	12	0	1	225	1	225	6.24e-150	421
Men-IGTΩcontig_386_1	UniRef100_F4DNY3~K06194	40.7	241	103	5	1	222	31	250	6.57e-47	161
Men-IGTΩcontig_4_14	UniRef100_A9M3D2~K00339	100	223	0	0	1	223	1	223	9.52e-144	405
Men-IGTΩcontig_13_11	UniRef100_X5F6S5~K10763	100	222	0	0	1	222	1	222	9.72e-157	438
Men-IGTΩcontig_306_2	UniRef100_Q3IKS5~K10679	33.7	199	116	6	9	201	5	193	6.73e-22	95.5
Men-IGTΩcontig_149_3	UniRef100_H8L4A4~K10679	32.7	220	127	8	9	217	3	212	9.54e-21	92.4
Men-IGTΩcontig_12_8	UniRef100_A0A0Y5DT98~K01838	100	221	0	0	1	221	1	221	4.79e-152	426
Men-IGTΩcontig_553_1	UniRef100_A9M2P6~K09773	100	221	0	0	1	221	1	221	3.26e-155	436
Men-IGTΩcontig_233_2	UniRef100_P42074~K03046	51.6	188	84	3	39	219	1	188	1.67e-61	196
Men-IGTΩcontig_232_3	UniRef100_P64099~K03561	100	220	0	0	1	220	1	220	1.17e-147	415
Men-IGTΩcontig_205_3	UniRef100_A0A1S6XJN4~K03686	48.9	221	110	2	1	220	31	249	1.08e-71	224
Men-IGTΩcontig_120_3	UniRef100_A9M1Y9~K06920	100	220	0	0	1	220	1	220	1.56e-161	450
Men-IGTΩcontig_651_1	UniRef100_A0A0M5KV44~K00254	57.9	214	87	1	1	211	27	240	3.93e-76	235
Men-IGTΩcontig_58_7	UniRef100_A9LZA2~K03648	100	219	0	0	1	219	1	219	6.38e-165	459
Men-IGTΩcontig_24_1	UniRef100_A0A1V3SN60~K06177	100	219	0	0	1	219	1	219	2.58e-155	434
Men-IGTΩcontig_658_1	UniRef100_W5Y1C4~K03299	59.0	229	82	1	1	217	41	269	3.60e-78	241
Men-IGTΩcontig_11_13	UniRef100_A0A0Y6TLI7~K00573	100	218	0	0	1	218	1	218	3.26e-153	429
Men-IGTΩcontig_3_11	UniRef100_A9LZM8~K00945	100	218	0	0	1	218	44	261	2.84e-148	418
Men-IGTΩcontig_2_4	UniRef100_W5UJP7~K01557	44.0	207	105	2	16	217	16	216	6.24e-50	167
Men-IGTΩcontig_138_2	UniRef100_A0A1V3SQ80~K06992	100	217	0	0	1	217	2	218	5.19e-152	426
Men-IGTΩcontig_61_1	UniRef100_A0A0G4BXX4~K00655	100	218	0	0	1	218	1	218	2.04e-158	443
Men-IGTΩcontig_30_7	UniRef100_X5F8F1~K07152	100	217	0	0	1	217	1	217	4.61e-148	416
Men-IGTΩcontig_30_6	UniRef100_P64346~K00765	100	217	0	0	1	217	1	217	1.68e-150	422
Men-IGTΩcontig_39_4	UniRef100_X5ENR1~K09812	100	216	0	0	1	216	1	216	9.36e-152	425
Men-IGTΩcontig_634_1	UniRef100_A9M001~K05595	100	216	0	0	1	216	1	216	1.75e-131	374
Men-IGTΩcontig_574_1	UniRef100_X5EIB9~K01719	100	216	0	0	1	216	1	216	8.74e-154	432
Men-IGTΩcontig_222_3	UniRef100_A9M388~K01935	100	215	0	0	1	215	1	215	1.23e-151	425
Men-IGTΩcontig_191_3	UniRef100_A0A0Y6FG89~K02664	100	215	0	0	1	215	1	215	9.60e-140	395
Men-IGTΩcontig_58_8	UniRef100_X5F9I2~K03427	99.0	192	2	0	24	215	1	192	4.34e-133	377
Men-IGTΩcontig_16_4	UniRef100_A9M3Q2~K00939	100	215	0	0	1	215	1	215	5.62e-148	416
Men-IGTΩcontig_10_6	UniRef100_A9M250~K09789	100	215	0	0	1	215	1	215	9.84e-167	463
Men-IGTΩcontig_146_2	UniRef100_X5F6N1~K03975	100	214	0	0	1	214	1	214	2.58e-148	416
Men-IGTΩcontig_42_5	UniRef100_A9M2I8~K03673	100	214	0	0	1	214	1	214	3.41e-153	429
Men-IGTΩcontig_9_4	UniRef100_A9M3W6~K02906	100	214	0	0	1	214	1	214	2.03e-145	409
Men-IGTΩcontig_3_13	UniRef100_X5F7G3~K03308	99.1	214	2	0	1	214	1	214	4.05e-136	385
Men-IGTΩcontig_370_2	UniRef100_A9M434~K02671	100	213	0	0	1	213	1	213	4.26e-142	400
Men-IGTΩcontig_309_1	UniRef100_A0A0T7L3R1~K08084	94.8	213	11	0	1	213	13	225	1.54e-140	397
Men-IGTΩcontig_155_2	UniRef100_A9M230~K03675	100	213	0	0	1	213	19	231	8.58e-153	428
Men-IGTΩcontig_103_5	UniRef100_A9M1F6~K00762	100	213	0	0	1	213	1	213	1.68e-148	417
Men-IGTΩcontig_100_2	UniRef100_A9M415~K07018	100	213	0	0	1	213	1	213	4.00e-156	436
Men-IGTΩcontig_20_4	UniRef100_A0A0Y5YMG8~K00762	100	213	0	0	1	213	1	213	3.40e-148	416
Men-IGTΩcontig_541_1	UniRef100_E3D2J1~K02501	100	212	0	0	1	212	1	212	1.20e-161	450
Men-IGTΩcontig_392_2	UniRef100_A0A1V0HCL5~K08281	97.2	212	5	1	1	212	1	211	1.40e-153	429
Men-IGTΩcontig_336_3	UniRef100_A9LZX7~K01784	100	212	0	0	1	212	2	213	2.31e-157	439
Men-IGTΩcontig_181_4	UniRef100_F2LPA1~K00135	47.4	190	94	2	19	205	22	208	2.91e-45	155
Men-IGTΩcontig_7_1	UniRef100_A9M045~K01625	100	212	0	0	1	212	1	212	2.58e-147	414
Men-IGTΩcontig_522_2	UniRef100_A0A0G4BXJ1~K08281	99.5	211	1	0	1	211	1	211	4.34e-159	443
Men-IGTΩcontig_181_1	UniRef100_A9LZZ7~K09977	100	211	0	0	1	211	40	250	3.59e-158	442
Men-IGTΩcontig_370_1	UniRef100_A9M433~K08084	100	210	0	0	1	210	28	237	4.12e-147	414
Men-IGTΩcontig_225_2	UniRef100_E4ZDH9~K00275	99.0	210	2	0	1	210	1	210	1.24e-153	429
Men-IGTΩcontig_176_3	UniRef100_A4NUZ4~K03386	77.3	203	46	0	8	210	6	208	3.83e-114	331
Men-IGTΩcontig_148_2	UniRef100_E4ZDH9~K00275	99.0	210	2	0	1	210	1	210	1.24e-153	429
Men-IGTΩcontig_105_3	UniRef100_A0A0Y5MUU2~K06966	100	210	0	0	1	210	1	210	3.15e-147	413
Men-IGTΩcontig_51_2	UniRef100_Q9JSS4~K00859	100	210	0	0	1	210	1	210	1.38e-141	399
Men-IGTΩcontig_50_5	UniRef100_A9M1Z8~K10773	100	209	0	0	1	209	15	223	3.84e-153	429
Men-IGTΩcontig_152_1	UniRef100_A9M342~K01817	100	208	0	0	1	208	1	208	8.68e-144	404
Men-IGTΩcontig_129_2	UniRef100_X5EN86~K03711	99.5	208	1	0	1	208	5	212	1.50e-154	432
Men-IGTΩcontig_114_3	UniRef100_A0A121NLT7~K11068	100	208	0	0	1	208	1	208	1.10e-146	412
Men-IGTΩcontig_389_2	UniRef100_P57067~K03634	99.5	207	1	0	1	207	1	207	7.18e-147	412
Men-IGTΩcontig_251_1	UniRef100_A9M1B8~K16868	100	207	0	0	1	207	38	244	9.69e-140	395
Men-IGTΩcontig_58_2	UniRef100_A9LZ96~K03801	100	207	0	0	1	207	1	207	7.78e-151	422
Men-IGTΩcontig_1_15	UniRef100_A9M3R8~K03501	100	207	0	0	1	207	1	207	2.40e-145	408
Men-IGTΩcontig_224_3	UniRef100_X5EQA2~K19340	99.5	206	1	0	1	206	11	216	5.92e-141	397
Men-IGTΩcontig_134_4	UniRef100_Q0VTD8~K07566	30.5	177	116	5	20	193	8	180	7.67e-22	94.0
Men-IGTΩcontig_96_3	UniRef100_A9M3N1~K02427	100	206	0	0	1	206	1	206	1.29e-144	406
Men-IGTΩcontig_25_3	UniRef100_Q5F5V1~K02986	100	206	0	0	1	206	1	206	2.05e-141	398
Men-IGTΩcontig_9_5	UniRef100_A9M3W5~K02926	100	206	0	0	1	206	1	206	6.86e-140	394
Men-IGTΩcontig_650_2	UniRef100_B4FB70~K01952	42.6	216	106	6	4	202	37	251	1.25e-47	162
Men-IGTΩcontig_309_2	UniRef100_A0A0Y5C227~K02671	97.6	205	5	0	1	205	1	205	7.64e-132	374
Men-IGTΩcontig_262_2	UniRef100_Q9JWI2~K00788	96.6	205	7	0	1	205	1	205	8.66e-138	389
Men-IGTΩcontig_45_5	UniRef100_A9M1N2~K00942	100	205	0	0	1	205	1	205	7.73e-141	397
Men-IGTΩcontig_358_2	UniRef100_A9LZN9~K01358	100	204	0	0	1	204	1	204	4.32e-142	400
Men-IGTΩcontig_112_4	UniRef100_A0A0Y6URW7~K06287	98.5	202	3	0	1	202	1	202	1.69e-138	390
Men-IGTΩcontig_165_4	UniRef100_A0A0E0TP71~K07078	99.5	201	1	0	1	201	1	201	1.99e-141	398
Men-IGTΩcontig_53_1	UniRef100_D8IGF6~K00088	63.1	198	71	1	4	199	45	242	5.42e-79	241
Men-IGTΩcontig_24_7	UniRef100_A0A0E0TSF5~K00969	100	201	0	0	1	201	1	201	7.51e-146	409
Men-IGTΩcontig_168_3	UniRef100_A0A0A6ZLT3~K03310	53.0	166	68	4	16	177	8	167	5.40e-52	171
Men-IGTΩcontig_40_2	UniRef100_A0A0Y6RM81~K06024	100	200	0	0	1	200	1	200	3.42e-137	387
Men-IGTΩcontig_6_7	UniRef100_A9LYY1~K08591	100	200	0	0	1	200	1	200	9.69e-128	363
Men-IGTΩcontig_191_4	UniRef100_X5ENK6~K02663	100	199	0	0	1	199	1	199	1.62e-130	370
Men-IGTΩcontig_24_8	UniRef100_A0A0E0TSM7~K01673	100	199	0	0	1	199	1	199	1.25e-143	403
Men-IGTΩcontig_648_2	UniRef100_A0A0E3Q677~K02112	52.3	193	92	0	1	193	6	198	1.12e-66	209
Men-IGTΩcontig_543_1	UniRef100_W8I816~K09972	59.0	173	71	0	20	192	8	180	1.36e-65	205
Men-IGTΩcontig_482_2	UniRef100_A9M479~K03271	100	197	0	0	1	197	1	197	3.05e-134	379
Men-IGTΩcontig_185_3	UniRef100_M4RT28~K06942	70.2	161	48	0	37	197	1	161	2.51e-79	239
Men-IGTΩcontig_4_4	UniRef100_A9M3E0~K00332	100	197	0	0	1	197	1	197	4.54e-145	407
Men-IGTΩcontig_396_2	UniRef100_Q9JXS2~K06287	98.5	196	3	0	1	196	1	196	1.20e-135	383
Men-IGTΩcontig_203_4	UniRef100_A0A0Y5M831~K07323	100	196	0	0	1	196	1	196	3.30e-133	377
Men-IGTΩcontig_99_3	UniRef100_A0A0E0TRE7~K01658	98.0	196	4	0	1	196	1	196	6.71e-142	399
Men-IGTΩcontig_277_1	UniRef100_A9M1K0~K01091	99.5	185	1	0	11	195	1	185	1.76e-132	374
Men-IGTΩcontig_274_2	UniRef100_A0A0U1RIG6~K04564	100	195	0	0	1	195	1	195	9.56e-146	408
Men-IGTΩcontig_47_7	UniRef100_A0A0Y5KK84~K09924	98.5	195	3	0	1	195	1	195	6.43e-135	381
Men-IGTΩcontig_433_1	UniRef100_L7Y7P1~K01916	53.3	195	88	2	2	195	4	196	2.40e-62	199
Men-IGTΩcontig_360_2	UniRef100_A0A0M8MMT8~K01007	72.5	189	52	0	1	189	26	214	3.85e-101	296
Men-IGTΩcontig_670_2	UniRef100_A9M487~K01934	98.4	193	3	0	1	193	27	219	9.01e-131	371
Men-IGTΩcontig_507_2	UniRef100_A0A1D3ESX7~K00411	100	193	0	0	1	193	1	193	1.03e-139	393
Men-IGTΩcontig_237_2	UniRef100_A1KTB4~K02494	100	193	0	0	1	193	20	212	1.05e-141	399
Men-IGTΩcontig_184_1	UniRef100_A9M2A7~K00350	100	193	0	0	1	193	5	197	2.20e-126	359
Men-IGTΩcontig_38_2	UniRef100_A0A0Y6TII6~K11719	100	193	0	0	1	193	1	193	1.72e-138	390
Men-IGTΩcontig_659_1	UniRef100_A0A074Z068~K00128	36.8	193	114	3	6	193	12	201	1.08e-29	114
Men-IGTΩcontig_450_1	UniRef100_Q9JV42~K01056	99.5	192	1	0	1	192	1	192	2.86e-141	397
Men-IGTΩcontig_431_3	UniRef100_A0A1D3J5I1~K07218	95.3	192	9	0	1	192	1	192	1.11e-129	367
Men-IGTΩcontig_342_3	UniRef100_P32016~K09689	99.5	193	1	0	1	193	1	193	3.59e-136	385
Men-IGTΩcontig_33_6	UniRef100_A1KU57~K03752	100	192	0	0	1	192	1	192	4.94e-142	399
Men-IGTΩcontig_253_4	UniRef100_S6A4I3~K07084	53.3	184	86	0	8	191	5	188	6.37e-58	186
Men-IGTΩcontig_96_6	UniRef100_F0HU07~K01739	38.5	187	96	2	1	187	6	173	9.22e-34	124
Men-IGTΩcontig_359_2	UniRef100_A0A1D3I9W5~K08311	97.9	191	4	0	1	191	1	191	2.56e-148	415
Men-IGTΩcontig_196_2	UniRef100_A9M423~K02897	100	190	0	0	1	190	1	190	9.54e-130	367
Men-IGTΩcontig_122_3	UniRef100_A9M2U9~K03806	100	190	0	0	1	190	1	190	2.18e-144	404
Men-IGTΩcontig_521_1	UniRef100_Q2FUK4~K00059	43.5	177	97	2	6	179	2	178	5.05e-30	115
Men-IGTΩcontig_161_1	UniRef100_A0A0A6ZZJ6~K00281	67.4	175	55	1	14	188	2	174	6.99e-87	258
Men-IGTΩcontig_61_3	UniRef100_A0A024HHB3~K21379	44.8	181	97	2	2	182	17	194	5.07e-38	135
Men-IGTΩcontig_28_7	UniRef100_S6AB09~K08316	47.6	166	87	0	11	176	5	170	2.22e-42	146
Men-IGTΩcontig_45_4	UniRef100_Q5F774~K00759	100	188	0	0	1	188	1	188	9.96e-131	370
Men-IGTΩcontig_44_2	UniRef100_A9M3Z7~K01494	100	188	0	0	1	188	1	188	1.00e-139	392
Men-IGTΩcontig_22_2	UniRef100_C5I5P1~K19784	100	188	0	0	1	188	3	190	3.32e-134	379
Men-IGTΩcontig_436_2	UniRef100_X5EP40~K00760	100	187	0	0	1	187	1	187	1.48e-136	384
Men-IGTΩcontig_263_1	UniRef100_A0A0T7L2S4~K00995	99.5	187	1	0	1	187	1	187	4.05e-125	355
Men-IGTΩcontig_61_2	UniRef100_A9M0C2~K03273	100	187	0	0	1	187	1	187	5.16e-137	385
Men-IGTΩcontig_167_1	UniRef100_Q9K6V0~K02242	31.0	184	106	7	6	181	7	177	2.61e-13	70.9
Men-IGTΩcontig_2_7	UniRef100_X5F7K2~K05805	100	186	0	0	1	186	28	213	5.25e-129	366
Men-IGTΩcontig_26_1	UniRef100_R0U261~K03767	100	185	0	0	1	185	1	185	1.21e-125	357
Men-IGTΩcontig_1_12	UniRef100_A9M3S1~K02838	100	185	0	0	1	185	1	185	2.25e-121	346
Men-IGTΩcontig_663_1	UniRef100_A0A0G4BZP0~K03690	98.4	184	3	0	1	184	5	188	1.98e-120	343
Men-IGTΩcontig_560_2	UniRef100_A0A0U1RK02~K01246	96.7	183	6	0	1	183	1	183	1.17e-131	372
Men-IGTΩcontig_510_3	UniRef100_A0A1E7FPJ3~K03522	58.4	166	67	2	15	179	23	187	5.64e-57	183
Men-IGTΩcontig_13_10	UniRef100_X5F954~K02471	100	183	0	0	1	183	1	183	2.37e-131	371
Men-IGTΩcontig_2_6	UniRef100_A9LZR4~K07735	100	182	0	0	1	182	1	182	1.55e-131	371
Men-IGTΩcontig_191_2	UniRef100_A0A0E1I940~K02665	100	181	0	0	1	181	1	181	2.11e-124	353
Men-IGTΩcontig_4_16	UniRef100_Q7DDR9~K04095	100	181	0	0	1	181	11	191	1.14e-128	364
Men-IGTΩcontig_544_1	UniRef100_D6XVD5~K05799	33.5	167	107	3	1	167	2	164	7.21e-17	80.5
Men-IGTΩcontig_9_16	UniRef100_A9M3V4~K02931	100	179	0	0	1	179	1	179	8.97e-125	354
Men-IGTΩcontig_682_2	UniRef100_A9LZW1~K01790	100	179	0	0	1	179	1	179	9.15e-135	379
Men-IGTΩcontig_273_2	UniRef100_Q9JTU3~K01159	99.4	178	1	0	1	178	1	178	3.64e-119	340
Men-IGTΩcontig_270_4	UniRef100_W8I816~K09972	67.3	165	54	0	14	178	19	183	9.13e-71	218
Men-IGTΩcontig_120_7	UniRef100_A9M1Z3~K10026	100	179	0	0	1	179	1	179	1.68e-134	380
Men-IGTΩcontig_79_3	UniRef100_P65591~K02601	99.4	178	1	0	1	178	1	178	7.98e-123	349
Men-IGTΩcontig_67_2	UniRef100_A9M0D4~K01159	100	178	0	0	1	178	1	178	1.05e-118	338
Men-IGTΩcontig_6_5	UniRef100_A0A125WCE1~K01515	100	178	0	0	1	178	1	178	1.38e-123	351
Men-IGTΩcontig_332_3	UniRef100_Q9K0G4~K01507	100	177	0	0	1	177	1	177	8.01e-127	359
Men-IGTΩcontig_9_19	UniRef100_A9M3V1~K02933	100	177	0	0	1	177	1	177	1.96e-118	338
Men-IGTΩcontig_38_3	UniRef100_X5ELY0~K09774	94.3	176	10	0	1	176	1	176	1.41e-106	308
Men-IGTΩcontig_413_2	UniRef100_A0A0Y5MI88~K07101	100	175	0	0	1	175	1	175	4.31e-130	367
Men-IGTΩcontig_656_1	UniRef100_E8UDZ9~K00558	47.9	167	76	3	9	174	1	157	6.29e-45	151
Men-IGTΩcontig_128_2	UniRef100_A0A0U1RJK4~K06910	96.6	174	6	0	1	174	13	186	6.26e-114	327
Men-IGTΩcontig_118_4	UniRef100_E4ZCG8~K03111	98.9	174	2	0	1	174	1	174	1.62e-95	280
Men-IGTΩcontig_224_1	UniRef100_A0A0G4C0K9~K19339	98.8	173	2	0	1	173	1	173	1.02e-118	338
Men-IGTΩcontig_9_21	UniRef100_Q5F5U4~K02988	100	172	0	0	1	172	1	172	1.18e-112	323
Men-IGTΩcontig_298_2	UniRef100_A0A125WBS9~K09926	100	171	0	0	1	171	12	182	1.02e-124	353
Men-IGTΩcontig_65_3	UniRef100_A9M204~K07042	100	171	0	0	1	171	41	211	1.16e-123	352
Men-IGTΩcontig_178_1	UniRef100_A9M1U5~K00891	100	170	0	0	1	170	1	170	1.91e-117	335
Men-IGTΩcontig_172_1	UniRef100_Q9JV11~K09889	95.3	170	8	0	1	170	1	170	6.88e-111	318
Men-IGTΩcontig_24_2	UniRef100_A9M0K2~K00954	100	170	0	0	1	170	1	170	1.24e-122	348
Men-IGTΩcontig_206_2	UniRef100_A0A0Y6RPY4~K03768	100	169	0	0	1	169	1	169	1.92e-121	345
Men-IGTΩcontig_82_6	UniRef100_Q9K0K3~K02860	98.8	169	2	0	1	169	1	169	1.35e-121	345
Men-IGTΩcontig_331_1	UniRef100_A9M0P7~K07173	100	168	0	0	1	168	1	168	2.42e-119	339
Men-IGTΩcontig_330_2	UniRef100_D0WD01~K07173	98.8	168	2	0	1	168	1	168	5.72e-118	336
Men-IGTΩcontig_144_3	UniRef100_X5EP05~K21345	100	168	0	0	1	168	1	168	2.33e-117	334
Men-IGTΩcontig_11_12	UniRef100_A0A1D3EP16~K08968	100	167	0	0	1	167	1	167	5.51e-120	341
Men-IGTΩcontig_548_2	UniRef100_A0A0Y5QG98~K00484	100	166	0	0	1	166	1	166	2.53e-120	342
Men-IGTΩcontig_209_3	UniRef100_A0A1V0HEV2~K01154	40.7	167	93	4	1	167	1	161	6.41e-29	111
Men-IGTΩcontig_79_6	UniRef100_P66046~K02864	100	166	0	0	1	166	1	166	2.49e-102	296
Men-IGTΩcontig_31_9	UniRef100_F8FQH5~K01627	47.1	157	81	1	1	157	27	181	2.78e-39	137
Men-IGTΩcontig_23_2	UniRef100_A9M033~K04082	100	166	0	0	1	166	1	166	1.11e-114	327
Men-IGTΩcontig_1_6	UniRef100_A0A0A8FAF2~K06142	100	166	0	0	1	166	20	185	2.60e-106	307
Men-IGTΩcontig_289_1	UniRef100_W0PD69~K01142	58.3	168	66	1	2	165	13	180	5.63e-73	223
Men-IGTΩcontig_152_4	UniRef100_A9M346~K03558	99.4	165	1	0	1	165	1	165	1.15e-102	297
Men-IGTΩcontig_628_1	UniRef100_A0A0T7L370~K13408	100	164	0	0	1	164	1	164	6.47e-113	323
Men-IGTΩcontig_581_2	UniRef100_C6S614~K00950	98.8	164	2	0	1	164	1	164	1.85e-112	322
Men-IGTΩcontig_277_3	UniRef100_A9M1J8~K03101	100	164	0	0	1	164	1	164	7.00e-117	333
Men-IGTΩcontig_203_3	UniRef100_A0A121R400~K02067	100	164	0	0	1	164	1	164	1.71e-108	311
Men-IGTΩcontig_445_4	UniRef100_A1IPX2~K02113	100	164	0	0	1	164	1	164	5.20e-108	311
Men-IGTΩcontig_234_2	UniRef100_Q9K143~K07560	100	163	0	0	1	163	1	163	2.01e-111	319
Men-IGTΩcontig_226_2	UniRef100_A0A1D3FMP0~K01653	100	163	0	0	1	163	1	163	1.52e-106	306
Men-IGTΩcontig_152_2	UniRef100_E2PGN4~K04760	100	163	0	0	1	163	1	163	1.79e-114	327
Men-IGTΩcontig_667_2	UniRef100_Q9JYC6~K03611	98.8	162	2	0	1	162	1	162	4.23e-117	333
Men-IGTΩcontig_318_4	UniRef100_B3PET4~K03564	30.9	136	85	6	26	157	8	138	2.28e-09	59.3
Men-IGTΩcontig_149_5	UniRef100_A0A1D2A8F8~K00858	34.0	150	95	2	17	162	3	152	2.30e-23	95.9
Men-IGTΩcontig_81_4	UniRef100_A9M313~K00287	100	162	0	0	1	162	35	196	1.90e-114	328
Men-IGTΩcontig_43_3	UniRef100_A9M4D1~K09793	100	162	0	0	1	162	1	162	4.35e-101	293
Men-IGTΩcontig_258_2	UniRef100_X5ENU4~K03743	100	161	0	0	1	161	1	161	1.66e-109	314
Men-IGTΩcontig_63_2	UniRef100_A0A112F3H3~K01095	100	161	0	0	1	161	1	161	1.54e-114	327
Men-IGTΩcontig_34_6	UniRef100_A9M0F7~K01588	100	161	0	0	1	161	1	161	5.12e-104	300
Men-IGTΩcontig_498_1	UniRef100_Q9JX40~K03470	97.5	161	4	0	1	161	1	161	1.61e-105	305
Men-IGTΩcontig_386_2	UniRef100_B2JCW6~K10806	33.6	131	85	1	1	129	5	135	2.28e-16	77.0
Men-IGTΩcontig_101_3	UniRef100_A0A0E1IFS9~K03775	100	160	0	0	1	160	1	160	9.64e-113	322
Men-IGTΩcontig_71_7	UniRef100_A9M0U6~K01770	100	160	0	0	1	160	1	160	2.18e-109	313
Men-IGTΩcontig_4_3	UniRef100_B4RPI3~K00331	100	160	0	0	1	160	1	160	1.04e-116	332
Men-IGTΩcontig_317_1	UniRef100_U5T4T5~K00992	47.7	153	72	4	1	153	27	171	2.83e-35	126
Men-IGTΩcontig_223_2	UniRef100_X5F851~K03643	100	159	0	0	1	159	1	159	3.93e-107	308
Men-IGTΩcontig_87_2	UniRef100_A0A0G4C035~K03643	100	159	0	0	1	159	1	159	3.93e-107	308
Men-IGTΩcontig_59_5	UniRef100_A0A1U9ML18~K03976	37.6	149	89	3	9	154	5	152	1.30e-23	96.3
Men-IGTΩcontig_4_13	UniRef100_Q5F623~K00338	100	159	0	0	1	159	1	159	2.63e-96	280
Men-IGTΩcontig_81_3	UniRef100_A1WWH6~K01768	49.7	155	77	1	1	154	1	155	2.09e-48	159
Men-IGTΩcontig_66_4	UniRef100_A9M2W8~K00794	100	158	0	0	1	158	1	158	3.50e-105	303
Men-IGTΩcontig_26_3	UniRef100_E0N8N5~K09823	100	158	0	0	1	158	38	195	2.47e-111	320
Men-IGTΩcontig_125_3	UniRef100_A9LZ88~K03594	100	157	0	0	1	157	1	157	2.28e-105	303
Men-IGTΩcontig_83_4	UniRef100_X5FAM8~K09796	100	157	0	0	1	157	1	157	2.38e-107	308
Men-IGTΩcontig_40_7	UniRef100_A0A059B3C3~K06125	33.1	151	96	3	2	149	2	150	1.15e-17	80.9
Men-IGTΩcontig_36_6	UniRef100_A0A0G4BXK8~K09457	98.7	157	2	0	1	157	1	157	1.38e-115	329
Men-IGTΩcontig_4_7	UniRef100_A9M3D8~K00334	100	157	0	0	1	157	1	157	3.66e-111	318
Men-IGTΩcontig_445_3	UniRef100_A9M119~K02109	100	156	0	0	1	156	1	156	1.85e-74	225
Men-IGTΩcontig_80_3	UniRef100_A9M3X1~K02992	100	156	0	0	1	156	1	156	7.09e-104	299
Men-IGTΩcontig_24_5	UniRef100_A0A112QFK1~K00783	98.7	156	2	0	1	156	1	156	3.66e-106	305
Men-IGTΩcontig_15_4	UniRef100_A0A0U5BE08~K15012	30.8	169	95	2	8	154	7	175	4.59e-13	69.3
Men-IGTΩcontig_618_2	UniRef100_A9M3B4~K03216	100	154	0	0	1	154	4	157	7.62e-110	314
Men-IGTΩcontig_559_2	UniRef100_M4Z4Y6~K05847	38.1	160	89	4	1	154	1	156	2.96e-17	80.5
Men-IGTΩcontig_125_4	UniRef100_A0A1V3SRS3~K03594	100	154	0	0	1	154	1	154	2.69e-107	308
Men-IGTΩcontig_115_4	UniRef100_Q9JXZ9~K07738	90.3	154	15	0	1	154	1	154	2.57e-96	280
Men-IGTΩcontig_486_1	UniRef100_Q9JTP4~K03565	100	153	0	0	1	153	1	153	6.35e-101	291
Men-IGTΩcontig_250_2	UniRef100_R0TWH7~K02160	100	153	0	0	1	153	1	153	6.91e-80	238
Men-IGTΩcontig_194_2	UniRef100_A9M267~K06925	100	153	0	0	1	153	1	153	1.56e-110	316
Men-IGTΩcontig_28_2	UniRef100_A9M456~K03747	100	153	0	0	1	153	1	153	8.04e-104	299
Men-IGTΩcontig_679_2	UniRef100_Q9K1K9~K00610	100	152	0	0	1	152	1	152	1.69e-109	313
Men-IGTΩcontig_332_2	UniRef100_A0A121NQ39~K08310	100	152	0	0	1	152	1	152	1.24e-111	318
Men-IGTΩcontig_311_1	UniRef100_F0KL88~K03522	56.2	153	66	1	1	152	1	153	6.29e-45	150
Men-IGTΩcontig_8_8	UniRef100_A0A0G4BXW3~K07389	99.3	152	1	0	1	152	1	152	9.43e-116	329
Men-IGTΩcontig_541_2	UniRef100_A0A159Z6K8~K01814	59.2	125	49	1	1	125	1	123	9.19e-41	139
Men-IGTΩcontig_42_2	UniRef100_A9M2I5~K03925	100	151	0	0	1	151	24	174	3.60e-102	295
Men-IGTΩcontig_26_4	UniRef100_A1KU99~K01104	100	151	0	0	1	151	35	185	7.57e-111	318
Men-IGTΩcontig_2_5	UniRef100_A9LZR5~K07447	99.3	151	1	0	1	151	1	151	5.06e-106	304
Men-IGTΩcontig_183_1	UniRef100_A0A0Y5DIG8~K01520	98.0	150	3	0	1	150	1	150	8.75e-102	293
Men-IGTΩcontig_33_8	UniRef100_B8CPE9~K07689	34.8	135	88	0	3	137	2	136	1.27e-25	101
Men-IGTΩcontig_5_6	UniRef100_A9LZQ0~K02939	100	150	0	0	1	150	1	150	4.63e-88	259
Men-IGTΩcontig_581_1	UniRef100_A0A0U1RI72~K07005	98.0	149	3	0	1	149	11	159	9.41e-101	291
Men-IGTΩcontig_577_3	UniRef100_A0A160GGA5~K18991	41.0	139	78	2	5	143	12	146	5.49e-26	101
Men-IGTΩcontig_474_2	UniRef100_X5EFW8~K15977	100	149	0	0	1	149	1	149	4.35e-106	304
Men-IGTΩcontig_302_1	UniRef100_A0A1S0TNF2~K14640	40.1	147	84	3	3	146	17	162	5.06e-28	107
Men-IGTΩcontig_88_6	UniRef100_A0A1V0HBE1~K02655	54.4	147	65	2	5	149	7	153	8.27e-50	162
Men-IGTΩcontig_48_4	UniRef100_X5EMD0~K09943	100	149	0	0	1	149	1	149	5.92e-95	276
Men-IGTΩcontig_40_6	UniRef100_X5EI83~K02806	98.7	149	2	0	1	149	1	149	7.20e-96	278
Men-IGTΩcontig_1_4	UniRef100_Q5F5W5~K02372	100	149	0	0	1	149	1	149	1.99e-102	295
Men-IGTΩcontig_551_1	UniRef100_A0A1W6N5E2~K03699	31.1	148	96	4	3	147	16	160	3.16e-15	74.3
Men-IGTΩcontig_292_3	UniRef100_A9M449~K10806	100	148	0	0	1	148	1	148	3.32e-105	302
Men-IGTΩcontig_272_2	UniRef100_A9M0W1~K03664	100	148	0	0	1	148	1	148	1.30e-102	295
Men-IGTΩcontig_270_2	UniRef100_X5EI43~K19168	98.6	146	2	0	1	146	1	146	2.08e-99	287
Men-IGTΩcontig_41_2	UniRef100_A9M104~K09117	100	148	0	0	1	148	33	180	1.55e-76	231
Men-IGTΩcontig_23_9	UniRef100_P0A0Z0~K13643	100	148	0	0	1	148	1	148	1.25e-100	290
Men-IGTΩcontig_134_3	UniRef100_A9M2G0~K13771	100	147	0	0	1	147	1	147	4.21e-103	296
Men-IGTΩcontig_665_2	UniRef100_A9MLG8~K00090	34.8	141	89	2	7	146	20	158	1.24e-18	83.2
Men-IGTΩcontig_555_1	UniRef100_A0A157WQ57~K11073	35.8	120	77	0	27	146	3	122	1.23e-18	82.0
Men-IGTΩcontig_404_2	UniRef100_A1KT13~K03564	100	146	0	0	1	146	22	167	1.69e-104	301
Men-IGTΩcontig_103_3	UniRef100_A9M1F8~K03789	100	146	0	0	1	146	1	146	9.20e-102	293
Men-IGTΩcontig_62_7	UniRef100_A9M171~K02339	100	146	0	0	1	146	1	146	2.85e-105	302
Men-IGTΩcontig_38_1	UniRef100_A9M2N7~K03270	100	146	0	0	1	146	12	157	2.82e-103	297
Men-IGTΩcontig_20_6	UniRef100_A9M1F8~K03789	94.5	146	8	0	1	146	1	146	1.36e-94	275
Men-IGTΩcontig_558_2	UniRef100_Q0SLL9~K01243	33.3	138	84	2	12	141	1	138	3.66e-18	81.6
Men-IGTΩcontig_531_1	UniRef100_A0A1B2H556~K01662	49.0	145	74	0	2	146	8	152	1.91e-37	131
Men-IGTΩcontig_225_4	UniRef100_A0A1S3XTW9~K02434	36.1	122	77	1	23	144	1	121	8.10e-17	77.4
Men-IGTΩcontig_623_1	UniRef100_F8E7E7~K02003	37.3	126	75	2	5	130	1	122	5.87e-23	93.2
Men-IGTΩcontig_591_2	UniRef100_A9LZS1~K02650	75.2	129	27	1	1	129	1	124	9.34e-63	194
Men-IGTΩcontig_232_4	UniRef100_P0A0R8~K03559	100	144	0	0	1	144	1	144	3.21e-92	269
Men-IGTΩcontig_79_4	UniRef100_A9M3X8~K02867	100	144	0	0	1	144	1	144	4.07e-95	276
Men-IGTΩcontig_619_2	UniRef100_A9M087~K02871	100	143	0	0	1	143	1	143	1.04e-101	293
Men-IGTΩcontig_618_1	UniRef100_A6VM75~K03642	46.4	140	71	3	8	143	8	147	1.55e-32	118
Men-IGTΩcontig_317_2	UniRef100_A0A0Y5QFK6~K08978	100	143	0	0	1	143	1	143	3.23e-96	279
Men-IGTΩcontig_81_2	UniRef100_A9M311~K08973	100	142	0	0	1	142	1	142	5.60e-101	291
Men-IGTΩcontig_66_5	UniRef100_A9M2W7~K03625	100	141	0	0	1	141	1	141	6.82e-97	280
Men-IGTΩcontig_3_4	UniRef100_P65532~K00940	100	141	0	0	1	141	1	141	7.66e-94	273
Men-IGTΩcontig_648_1	UniRef100_A9M124~K02114	100	140	0	0	1	140	1	140	1.43e-84	249
Men-IGTΩcontig_283_3	UniRef100_C6S4R2~K07458	99.3	140	1	0	1	140	1	140	4.82e-101	291
Men-IGTΩcontig_120_5	UniRef100_A0A1V3SQ67~K01737	100	140	0	0	1	140	1	140	7.39e-105	300
Men-IGTΩcontig_62_3	UniRef100_A0A0Y6H1P8~K07397	100	140	0	0	1	140	1	140	4.28e-95	276
Men-IGTΩcontig_185_1	UniRef100_A0A290TAT4~K01866	49.3	134	67	1	1	134	1	133	1.21e-40	138
Men-IGTΩcontig_150_1	UniRef100_A0A290TAT4~K01866	50.0	134	66	1	1	134	1	133	1.48e-41	140
Men-IGTΩcontig_677_1	UniRef100_P0A0T2~K01759	100	138	0	0	1	138	1	138	2.80e-99	286
Men-IGTΩcontig_136_1	UniRef100_A0A112QC27~K06204	100	138	0	0	1	138	1	138	5.03e-93	270
Men-IGTΩcontig_287_4	UniRef100_W2SZW9~K00235	54.7	128	57	1	6	132	1	128	4.39e-51	164
Men-IGTΩcontig_678_1	UniRef100_W8RUL9~K02836	60.2	133	51	2	5	136	1	132	8.58e-49	159
Men-IGTΩcontig_509_2	UniRef100_E4ZFE0~K09923	97.1	136	4	0	1	136	1	136	7.49e-94	272
Men-IGTΩcontig_268_2	UniRef100_A0A0Y6TVT8~K09923	100	136	0	0	1	136	1	136	8.09e-98	282
Men-IGTΩcontig_203_1	UniRef100_F8H064~K10010	34.5	119	72	2	1	114	6	123	9.09e-17	77.0
Men-IGTΩcontig_22_8	UniRef100_Q9JVU8~K03071	100	137	0	0	1	137	1	137	1.09e-93	272
Men-IGTΩcontig_91_4	UniRef100_F8CJU9~K01939	62.3	122	46	0	4	125	3	124	2.46e-45	149
Men-IGTΩcontig_3_8	UniRef100_A0A0B0QCJ3~K21745	31.5	111	75	1	6	115	4	114	1.02e-16	77.0
Men-IGTΩcontig_576_3	UniRef100_A9M376~K02520	100	134	0	0	1	134	3	136	6.13e-88	257
Men-IGTΩcontig_37_7	UniRef100_A0A0U2WBK6~K02016	48.8	129	63	3	1	128	5	131	5.15e-33	118
Men-IGTΩcontig_7_10	UniRef100_A9M035~K07488	97.0	134	4	0	1	134	1	134	8.14e-88	257
Men-IGTΩcontig_165_3	UniRef100_E0ND23~K15977	100	132	0	0	1	132	10	141	2.24e-86	253
Men-IGTΩcontig_186_3	UniRef100_A1KSN5~K01496	100	131	0	0	1	131	1	131	4.23e-93	270
Men-IGTΩcontig_25_2	UniRef100_Q5F5V0~K02948	100	131	0	0	1	131	1	131	7.60e-87	254
Men-IGTΩcontig_508_1	UniRef100_X5F858~K11105	100	130	0	0	1	130	7	136	8.98e-89	259
Men-IGTΩcontig_9_18	UniRef100_Q5F5U1~K02994	100	130	0	0	1	130	1	130	3.93e-84	247
Men-IGTΩcontig_137_2	UniRef100_A0A0U1RHW4~K06992	69.9	123	37	0	1	123	10	132	2.31e-57	180
Men-IGTΩcontig_135_1	UniRef100_A4J251~K09022	53.1	128	59	1	1	128	1	127	9.75e-38	130
Men-IGTΩcontig_347_2	UniRef100_A9M2B7~K02437	100	128	0	0	1	128	1	128	7.39e-88	256
Men-IGTΩcontig_208_1	UniRef100_F0LQW5~K03183	58.7	126	50	1	6	129	18	143	6.43e-46	151
Men-IGTΩcontig_24_6	UniRef100_A0A0Y6S9H9~K09710	100	128	0	0	1	128	1	128	1.05e-87	256
Men-IGTΩcontig_23_5	UniRef100_A0A1D3FNH9~K04488	100	128	0	0	1	128	1	128	1.05e-87	256
Men-IGTΩcontig_318_3	UniRef100_X5F4J8~K12500	100	127	0	0	1	127	1	127	1.56e-84	248
Men-IGTΩcontig_658_2	UniRef100_G3ALB4~K00851	43.2	132	65	3	3	125	4	134	2.64e-23	93.6
Men-IGTΩcontig_346_3	UniRef100_A0A0G4BYQ0~K07488	99.2	125	1	0	1	125	1	125	1.98e-86	253
Men-IGTΩcontig_230_2	UniRef100_A0A0A8F2F8~K00241	100	125	0	0	1	125	17	141	7.36e-81	239
Men-IGTΩcontig_605_2	UniRef100_M4RSP9~K13288	52.5	120	57	0	6	125	7	126	7.11e-43	143
Men-IGTΩcontig_197_2	UniRef100_R7XB91~K00537	51.8	114	54	1	2	115	3	115	6.73e-32	114
Men-IGTΩcontig_81_8	UniRef100_A0A0G4BYV3~K07488	97.6	124	3	0	1	124	1	124	5.57e-82	241
Men-IGTΩcontig_120_6	UniRef100_X5EQ38~K08987	97.6	123	3	0	1	123	1	123	8.45e-78	231
Men-IGTΩcontig_93_4	UniRef100_A9M021~K02834	100	123	0	0	1	123	1	123	1.52e-80	238
Men-IGTΩcontig_80_4	UniRef100_A9M3X2~K02950	100	123	0	0	1	123	1	123	1.99e-85	250
Men-IGTΩcontig_79_7	UniRef100_A9M3X5~K02935	100	123	0	0	1	123	1	123	6.42e-73	218
Men-IGTΩcontig_656_2	UniRef100_A0A0D6J7Q6~K01704	49.1	112	53	2	1	112	6	113	1.43e-26	101
Men-IGTΩcontig_208_2	UniRef100_Q48PI6~K01814	50.9	116	54	2	1	115	15	128	5.42e-33	118
Men-IGTΩcontig_25_5	UniRef100_A9M3T9~K02879	100	122	0	0	1	122	1	122	1.16e-79	235
Men-IGTΩcontig_9_14	UniRef100_A9M3V6~K02874	100	122	0	0	1	122	1	122	1.41e-80	238
Men-IGTΩcontig_5_4	UniRef100_A9LZQ3~K02990	100	122	0	0	1	122	1	122	6.21e-84	246
Men-IGTΩcontig_671_1	UniRef100_R7XB91~K00537	50.9	114	55	1	6	119	3	115	8.54e-32	114
Men-IGTΩcontig_180_4	UniRef100_A9M2D0~K02884	100	121	0	0	1	121	1	121	4.22e-77	229
Men-IGTΩcontig_82_4	UniRef100_A0A0Y5GXX8~K02884	100	121	0	0	1	121	1	121	2.44e-76	227
Men-IGTΩcontig_59_6	UniRef100_A0A1Z3CL52~K09022	37.3	110	61	2	12	114	20	128	1.76e-15	73.2
Men-IGTΩcontig_25_1	UniRef100_Q5F5U9~K02952	100	120	0	0	1	120	1	120	1.42e-79	235
Men-IGTΩcontig_641_2	UniRef100_A0A1C3S9L3~K19425	41.2	119	64	3	4	117	6	123	1.76e-24	96.7
Men-IGTΩcontig_641_1	UniRef100_A6RFL7~K01497	42.3	130	56	4	7	117	14	143	1.90e-23	94.0
Men-IGTΩcontig_561_2	UniRef100_A0A1D3ID88~K07131	100	119	0	0	1	119	1	119	8.26e-74	220
Men-IGTΩcontig_398_2	UniRef100_D4DUC2~K07481	92.4	119	5	1	1	119	1	115	8.13e-76	226
Men-IGTΩcontig_154_2	UniRef100_A0A0G4C161~K03972	100	119	0	0	1	119	1	119	2.28e-80	237
Men-IGTΩcontig_6_3	UniRef100_A9LYY6~K06199	100	119	0	0	1	119	1	119	1.04e-76	228
Men-IGTΩcontig_6_6	UniRef100_A0A0Y5VQM2~K01633	100	118	0	0	1	118	1	118	4.27e-80	236
Men-IGTΩcontig_4_2	UniRef100_A0A1D3EDI8~K00330	100	118	0	0	1	118	1	118	4.27e-80	236
Men-IGTΩcontig_39_6	UniRef100_P63621~K00537	100	117	0	0	1	117	1	117	4.64e-79	233
Men-IGTΩcontig_9_20	UniRef100_Q5F5U3~K02881	100	117	0	0	1	117	1	117	1.96e-71	214
Men-IGTΩcontig_11_10	UniRef100_A0A1D3HMT6~K03075	100	116	0	0	1	116	1	116	5.42e-64	195
Men-IGTΩcontig_482_3	UniRef100_A9M478~K07460	100	115	0	0	1	115	1	115	1.45e-81	239
Men-IGTΩcontig_230_3	UniRef100_A0A0D9LHK2~K00242	98.2	113	2	0	1	113	1	113	6.70e-77	228
Men-IGTΩcontig_106_3	UniRef100_E0N9T4~K06891	99.1	112	1	0	1	112	1	112	1.21e-74	222
Men-IGTΩcontig_41_1	UniRef100_A0A121SBX7~K03600	100	112	0	0	1	112	19	130	2.87e-79	234
Men-IGTΩcontig_37_2	UniRef100_A0A0G4BXZ5~K04751	100	112	0	0	1	112	1	112	2.75e-71	213
Men-IGTΩcontig_21_2	UniRef100_A0A0G4BXZ5~K04751	100	112	0	0	1	112	1	112	2.75e-71	213
Men-IGTΩcontig_373_1	UniRef100_A9M0G3~K09747	100	111	0	0	1	111	1	111	6.02e-70	210
Men-IGTΩcontig_263_3	UniRef100_A0A223XF09~K01607	34.7	101	65	1	5	104	3	103	4.42e-06	48.1
Men-IGTΩcontig_610_2	UniRef100_X5EK27~K03671	100	110	0	0	1	110	20	129	4.76e-75	223
Men-IGTΩcontig_619_1	UniRef100_A9M088~K02996	100	110	0	0	1	110	1	110	2.63e-72	216
Men-IGTΩcontig_614_1	UniRef100_A0A140NSD8~K01876	50.5	97	48	0	1	97	1	97	1.16e-27	103
Men-IGTΩcontig_399_3	UniRef100_P56989~K01802	100	109	0	0	1	109	1	109	2.03e-76	226
Men-IGTΩcontig_85_3	UniRef100_A9LZT6~K06193	100	109	0	0	1	109	1	109	2.89e-76	226
Men-IGTΩcontig_9_9	UniRef100_Q5F5T2~K02890	100	109	0	0	1	109	1	109	2.20e-71	213
Men-IGTΩcontig_402_1	UniRef100_Q9JVJ9~K01523	100	107	0	0	1	107	1	107	1.24e-67	204
Men-IGTΩcontig_213_3	UniRef100_A0A1B1ZCQ1~K06202	99.1	107	1	0	1	107	1	107	1.97e-73	218
Men-IGTΩcontig_112_8	UniRef100_A0A069AS05~K02503	100	107	0	0	1	107	1	107	2.91e-75	223
Men-IGTΩcontig_9_15	UniRef100_A9M3V5~K02895	100	107	0	0	1	107	1	107	4.49e-70	210
Men-IGTΩcontig_441_2	UniRef100_A0A193LCU1~K13634	47.9	94	49	0	1	94	1	94	8.43e-24	93.2
Men-IGTΩcontig_431_1	UniRef100_A9M2B9~K19339	100	106	0	0	1	106	5	110	1.72e-72	216
Men-IGTΩcontig_368_1	UniRef100_X5EPF5~K09781	100	106	0	0	1	106	23	128	2.17e-72	216
Men-IGTΩcontig_23_4	UniRef100_E0N888~K13628	100	106	0	0	1	106	21	126	1.81e-75	224
Men-IGTΩcontig_23_1	UniRef100_R4LQU8~K02469	56.1	107	44	2	1	106	1	105	7.16e-35	121
Men-IGTΩcontig_9_6	UniRef100_A0A1V3SSF0~K02892	100	104	0	0	1	104	3	106	1.90e-61	188
Men-IGTΩcontig_3_9	UniRef100_P0A0U3~K05788	100	104	0	0	1	104	1	104	5.98e-69	207
Men-IGTΩcontig_11_8	UniRef100_A0A1D3EQ68~K07726	100	103	0	0	1	103	1	103	4.58e-68	204
Men-IGTΩcontig_9_2	UniRef100_Q5F5S5~K02946	100	103	0	0	1	103	1	103	3.77e-67	202
Men-IGTΩcontig_4_10	UniRef100_A9M3D6~K07461	100	103	0	0	1	103	1	103	1.79e-74	221
Men-IGTΩcontig_130_4	UniRef100_C9X1G7~K09951	100	102	0	0	1	102	7	108	1.73e-66	201
Men-IGTΩcontig_51_7	UniRef100_Q9JRF6~K02888	100	102	0	0	1	102	1	102	2.77e-64	195
Men-IGTΩcontig_490_1	UniRef100_X5F466~K09888	100	101	0	0	1	101	1	101	1.28e-64	196
Men-IGTΩcontig_9_17	UniRef100_Q5F5U0~K02954	100	101	0	0	1	101	1	101	1.23e-62	191
Men-IGTΩcontig_4_15	UniRef100_A9M3D1~K00340	100	101	0	0	1	101	1	101	9.73e-60	183
Men-IGTΩcontig_374_2	UniRef100_A9M383~K04764	100	100	0	0	1	100	1	100	2.05e-65	197
Men-IGTΩcontig_634_2	UniRef100_C6S7I8~K02435	97.9	96	2	0	1	96	1	96	3.23e-58	179
Men-IGTΩcontig_246_2	UniRef100_Q9JWA3~K04078	100	96	0	0	1	96	1	96	1.17e-60	185
Men-IGTΩcontig_31_5	UniRef100_A0A0Y5J647~K11107	100	96	0	0	1	96	1	96	9.55e-69	206
Men-IGTΩcontig_249_4	UniRef100_A0A112E2Y6~K09803	100	95	0	0	1	95	1	95	6.79e-64	193
Men-IGTΩcontig_54_6	UniRef100_A0A112M919~K03623	100	95	0	0	1	95	1	95	6.79e-64	193
Men-IGTΩcontig_96_4	UniRef100_E3D3F8~K07574	100	94	0	0	1	94	13	106	3.75e-63	192
Men-IGTΩcontig_415_2	UniRef100_A0A0Y5A9B1~K05527	100	92	0	0	1	92	1	92	1.24e-60	185
Men-IGTΩcontig_203_5	UniRef100_X5EPH3~K07122	100	92	0	0	1	92	1	92	1.45e-59	182
Men-IGTΩcontig_79_2	UniRef100_A0A0Y5E1H6~K03073	100	92	0	0	1	92	1	92	4.17e-59	181
Men-IGTΩcontig_31_6	UniRef100_Q5F8Z3~K05589	100	92	0	0	1	92	1	92	1.24e-60	185
Men-IGTΩcontig_9_8	UniRef100_A9M3W2~K02965	100	92	0	0	1	92	1	92	8.74e-61	185
Men-IGTΩcontig_612_2	UniRef100_Q9JZQ4~K02909	100	91	0	0	1	91	1	91	5.07e-64	193
Men-IGTΩcontig_380_2	UniRef100_A1KVS3~K07461	100	91	0	0	1	91	1	91	4.71e-60	183
Men-IGTΩcontig_113_3	UniRef100_A1KW01~K09858	91.2	91	8	0	1	91	1	91	9.87e-62	187
Men-IGTΩcontig_58_3	UniRef100_P67536~K09158	100	91	0	0	1	91	1	91	3.32e-60	184
Men-IGTΩcontig_51_8	UniRef100_A9M2Z6~K02899	100	90	0	0	1	90	1	90	3.61e-59	181
Men-IGTΩcontig_18_5	UniRef100_A9M2H6~K07126	100	90	0	0	1	90	1	90	4.38e-60	183
Men-IGTΩcontig_25_9	UniRef100_A9M3T6~K03608	100	87	0	0	1	87	1	87	5.25e-53	165
Men-IGTΩcontig_9_13	UniRef100_A9M3V7~K02961	100	87	0	0	1	87	1	87	1.10e-54	169
Men-IGTΩcontig_546_3	UniRef100_U5UFZ5~K00657	71.8	78	20	1	1	78	1	76	3.33e-31	110
Men-IGTΩcontig_92_1	UniRef100_C6S8W8~K08992	91.9	86	7	0	1	86	1	86	9.85e-45	145
Men-IGTΩcontig_22_7	UniRef100_Q9JVU9~K03676	100	85	0	0	1	85	1	85	3.57e-59	181
Men-IGTΩcontig_28_8	UniRef100_Q7MQY2~K05337	53.2	79	37	0	1	79	1	79	2.35e-27	100
Men-IGTΩcontig_399_2	UniRef100_B4RPJ8~K02650	66.7	72	21	1	1	69	1	72	4.70e-25	94.4
Men-IGTΩcontig_287_3	UniRef100_A0A0E1IBU4~K09159	100	82	0	0	1	82	1	82	8.67e-52	162
Men-IGTΩcontig_82_7	UniRef100_A9M2D3~K02959	100	81	0	0	1	81	1	81	1.15e-51	161
Men-IGTΩcontig_415_1	UniRef100_X5FBP7~K09780	100	80	0	0	1	80	17	96	3.49e-51	160
Men-IGTΩcontig_273_3	UniRef100_P64130~K03557	100	79	0	0	1	79	1	79	2.53e-54	168
Men-IGTΩcontig_67_3	UniRef100_P64130~K03557	100	79	0	0	1	79	1	79	2.53e-54	168
Men-IGTΩcontig_445_2	UniRef100_A0A1D3EM65~K02110	100	78	0	0	1	78	1	78	3.14e-41	135
Men-IGTΩcontig_352_1	UniRef100_A9M3G2~K02078	100	78	0	0	1	78	1	78	4.99e-47	149
Men-IGTΩcontig_36_3	UniRef100_Q5F682~K02902	100	77	0	0	1	77	1	77	1.38e-48	153
Men-IGTΩcontig_5_5	UniRef100_Q5F923~K02963	100	76	0	0	1	76	1	76	2.14e-47	150
Men-IGTΩcontig_290_4	UniRef100_A9M3C1~K03602	100	74	0	0	1	74	14	87	2.95e-42	137
Men-IGTΩcontig_253_3	UniRef100_A9M081~K03745	100	74	0	0	1	74	1	74	4.96e-43	139
Men-IGTΩcontig_66_7	UniRef100_G8QKN9~K04085	63.8	69	25	0	6	74	7	75	2.43e-23	89.7
Men-IGTΩcontig_23_3	UniRef100_X5FA37~K09890	100	73	0	0	1	73	1	73	4.25e-48	152
Men-IGTΩcontig_6_10	UniRef100_X5F6P5~K09794	100	72	0	0	1	72	1	72	5.23e-44	141
Men-IGTΩcontig_184_4	UniRef100_A0A0A8F8T9~K05952	100	71	0	0	1	71	16	86	6.44e-45	144
Men-IGTΩcontig_41_3	UniRef100_Q5F506~K02970	100	70	0	0	1	70	1	70	4.95e-39	129
Men-IGTΩcontig_26_8	UniRef100_A0A0E0TQU5~K07213	100	70	0	0	1	70	2	71	7.78e-43	138
Men-IGTΩcontig_51_3	UniRef100_A9M2Z1~K09862	100	69	0	0	1	69	1	69	3.75e-47	149
Men-IGTΩcontig_45_6	UniRef100_A9M1N1~K03060	100	68	0	0	1	68	1	68	9.35e-43	138
Men-IGTΩcontig_398_3	UniRef100_C2FFV8~K11085	47.7	65	33	1	1	65	13	76	4.49e-13	63.5
Men-IGTΩcontig_112_7	UniRef100_Q5FA49~K03116	100	67	0	0	1	67	1	67	5.71e-39	128
Men-IGTΩcontig_106_2	UniRef100_A0A0A8F811~K03704	100	67	0	0	1	67	14	80	9.20e-45	143
Men-IGTΩcontig_73_6	UniRef100_A9M4G0~K07491	100	67	0	0	1	67	1	67	9.03e-45	143
Men-IGTΩcontig_52_6	UniRef100_X5EPJ1~K02192	100	66	0	0	1	66	1	66	1.35e-41	135
Men-IGTΩcontig_576_2	UniRef100_Q5F9U2~K02916	100	65	0	0	1	65	1	65	1.18e-37	125
Men-IGTΩcontig_262_3	UniRef100_X5EMN3~K03154	98.4	64	1	0	1	64	1	64	1.10e-37	125
Men-IGTΩcontig_431_4	UniRef100_A0A0A0N6M8~K01990	46.4	56	30	0	6	61	2	57	2.14e-09	53.5
Men-IGTΩcontig_9_12	UniRef100_Q5F5T5~K02904	100	63	0	0	1	63	1	63	4.03e-35	118
Men-IGTΩcontig_9_22	UniRef100_A9M3U8~K02907	100	61	0	0	1	61	1	61	1.22e-35	119
Men-IGTΩcontig_413_1	UniRef100_A9M148~K02911	100	59	0	0	2	60	1	59	2.33e-37	124
Men-IGTΩcontig_47_6	UniRef100_A9M2V6~K09791	100	60	0	0	1	60	1	60	1.44e-38	127
Men-IGTΩcontig_111_9	UniRef100_W0Q4D5~K09946	62.5	56	21	0	1	56	1	56	2.21e-21	83.6
Men-IGTΩcontig_46_6	UniRef100_A0A175ACE0~K05297	63.8	47	17	0	3	49	2	48	2.29e-17	73.2
Men-IGTΩcontig_514_2	UniRef100_M4S704~K01775	42.1	57	31	2	1	55	1	57	1.49e-07	48.5
Men-IGTΩcontig_36_2	UniRef100_A9M2Z9~K02913	100	51	0	0	1	51	1	51	1.61e-29	103
Men-IGTΩcontig_570_2	UniRef100_A0A0E1ICB1~K00407	100	47	0	0	1	47	10	56	7.07e-26	94.4
Men-IGTΩcontig_612_1	UniRef100_A9M4E0~K02919	100	41	0	0	1	41	1	41	2.11e-21	82.4
